A,B,C
271,835,1106
812,864,1676
792,356,1105
443,136,579
833,501,1334
463,212,675
366,214,580
759,760,1519
327,181,508
278,560,838
658,730,1388
787,262,1049
741,629,1370
179,663,842
675,777,1452
194,230,424
202,666,868
41,423,464
81,116,197
543,445,988
9,894,903
160,242,402
390,445,835
309,894,1203
955,957,1912
764,258,1022
86,859,945
253,32,285
963,651,1614
112,899,1011
141,617,758
830,100,930
855,951,1806
603,293,896
290,477,728
736,520,1256
336,439,775
482,435,917
100,723,803
827,985,1796
380,813,1193
837,213,1050
283,168,404
846,724,1570
329,304,633
573,72,645
472,874,1346
297,47,344
940,722,1662
430,807,1237
364,448,812
851,820,1671
627,624,1251
148,260,408
577,464,1059
445,729,1174
447,93,540
319,421,740
448,191,639
58,334,392
581,460,1041
235,985,1235
33,357,390
799,51,850
510,475,985
207,403,610
358,685,1043
775,212,987
429,376,805
471,710,1181
788,615,1403
613,37,650
822,473,1295
897,337,1234
840,977,1817
718,666,1384
14,818,817
514,488,1002
519,396,892
306,16,322
795,60,852
71,346,416
45,915,960
479,868,1347
305,691,996
734,559,1293
168,947,1138
920,831,1751
447,367,814
937,367,1304
873,111,984
604,508,1112
586,442,1028
520,873,1393
173,959,1132
737,950,1687
433,949,1382
824,912,1736
38,866,904
152,182,334
920,443,1363
522,481,1003
896,508,1404
918,386,1304
802,95,897
370,724,1081
741,510,1251
330,24,354
345,81,426
846,128,974
441,284,725
8,101,109
269,189,458
885,857,1742
365,831,1196
496,808,1304
311,88,399
828,95,923
793,207,1000
655,250,905
729,35,764
239,48,287
226,758,984
554,954,1508
863,164,1027
241,445,686
568,120,688
924,887,1811
415,744,1159
838,857,1695
13,415,428
739,527,1266
81,623,704
96,862,958
704,922,1664
455,682,1137
442,17,459
214,213,427
849,524,1373
447,581,1068
134,520,654
987,780,1784
917,456,1373
831,698,1529
749,423,1172
352,219,571
549,624,1173
179,2,181
934,64,973
704,48,752
71,289,360
264,286,547
127,604,731
880,655,1535
172,745,917
651,444,1095
753,244,1018
710,39,749
115,895,1010
687,989,1676
635,282,917
326,164,490
89,488,577
51,551,602
277,842,1119
165,246,411
660,784,1444
769,495,1264
567,387,954
940,976,1929
110,834,944
555,829,1419
637,339,976
159,1,160
483,723,1206
840,316,1156
485,428,913
222,300,522
905,987,1892
742,650,1392
916,382,1299
934,55,989
113,636,749
283,140,381
261,433,694
247,597,844
584,967,1551
364,721,1085
960,959,1931
400,241,641
107,397,504
792,638,1430
936,142,1078
597,822,1419
859,364,1249
800,314,1114
735,29,780
636,112,748
118,516,634
488,208,696
837,631,1468
607,642,1249
396,837,1219
602,800,1402
539,38,577
289,398,687
919,97,1016
664,631,1295
20,641,661
16,103,119
989,517,1506
382,582,977
846,436,1282
973,65,1038
469,903,1372
656,462,1118
525,975,1500
714,609,1323
663,606,1269
734,40,774
666,932,1598
35,293,328
415,423,838
779,232,1011
580,667,1247
285,498,783
817,477,1294
32,752,784
708,580,1288
203,844,1047
390,963,1353
191,395,586
396,858,1295
137,643,780
310,320,630
422,555,977
940,97,1037
879,581,1460
401,794,1195
271,307,578
375,356,731
693,597,1285
973,594,1567
847,879,1726
556,717,1273
801,904,1705
776,421,1197
802,920,1722
935,822,1757
405,983,1388
372,24,396
336,765,1101
290,778,1068
106,958,1064
280,600,880
378,728,1106
127,653,780
793,547,1340
221,295,516
556,742,1313
581,542,1123
9,413,422
33,384,417
444,717,1161
804,230,1034
816,657,1473
570,306,836
561,703,1264
43,264,307
26,193,219
780,500,1280
809,960,1769
713,848,1561
947,296,1243
359,511,870
240,354,594
972,67,1039
60,7,67
267,436,703
743,585,1328
12,446,458
39,811,850
866,476,1342
383,13,396
897,986,1883
87,384,471
594,240,834
160,312,472
504,308,812
176,867,1043
557,965,1522
29,488,517
157,329,486
500,296,796
981,40,1017
726,540,1258
169,467,636
998,805,1803
399,573,972
256,462,718
686,688,1374
242,453,695
623,398,1021
638,562,1200
649,925,1574
948,486,1434
772,163,935
967,629,1596
664,106,770
304,561,865
179,564,743
857,682,1539
406,778,1184
468,492,960
65,378,443
892,287,1179
165,382,547
189,649,838
899,419,1318
613,606,1219
58,426,484
416,349,765
994,525,1519
578,668,1246
138,809,947
557,620,1177
618,452,1070
991,186,1177
509,18,577
359,57,416
93,90,183
721,426,1147
548,206,754
904,29,933
725,11,736
406,204,610
332,474,806
789,764,1553
989,518,1507
736,811,1547
980,130,1110
838,155,993
424,478,902
37,653,690
13,852,865
969,701,1670
340,578,918
895,220,1115
962,234,1196
404,350,754
896,72,968
876,93,969
993,786,1779
481,465,946
648,379,1027
324,47,371
856,533,1389
799,553,1352
233,40,262
145,376,521
288,850,1138
786,79,865
452,562,1014
463,171,634
466,591,1045
835,498,1354
494,983,1477
155,6,161
436,708,1144
367,342,709
249,733,982
651,159,834
772,39,811
574,256,830
517,459,976
645,16,661
475,620,1095
56,2,58
471,534,1005
392,661,1053
336,914,1250
113,498,611
859,668,1527
54,773,827
245,45,290
695,85,780
451,195,646
978,309,1287
709,44,753
424,336,775
356,227,583
697,421,1139
132,269,401
514,628,1142
747,154,901
127,495,622
959,264,1223
777,603,1380
786,968,1754
798,475,1273
989,125,1114
347,976,1323
397,816,1213
903,247,1150
339,49,388
640,111,751
168,133,301
926,669,1595
717,791,1508
233,683,916
767,503,1270
68,643,711
535,993,1528
484,364,848
872,432,1304
535,137,672
730,78,808
671,204,875
396,721,1117
485,184,669
272,917,1239
234,540,774
37,6,43
127,12,139
701,112,813
130,443,573
429,150,579
232,165,397
905,677,1582
264,89,353
88,555,643
192,637,829
796,72,868
664,192,856
148,171,319
819,543,1363
856,697,1553
595,182,777
255,165,420
673,524,1197
263,379,642
183,746,891
875,726,1601
60,887,947
783,411,1194
949,489,1438
265,997,1262
325,906,1231
598,506,1104
397,156,553
216,826,1042
79,636,715
798,886,1647
380,59,439
994,885,1879
11,458,469
617,309,926
393,234,627
21,527,548
192,738,930
292,378,670
31,642,673
354,2,356
854,222,1076
315,465,780
452,306,758
135,597,732
930,573,1476
619,930,1505
583,640,1223
624,124,748
104,783,887
188,980,1168
471,986,1457
59,756,815
901,262,1163
765,517,1282
756,210,966
804,55,864
483,331,814
66,940,1006
332,312,644
202,312,514
1,677,678
995,749,1724
928,652,1580
344,426,770
124,276,400
904,165,1069
958,248,1206
165,548,713
255,213,468
265,349,614
622,596,1218
182,639,821
843,253,1096
223,83,306
298,102,400
43,222,265
350,798,1148
215,312,527
634,739,1373
697,468,1165
39,950,989
784,437,1221
954,327,1281
5,24,29
538,308,846
677,901,1578
45,645,690
142,960,1102
89,460,549
92,737,829
488,495,983
662,693,1355
352,702,1054
626,605,1231
594,859,1453
722,902,1624
610,480,1090
428,656,1084
421,868,1289
707,959,1666
612,165,777
259,9,268
405,845,1250
820,681,1501
23,994,1017
647,109,756
464,412,876
946,64,1010
995,892,1845
654,412,1066
65,223,324
68,689,746
320,218,538
429,750,1179
796,45,841
882,678,1560
717,578,1295
845,351,1196
33,256,289
222,687,909
212,569,781
476,869,1345
360,832,1192
352,173,525
500,345,845
701,393,1094
342,765,1107
34,450,484
766,46,812
811,667,1478
634,391,1025
588,636,1224
231,620,851
467,3,470
846,936,1782
23,484,507
401,980,1381
786,256,1028
158,1000,1158
718,281,1045
935,204,1139
963,282,1245
822,456,1278
348,35,383
705,177,882
733,183,916
371,909,1280
683,401,1084
881,533,1414
286,478,759
255,374,629
216,699,915
513,84,597
891,467,1358
504,412,916
762,628,1353
927,899,1826
347,43,390
367,235,602
450,549,999
975,848,1823
424,773,1197
605,960,1565
48,516,564
923,491,1414
139,114,253
479,842,1321
234,953,1187
715,651,1366
616,259,875
519,840,1359
380,786,1166
461,125,586
669,486,1133
226,797,1023
875,14,889
342,387,729
358,464,822
63,635,698
490,463,953
14,453,467
666,365,1031
934,354,1288
673,412,1085
124,135,259
411,785,1196
776,601,1377
243,213,456
567,966,1533
633,631,1264
640,330,970
364,675,1039
529,613,1142
402,801,1172
172,547,719
542,885,1427
346,71,417
485,886,1371
351,247,598
905,431,1336
590,686,1271
398,679,1037
749,614,1363
227,204,431
64,998,1062
4,735,739
313,564,877
255,639,894
24,161,185
111,925,1036
503,472,975
127,869,996
865,183,1048
384,133,517
971,362,1333
823,276,1099
228,846,1074
847,260,1107
424,512,936
557,903,1460
817,375,1192
401,67,468
6,729,735
169,189,358
897,40,937
378,65,443
839,933,1772
659,548,1158
419,448,867
353,911,1264
961,121,1082
197,343,540
88,262,350
329,738,1067
428,813,1241
981,171,1152
692,848,1540
193,394,554
778,107,885
891,562,1453
148,504,652
97,982,1079
716,64,780
195,387,582
280,714,994
298,536,867
242,456,698
659,690,1349
649,612,1261
96,19,115
637,798,1435
859,352,1211
835,170,1005
580,225,805
556,485,1041
741,585,1326
960,770,1730
89,709,798
532,456,988
279,79,358
631,829,1500
229,886,1115
475,989,1464
646,981,1627
453,595,1048
255,67,322
197,787,984
515,386,901
664,619,1283
555,11,566
633,596,1229
859,255,1114
642,927,1569
571,701,1272
619,360,979
767,200,967
206,910,1116
937,859,1796
454,623,1077
268,377,654
630,807,1437
104,857,961
982,493,1475
278,56,334
251,229,480
83,448,531
617,427,1044
582,5,587
325,157,482
555,616,1171
943,429,1372
853,7,860
88,184,225
213,445,658
314,504,818
351,842,1193
665,888,1553
253,841,1094
562,457,1019
682,791,1473
778,360,1138
328,320,648
690,924,1614
661,471,1132
256,127,383
636,547,1183
62,298,360
114,629,743
779,703,1482
131,109,240
474,226,700
137,113,250
294,797,1091
286,599,885
169,500,669
125,909,1034
51,390,441
923,523,1446
495,472,967
44,343,385
82,158,240
995,631,1626
171,354,525
525,630,1155
884,991,1871
678,704,1382
848,793,1641
57,514,571
750,313,1063
532,463,995
368,830,1198
552,525,1077
462,178,640
816,122,938
556,473,1029
954,743,1697
953,817,1770
407,655,1062
572,178,737
925,690,1615
893,844,1737
531,985,1516
834,730,1564
171,966,1137
451,402,853
231,867,1098
409,495,904
801,765,1566
921,616,1537
990,451,1465
917,770,1687
905,590,1495
651,454,1120
508,722,1230
643,950,1593
472,895,1367
684,955,1639
377,21,398
758,574,1332
362,825,1187
489,342,799
957,57,1014
865,503,1368
842,635,1477
788,76,864
338,658,996
852,69,921
290,654,944
111,979,1090
608,479,1087
49,277,326
26,85,111
602,406,1008
401,629,1030
805,181,986
926,372,1298
777,259,1036
537,390,920
419,341,760
408,353,761
266,759,1025
291,893,1184
286,661,947
976,90,1066
914,808,1722
848,32,880
658,38,696
32,850,882
283,558,866
987,375,1348
228,611,839
350,982,1332
9,330,308
149,430,579
762,177,943
798,257,1055
813,872,1685
34,972,1006
59,517,576
604,931,1535
566,939,1505
565,105,670
935,823,1758
660,178,799
738,970,1708
107,603,710
303,860,1163
975,516,1491
828,119,947
326,914,1240
787,735,1522
353,913,1266
290,474,726
513,389,902
866,428,1257
799,299,1098
999,739,1761
283,138,421
528,912,1440
106,492,594
887,27,914
103,422,525
938,136,1074
635,371,1006
378,201,538
372,166,538
430,915,1345
816,830,1646
68,782,873
584,558,1142
97,124,221
962,673,1635
670,922,1592
649,200,861
686,67,753
903,110,1013
884,677,1561
805,489,1294
886,128,1014
492,589,1081
344,435,765
988,134,1122
695,193,898
727,163,890
327,663,962
503,746,1249
405,50,415
486,426,912
591,846,1437
727,526,1253
225,973,1198
985,957,1942
148,907,1055
46,294,340
344,7,351
499,187,686
654,747,1401
977,116,1093
150,522,672
987,439,1426
758,297,1055
315,990,1305
611,108,719
843,243,1086
146,769,915
251,464,715
574,185,722
29,54,83
893,343,1191
933,951,1884
74,113,187
469,288,757
344,288,632
449,3,452
860,711,1571
608,51,659
73,271,344
906,207,1113
290,693,983
810,790,1617
201,591,792
834,460,1294
618,84,702
228,835,1063
798,998,1824
754,454,1208
860,444,1304
747,585,1332
703,441,1144
32,233,265
130,850,980
562,78,640
573,125,698
768,634,1402
780,2,782
378,276,654
695,919,1614
236,865,1101
142,438,580
901,541,1442
263,650,913
862,72,934
20,365,385
453,174,627
481,90,614
210,240,428
218,636,854
461,174,635
921,768,1689
897,325,1251
596,960,1556
713,252,965
472,280,752
288,775,1063
855,471,1326
821,375,1196
115,675,790
651,893,1544
216,904,1120
661,264,925
563,343,906
173,838,1011
809,434,1243
353,726,1079
786,511,1297
141,354,495
704,73,777
896,718,1605
761,175,945
982,303,1285
678,614,1327
31,256,287
495,608,1103
913,805,1718
548,455,1003
565,51,616
446,308,754
969,358,1327
726,425,1194
609,142,751
728,417,1145
222,583,805
285,575,860
407,682,1089
6,606,642
4,473,477
713,922,1635
699,123,822
752,340,1092
644,934,1611
913,309,1222
302,373,675
208,21,229
757,467,1224
761,601,1362
563,852,1415
213,778,991
375,711,1086
286,429,715
551,140,691
478,429,907
934,226,1160
292,691,983
318,157,475
59,736,795
619,10,629
175,103,278
74,255,329
751,476,1227
336,500,836
69,973,1042
349,665,1014
845,819,1664
898,776,1674
77,181,258
756,178,934
550,385,959
583,13,596
54,667,721
892,552,1444
997,574,1571
266,140,406
250,70,320
902,214,1093
558,684,1242
821,434,1229
709,666,1381
236,364,600
379,813,1192
437,594,1031
201,220,421
316,523,839
10,541,551
533,103,636
97,332,429
970,819,1789
303,495,798
480,430,910
937,479,1465
367,253,620
851,331,1182
367,226,593
662,944,1606
967,901,1868
198,483,681
684,624,1308
683,964,1647
722,147,869
134,256,390
527,189,716
261,474,735
970,652,1622
835,312,1147
691,645,1336
841,576,1386
154,814,968
970,826,1796
172,862,1034
615,846,1461
689,951,1640
744,525,1269
779,935,1714
869,90,959
754,848,1602
168,6,173
870,567,1437
326,87,413
973,280,1253
213,997,1210
255,971,1226
514,227,707
479,69,548
20,948,1013
654,293,947
714,916,1630
223,767,990
776,726,1502
876,125,1001
328,200,528
522,440,989
797,533,1330
440,366,806
184,564,748
141,918,1059
761,615,1376
561,984,1545
943,784,1727
168,126,294
7,127,134
177,847,1064
203,111,293
942,755,1697
637,444,1038
270,800,1036
347,564,911
459,48,507
473,531,1035
940,634,1574
79,956,1035
794,8,802
697,967,1664
616,674,1290
495,292,793
696,251,915
311,751,1062
258,27,285
475,51,526
753,619,1372
10,158,168
631,975,1606
510,444,954
679,986,1665
994,822,1816
467,664,1131
341,428,769
920,190,1110
102,285,387
281,921,1202
610,178,788
149,122,271
975,34,1009
337,747,1084
140,328,468
781,56,837
837,749,1586
351,734,1085
263,739,1002
994,428,1422
382,957,1339
86,363,449
314,894,1208
321,474,795
60,529,589
425,141,607
535,417,952
74,830,904
283,652,935
931,72,1003
521,403,924
78,478,556
855,78,933
761,394,1155
351,287,638
402,277,679
437,394,831
760,399,1159
708,67,775
39,137,176
871,419,1290
157,200,357
29,427,456
866,133,999
520,289,809
944,129,1073
318,115,433
4,754,758
331,972,1303
246,597,843
289,897,1186
571,745,1316
683,539,1222
272,567,839
534,334,868
992,342,1334
74,159,233
188,971,1159
309,35,344
242,784,1026
192,166,358
986,601,1587
731,281,1012
830,782,1653
447,315,762
794,668,1462
660,17,676
344,429,773
588,564,1152
208,472,680
331,662,993
869,475,1344
673,442,1115
607,303,910
355,959,1314
296,401,697
699,751,1450
26,494,520
870,718,1620
442,257,699
878,119,997
526,826,1352
778,788,1566
33,269,302
900,773,1673
238,2,240
720,522,1242
325,521,846
610,33,643
913,533,1407
993,422,1415
772,523,1295
527,965,1530
89,256,345
256,404,660
950,289,1239
893,622,1515
777,163,898
382,955,1337
338,889,1227
319,134,453
389,174,563
763,688,1451
187,572,759
514,60,574
80,832,912
331,39,323
827,711,1538
193,672,836
36,136,172
671,849,1520
962,722,1684
942,758,1700
480,434,914
186,200,386
397,803,1200
588,864,1452
122,702,824
869,590,1449
720,401,1121
313,455,768
919,650,1569
559,122,678
585,508,1093
560,928,1488
667,188,855
540,680,1220
617,339,956
326,488,814
263,842,1073
68,686,754
71,984,1055
640,285,925
771,664,1435
188,343,531
177,601,778
753,205,958
13,209,222
218,834,1052
752,528,1280
598,396,994
993,206,1199
834,661,1495
603,166,769
659,730,1389
746,409,1155
98,837,935
432,67,542
787,558,1345
153,3,156
652,118,815
507,391,898
825,492,1317
35,564,599
224,717,941
970,387,1357
428,375,803
293,595,888
422,470,892
594,78,672
17,434,447
788,698,1486
164,310,510
990,189,1179
31,23,54
209,357,566
813,994,1807
29,493,522
267,56,323
993,53,1046
653,455,1108
684,530,1214
205,888,1093
892,791,1683
267,914,1181
920,805,1725
824,808,1632
457,725,1182
635,380,1015
61,968,1029
805,912,1717
195,792,987
14,348,362
704,720,1424
945,556,1501
900,290,1213
507,218,750
745,701,1446
603,853,1456
472,845,1317
150,772,922
805,453,1258
466,164,630
353,79,432
800,989,1789
236,735,971
25,519,544
281,610,891
367,414,781
362,314,676
136,717,853
386,999,1350
930,554,1484
593,107,700
416,782,1198
408,629,1037
443,553,996
283,643,926
935,176,1111
976,28,983
713,341,1054
582,65,647
21,708,729
968,56,987
552,532,1084
611,962,1573
628,754,1382
822,840,1662
575,555,1130
979,400,1379
424,182,606
582,480,1062
346,315,642
135,335,470
801,58,859
751,666,1417
328,945,1273
68,149,217
458,958,1395
357,602,959
811,162,973
269,623,892
913,113,1026
938,402,1340
996,845,1841
301,758,1059
849,390,1239
659,830,1489
604,312,916
229,59,288
600,445,1052
996,564,1560
534,152,686
639,940,1579
787,580,1367
463,862,1325
447,445,892
901,221,1122
72,907,979
425,148,596
59,782,841
232,210,442
640,728,1368
397,380,777
981,843,1824
276,523,799
736,406,1191
14,162,176
600,300,900
825,457,1282
235,121,356
759,956,1715
521,326,847
734,650,1384
176,186,324
259,570,829
464,918,1382
523,707,1230
655,182,837
678,816,1494
850,385,1235
66,491,557
152,45,197
929,356,1285
161,162,323
54,440,494
214,348,562
291,854,1145
550,797,1347
341,239,580
213,387,600
349,965,1314
871,789,1660
69,298,367
483,416,899
483,717,1200
873,507,1408
797,795,1592
160,785,945
857,236,1093
654,406,1060
631,577,1208
914,816,1730
872,851,1723
992,594,1586
519,321,840
160,64,224
154,320,474
358,290,648
148,875,1023
388,691,1079
80,426,506
504,597,1101
254,475,691
577,757,1334
930,359,1289
656,78,734
434,958,1392
379,281,660
733,251,984
381,221,602
401,729,1130
883,285,1168
340,233,573
818,451,1269
92,223,315
167,74,241
305,61,366
564,632,1196
880,553,1440
867,290,1157
476,916,1392
375,552,927
624,947,1578
52,994,1046
395,238,633
754,943,1697
411,792,1203
773,591,1364
408,21,429
41,935,976
848,401,1239
498,562,1060
552,734,1286
476,41,517
616,912,1528
56,921,977
81,567,648
758,915,1709
187,39,226
397,179,576
557,513,1070
800,347,1147
722,102,824
95,752,847
961,389,1350
961,7,968
467,210,677
973,686,1673
983,510,1493
605,478,1083
492,754,1246
512,573,1035
8,413,421
151,149,300
332,745,1077
568,856,1424
610,587,1197
490,796,1286
999,681,1680
58,350,408
579,175,754
476,279,755
197,289,486
390,59,449
413,899,1312
804,14,818
475,505,980
74,881,955
276,541,817
539,860,1399
935,72,1007
279,971,1221
432,168,600
529,814,1343
344,328,672
63,645,708
487,664,1151
572,34,606
591,832,1423
540,863,1403
793,223,1016
240,526,766
693,828,1521
273,628,901
118,359,477
929,966,1895
871,38,909
540,58,598
478,973,1451
616,354,970
678,778,1456
59,220,279
751,226,977
478,523,1001
356,208,564
627,51,678
633,844,1477
787,811,1622
437,427,864
896,1,923
390,632,1048
130,762,892
367,957,1324
713,223,936
312,34,346
139,981,1120
674,854,1528
482,398,880
515,602,1117
136,168,304
204,313,517
517,207,724
605,78,683
475,582,1094
806,293,1099
840,306,1146
402,541,943
105,865,970
800,717,1517
253,348,601
669,886,1555
600,730,1330
407,439,846
869,749,1618
722,450,1172
258,376,634
426,35,461
982,557,1539
347,892,1239
404,347,751
911,44,955
726,172,898
966,328,1294
779,931,1710
383,128,511
337,3,340
735,370,1107
975,934,1909
730,104,809
793,356,1149
150,235,385
986,792,1778
578,986,1564
715,603,1318
641,70,711
488,283,771
827,56,883
965,254,1219
146,708,854
148,797,945
239,612,851
529,49,578
815,244,1059
642,710,1352
227,468,695
974,309,1283
679,560,1239
419,724,1143
794,555,1349
46,634,680
810,165,975
839,225,1064
879,552,1431
449,897,1346
406,406,812
380,412,792
55,561,616
808,944,1752
905,362,1267
667,502,1169
402,247,649
149,325,474
188,725,913
812,425,1237
635,529,1164
326,557,883
132,562,694
213,218,431
722,746,1468
269,603,888
911,125,1036
131,889,1032
135,796,931
751,367,1118
918,421,1339
303,215,518
821,499,1320
905,999,1904
250,963,1213
93,249,342
15,993,1008
655,454,1109
984,753,1737
884,375,1259
118,291,409
845,164,1009
269,523,792
445,680,1125
353,118,471
653,638,1291
29,846,875
284,472,756
6,320,326
526,153,679
758,400,1158
306,620,926
879,190,1101
133,524,657
294,933,1227
591,104,695
475,407,882
623,729,1352
811,875,1686
798,869,1667
792,791,1583
385,731,1116
372,281,653
973,43,1016
693,496,1189
512,168,680
61,638,699
841,31,872
967,735,1702
339,355,694
428,337,765
331,874,1205
339,538,877
739,750,1489
337,684,1021
140,506,646
38,653,691
529,577,1106
515,725,1240
26,9,35
329,46,375
431,443,874
695,297,992
289,700,989
655,563,1218
851,760,1611
617,88,705
339,264,603
940,257,1197
897,124,1012
502,24,526
827,686,1513
873,587,1460
324,896,1220
385,429,814
478,544,1022
771,287,1058
710,482,1192
523,479,1002
1,435,436
984,549,1536
543,39,542
676,337,1013
605,47,652
338,8,346
96,749,845
135,697,832
449,463,912
90,74,164
829,6,835
98,312,410
704,830,1534
937,421,1358
294,777,1071
362,943,1305
571,346,917
563,855,1418
13,472,485
771,534,1305
229,193,422
161,128,289
166,489,655
426,511,937
889,420,1309
976,102,1078
260,988,1248
900,709,1609
968,915,1883
824,232,1056
132,71,203
84,946,1030
105,636,741
556,462,1018
614,311,925
601,402,1003
584,548,1132
247,855,1102
434,211,645
768,412,1180
457,533,990
942,451,1393
682,600,1282
361,727,1088
223,51,274
408,597,1005
316,90,406
371,736,1107
25,787,812
353,561,914
787,307,1094
847,581,1428
252,138,390
256,582,838
461,180,641
325,977,1302
717,675,1392
5,558,563
527,62,589
729,184,913
966,63,1029
330,72,402
43,565,608
766,423,1189
744,735,1479
754,999,1753
299,941,1240
242,351,593
298,554,852
942,329,1271
603,376,979
387,787,1174
457,30,487
83,370,453
492,213,705
530,341,871
345,678,1023
808,686,1494
906,52,958
815,128,978
162,6,168
259,82,341
331,998,1329
846,697,1543
134,287,421
255,919,1174
291,726,1017
594,6,600
964,646,1610
473,340,813
759,300,1059
975,428,1403
694,827,1521
382,725,1107
563,841,1404
458,296,754
436,615,1051
827,663,1490
264,234,498
304,928,1232
399,550,949
354,720,1074
708,439,1147
905,854,1759
941,6,905
257,676,933
878,428,1306
321,421,742
986,787,1773
125,65,190
102,264,366
103,746,849
841,540,1381
31,113,144
14,981,995
819,916,1735
10,484,494
521,705,1226
828,234,1062
717,295,1012
920,872,1792
716,658,1374
942,492,1434
246,159,405
950,121,1071
768,690,1458
723,622,1345
752,653,1405
897,650,1547
39,741,780
249,281,530
523,610,1133
664,56,750
302,186,494
131,421,552
195,701,896
3,703,706
149,161,310
20,737,801
346,801,1147
950,682,1632
137,214,351
968,477,1445
319,413,732
629,848,1477
382,928,1265
502,750,1252
423,700,1123
191,364,555
120,876,990
913,781,1694
91,768,859
489,97,586
391,913,1304
392,775,1167
3,844,847
61,726,787
486,129,591
755,911,1666
954,766,1720
986,583,1569
119,438,557
488,175,613
325,645,970
402,993,1395
527,395,922
875,338,1213
52,322,374
182,208,390
523,112,635
479,951,1430
595,199,796
864,580,1424
833,494,1327
436,137,573
444,647,1091
420,132,552
681,564,1245
675,164,839
80,974,1054
369,71,440
48,257,305
961,322,1283
374,691,1065
284,118,441
104,624,728
258,990,1248
74,463,537
298,513,811
845,907,1752
598,393,991
394,132,526
843,227,1070
82,47,129
117,38,155
556,105,661
724,908,1632
389,149,556
513,441,938
619,342,961
567,216,783
701,361,1062
420,947,1317
964,370,1334
566,5,610
329,324,668
953,794,1747
774,828,1602
971,998,1969
204,679,883
400,979,1379
102,65,167
214,370,584
614,256,870
924,167,1091
720,356,1076
513,349,862
256,941,1197
542,643,1185
805,439,1244
356,800,1156
339,347,686
934,104,990
349,683,1032
198,984,1206
414,526,940
880,803,1683
505,664,1169
939,996,1935
382,597,979
127,465,592
401,982,1383
34,341,375
403,124,527
654,607,1261
749,567,1316
609,441,1050
783,838,1621
118,71,189
555,121,676
760,904,1664
664,556,1220
467,63,530
549,472,1021
781,513,1294
482,8,490
418,105,523
849,812,1661
180,633,813
269,150,419
790,514,1304
736,291,1027
931,295,1178
791,689,1480
362,812,1174
383,180,563
336,357,685
457,976,1433
203,936,1139
360,447,807
546,885,1401
629,56,685
33,999,1067
947,455,1402
695,533,1228
495,198,693
903,567,1470
632,261,893
182,409,591
394,310,704
953,968,1921
930,685,1615
894,131,1025
335,243,578
154,621,775
519,163,682
908,248,1156
588,262,850
797,689,1486
615,426,1072
349,630,979
973,851,1824
790,567,1357
97,149,246
51,488,539
737,147,884
833,464,1297
336,961,1297
980,378,1358
372,278,650
356,936,1292
831,333,1164
325,373,698
619,476,1069
597,174,771
928,362,1290
820,720,1540
554,326,880
760,6,766
396,728,1082
404,455,859
174,643,817
228,559,787
956,306,1262
218,742,960
828,227,1055
695,360,1055
881,94,975
659,528,1187
343,617,960
308,318,626
621,643,1264
367,956,1323
202,41,243
975,965,1940
650,567,1217
566,102,668
53,71,124
847,208,1055
34,992,1026
596,964,1560
965,371,1336
986,371,1357
358,276,634
147,617,764
319,969,1306
644,725,1369
113,479,592
892,928,1820
100,809,909
964,40,1004
712,205,917
177,253,430
796,645,1441
807,259,1066
211,494,705
512,456,1000
739,403,1142
631,267,933
695,426,1121
457,186,643
251,643,894
453,144,597
839,711,1550
942,625,1567
707,403,1110
377,133,510
84,229,313
188,427,615
76,259,335
56,24,80
606,324,930
169,594,763
572,558,1130
709,485,1194
941,204,1145
55,514,569
560,430,990
2,33,35
478,193,671
345,349,694
350,857,1207
961,556,1517
685,134,819
439,192,631
797,846,1643
622,151,759
658,744,1402
913,947,1860
797,785,1593
149,871,1020
350,999,1349
888,288,1176
501,662,1163
539,568,1107
961,488,1449
977,271,1248
539,913,1452
152,229,381
177,29,206
158,413,571
597,996,1593
69,418,487
258,232,490
684,908,1592
867,428,1295
169,987,1156
713,58,771
4,256,285
1000,980,1980
158,483,641
802,527,1329
436,232,668
796,80,876
135,338,473
335,352,687
952,283,1235
546,285,848
192,415,607
275,466,741
182,2,184
784,61,845
884,931,1822
276,901,1177
178,948,1126
904,321,1225
356,4,360
406,182,588
435,537,972
528,941,1469
317,478,795
457,865,1322
549,195,744
408,991,1399
74,82,156
111,826,937
375,656,1031
157,459,616
926,108,1034
937,335,1272
58,826,932
942,434,1376
198,853,1051
39,635,674
947,825,1772
25,612,637
841,923,1813
77,41,106
760,414,1174
479,787,1266
551,64,615
766,2,768
174,719,893
538,832,1370
51,96,147
473,570,1043
969,321,1293
988,496,1484
443,268,711
169,81,250
570,787,1357
33,595,628
614,763,1401
640,587,1227
630,917,1547
487,22,519
928,250,1178
449,936,1385
569,708,1277
610,339,949
718,577,1295
635,113,707
514,628,1142
101,865,966
42,728,770
790,96,899
316,471,792
612,486,1098
934,742,1676
159,870,1029
895,441,1336
948,622,1570
763,681,1444
352,575,927
287,248,535
517,904,1421
962,246,1208
125,969,1094
756,807,1563
122,438,560
190,497,687
923,201,1124
373,825,1220
499,65,564
845,242,1087
807,805,1612
874,697,1571
64,637,686
43,802,845
931,780,1711
216,860,1076
112,539,651
618,748,1366
4,291,295
101,595,696
485,294,779
901,907,1808
558,766,1324
788,218,962
30,246,276
600,788,1388
918,855,1773
676,478,1154
944,126,1070
766,99,865
435,831,1266
896,339,1235
999,779,1778
512,339,851
329,781,1110
180,313,539
888,295,1183
145,886,1028
26,420,446
18,120,138
42,50,92
124,833,957
507,769,1307
307,365,672
432,793,1225
648,863,1511
725,463,1176
927,391,1318
400,676,1076
718,718,1436
635,813,1448
390,282,672
895,709,1604
814,946,1760
714,81,795
535,732,1267
745,178,972
793,171,964
41,125,166
536,21,557
7,506,513
278,347,625
679,778,1457
456,515,971
632,97,729
92,843,935
842,686,1528
720,975,1695
2,684,686
445,161,606
13,301,314
289,138,427
929,302,1231
765,503,1268
602,313,915
996,686,1682
457,343,800
459,248,707
463,951,1414
188,704,892
273,846,1119
860,779,1639
654,606,1260
499,81,580
410,977,1387
147,179,326
163,599,762
427,19,446
339,623,962
880,390,1270
840,417,1257
327,325,652
416,789,1205
885,941,1826
611,569,1180
341,844,1234
820,983,1803
850,842,1692
845,570,1415
681,28,709
116,983,1099
562,173,735
218,434,685
530,425,955
786,28,814
379,539,918
307,957,1264
671,335,1006
298,665,963
915,260,1175
365,509,874
57,229,286
881,730,1595
638,718,1356
216,119,334
579,526,1105
942,515,1457
998,327,1325
207,485,692
430,690,1120
706,580,1286
628,912,1540
497,716,1213
832,103,935
618,972,1590
245,331,576
882,411,1293
61,189,220
298,564,862
492,388,880
637,684,1321
937,605,1542
994,848,1842
642,420,1062
87,198,285
11,490,488
84,446,530
620,476,1096
583,970,1553
104,25,129
670,231,901
215,786,1001
976,321,1297
260,959,1219
538,328,866
577,919,1496
928,777,1705
756,4,760
258,142,400
913,328,1241
708,730,1484
436,715,1151
152,853,1005
84,233,317
958,968,1926
28,201,229
953,666,1619
502,15,517
415,74,461
304,624,928
658,614,1272
694,280,974
838,828,1666
514,983,1497
592,182,774
919,283,1202
296,914,1210
704,230,945
521,403,924
191,421,612
732,118,850
637,803,1440
449,827,1268
391,482,873
238,779,1017
850,533,1383
790,142,932
937,416,1353
581,418,999
719,623,1342
911,360,1271
545,966,1511
889,845,1734
247,812,1059
209,647,856
327,691,1018
900,811,1711
637,36,673
849,114,963
743,803,1546
603,119,722
77,758,835
477,199,676
180,249,429
765,832,1597
191,620,811
160,43,203
759,511,1270
876,183,1059
206,508,714
790,476,1266
79,377,456
957,507,1464
815,88,903
961,537,1499
752,374,1126
628,717,1345
697,156,853
317,165,482
431,548,979
983,172,1155
747,789,1510
196,714,910
166,158,324
987,626,1613
207,905,1112
858,674,1532
335,195,530
917,400,1317
645,466,1111
720,800,1520
575,163,738
155,611,813
558,721,1279
328,988,1339
620,451,1071
106,153,259
824,216,1040
644,726,1370
200,172,345
78,913,991
831,763,1594
58,379,437
200,604,804
670,668,1338
105,242,347
727,967,1694
30,228,258
28,526,554
958,661,1619
104,168,272
909,515,1424
390,33,423
184,296,528
893,858,1751
318,95,413
395,17,412
25,486,511
279,73,352
361,195,556
542,799,1341
955,791,1746
704,325,1029
575,543,1118
707,460,1167
701,648,1349
467,598,1065
24,890,914
861,327,1188
210,668,878
556,26,582
243,908,1151
30,228,244
19,908,927
441,644,1085
174,510,684
520,569,1089
755,289,1044
672,610,1294
619,599,1218
620,301,921
884,698,1582
229,6,235
783,82,865
20,258,278
407,675,1082
426,600,1026
570,532,1102
233,979,1212
271,556,827
867,689,1556
607,105,712
351,437,788
549,338,887
783,935,1718
164,306,470
863,567,1430
670,254,924
794,389,1183
926,560,1486
771,751,1522
160,664,824
849,648,1497
921,155,1076
992,272,1264
861,549,1410
835,715,1550
135,84,219
431,477,908
31,721,752
513,6,519
318,772,1090
942,47,989
330,987,1317
424,294,750
924,504,1428
286,119,405
837,184,1021
352,660,1012
938,282,1220
762,175,937
857,356,1213
247,998,1215
687,153,840
190,4,194
332,563,895
345,601,946
160,758,903
126,253,379
699,773,1472
442,660,1102
443,639,1082
294,425,719
43,120,163
818,967,1785
239,796,1035
872,595,1471
542,189,731
497,933,1430
177,823,1000
179,878,1057
720,276,1016
666,846,1561
670,828,1498
492,424,915
58,878,965
606,733,1339
906,951,1857
461,236,697
467,563,1030
74,986,1060
831,685,1516
185,501,686
821,951,1772
87,952,1039
127,299,426
638,365,1003
929,984,1913
736,796,1532
932,800,1732
218,196,414
264,63,327
955,836,1791
252,292,544
936,939,1875
376,603,979
976,638,1614
431,563,994
415,550,965
450,844,1294
793,382,1175
437,84,521
247,666,913
482,923,1405
174,890,1064
829,254,1083
248,2,250
25,39,64
271,10,281
295,465,760
117,275,392
908,968,1876
616,969,1585
55,690,745
834,839,1673
422,151,573
359,796,1155
772,32,804
793,699,1492
271,788,1059
597,538,1135
666,640,1306
586,550,1136
154,8,162
753,984,1737
232,838,1070
683,846,1529
144,962,1106
549,107,656
639,563,1202
86,436,522
537,629,1166
572,24,596
544,356,900
931,656,1587
64,193,257
413,540,953
104,640,744
338,326,664
419,49,468
874,872,1746
537,777,1314
377,540,917
549,253,802
204,82,286
192,840,1032
326,411,737
547,411,958
458,733,1191
810,561,1387
745,449,1194
531,998,1529
806,453,1259
255,846,1101
380,462,842
482,96,578
721,444,1165
197,471,668
592,338,930
333,330,663
260,55,315
331,48,379
540,230,770
152,286,406
951,753,1704
530,448,978
103,353,456
389,458,847
961,845,1806
718,81,799
846,875,1721
953,33,986
271,318,589
760,18,778
316,498,814
449,234,683
17,560,577
499,305,804
827,206,1033
354,80,434
326,611,937
34,993,1027
939,41,980
216,480,725
333,371,704
280,984,1264
999,748,1747
991,7,998
550,593,1143
702,729,1477
20,385,365
784,594,1378
641,85,726
177,93,270
95,946,1041
215,539,754
709,701,1410
190,688,878
199,545,744
82,636,718
548,967,1515
734,629,1358
489,142,631
241,18,217
535,944,1479
531,34,565
436,702,1138
541,94,635
984,972,1956
640,869,1509
843,706,1549
822,471,1293
904,653,1557
372,970,1342
732,309,993
23,160,183
878,901,1779
780,58,838
853,250,1103
368,113,481
355,755,1110
512,11,523
912,29,941
366,802,1168
113,651,764
435,234,669
843,839,1682
248,54,302
741,42,783
334,26,360
573,861,1434
620,830,1450
453,251,704
703,795,1498
930,847,1777
178,758,975
860,863,1723
274,517,791
930,516,1446
810,969,1779
305,234,539
641,857,1498
650,291,941
649,668,1317
104,801,905
997,960,1957
850,160,994
307,282,589
741,434,1132
151,444,595
697,116,813
612,313,925
220,413,633
725,417,1142
820,892,1712
5,507,512
996,281,1277
832,766,1598
260,133,393
447,3,450
972,358,1330
423,627,1050
909,717,1626
761,927,1688
954,619,1573
523,770,1293
626,131,757
154,826,980
271,46,317
259,337,596
382,125,507
2,761,763
488,73,561
870,996,1866
784,334,1118
44,371,415
269,514,783
62,423,485
341,120,461
853,784,1597
424,925,1349
884,511,1395
817,477,1294
152,350,502
74,878,952
474,337,811
984,153,1137
557,361,918
761,735,1496
606,706,1312
981,611,1592
170,475,645
832,180,1012
421,500,921
859,786,1645
603,481,1084
211,505,716
555,375,930
588,420,992
34,176,210
509,998,1507
222,978,1200
114,211,325
662,823,1532
137,204,341
105,590,695
210,694,904
440,76,516
10,848,858
685,362,1047
149,287,436
795,462,1257
278,704,982
626,703,1329
305,159,464
74,941,976
180,16,196
408,741,1149
281,525,806
254,195,449
494,348,842
877,774,1651
752,688,1430
784,567,1351
485,155,640
314,381,695
415,472,887
769,685,1454
69,335,404
644,148,792
712,476,1188
518,238,756
838,251,1041
313,902,1215
419,937,1356
973,417,1390
692,322,1014
70,725,795
167,906,1073
532,879,1411
632,5,637
291,490,781
974,664,1639
320,29,349
366,802,1168
4,93,97
32,315,347
47,695,742
313,39,352
385,986,1329
594,223,817
812,424,1236
537,449,986
923,786,1709
770,497,1239
638,191,829
972,953,1925
578,860,1438
907,817,1724
83,880,963
109,242,351
124,27,151
138,125,263
85,425,510
160,914,1074
145,589,734
212,736,948
818,148,966
869,603,1472
503,929,1432
627,557,1184
4,526,530
630,759,1389
454,856,1310
944,664,1608
662,159,821
894,345,1239
130,255,385
522,912,1434
312,391,703
873,357,1230
351,676,1027
308,807,1115
788,83,827
415,789,1204
686,76,762
679,970,1661
755,246,1001
798,74,872
512,592,1104
557,608,1165
37,969,1006
931,635,1566
514,399,913
750,909,1659
568,826,1394
456,60,516
682,919,1601
521,902,1423
710,484,1194
316,237,553
183,198,381
917,428,1345
53,62,115
856,354,1210
591,819,1410
839,175,1014
467,78,545
86,269,355
327,1000,1327
540,580,1120
68,903,971
999,371,1370
843,950,1793
33,796,829
589,618,1207
557,29,586
963,114,1077
753,516,1269
191,530,721
851,766,1617
22,586,608
677,523,1232
285,43,328
823,528,1351
557,104,661
276,651,927
744,448,1183
378,960,1338
778,500,1278
989,516,1505
428,283,711
647,13,660
847,974,1821
277,354,629
963,30,993
206,123,288
485,236,721
873,1000,1891
442,486,928
672,983,1655
107,524,674
908,152,1054
903,319,1222
158,602,760
7,800,807
371,42,413
71,976,1046
90,502,592
910,288,1198
119,728,847
350,491,841
452,967,1419
505,644,1149
88,285,373
250,725,975
999,657,1656
93,957,1050
719,344,1063
759,204,963
868,633,1501
572,945,1517
371,124,495
382,701,1083
995,534,1529
939,511,1450
881,533,1458
521,858,1379
994,1000,1994
667,583,1250
631,722,1353
174,736,910
525,467,992
276,187,463
976,611,1587
176,711,887
422,783,1205
152,737,889
631,611,1242
14,115,129
714,733,1446
723,538,1261
326,253,579
30,855,885
882,924,1806
684,155,807
669,492,1161
595,412,1007
220,11,214
405,411,803
182,600,782
852,442,1294
627,607,1234
213,441,654
979,908,1887
763,700,1463
26,925,951
866,306,1130
295,327,622
993,770,1763
14,625,639
178,312,490
325,681,1006
896,408,1304
239,125,364
12,977,989
676,579,1255
329,469,835
164,598,762
512,629,1141
748,658,1406
399,938,1337
439,126,580
157,424,581
468,909,1377
943,906,1849
754,69,823
564,154,718
861,873,1734
614,540,1154
485,455,940
598,531,1129
450,794,1244
283,705,988
479,646,1135
577,282,859
694,488,1182
203,585,788
283,83,366
239,422,695
343,388,731
747,883,1630
855,223,1078
6,742,748
701,953,1695
525,826,1351
59,766,825
2,256,258
526,915,1441
365,903,1268
134,409,543
70,469,539
865,860,1725
550,117,667
555,673,1228
306,305,611
419,828,1247
977,538,1515
453,305,758
255,130,385
215,234,449
101,702,803
462,524,986
579,777,1356
586,393,979
299,931,1230
273,548,821
161,915,1076
145,672,817
414,678,1092
144,301,445
733,389,1122
51,188,239
466,665,1131
923,457,1380
236,780,1016
229,500,688
964,735,1699
531,116,647
70,33,103
279,757,1036
358,883,1241
602,426,1028
561,627,1188
375,647,1022
756,395,1151
607,557,1164
407,16,423
633,755,1388
637,238,924
845,969,1814
114,596,758
116,728,844
176,54,230
264,583,847
258,275,533
630,131,761
993,964,1957
144,507,651
348,969,1317
263,547,810
286,929,1215
834,415,1249
752,941,1693
929,394,1323
706,488,1194
281,583,864
901,220,1121
583,478,1061
681,359,1040
205,32,237
860,241,1101
878,60,938
910,786,1696
989,500,1476
229,596,825
490,792,1282
576,964,1540
806,731,1537
515,672,1187
607,254,861
184,35,219
975,544,1552
973,358,1331
814,435,1249
571,804,1396
421,807,1228
366,997,1363
217,376,593
425,832,1257
537,531,1068
599,770,1397
71,535,606
367,7,374
477,914,1391
653,360,1013
383,195,578
929,142,1071
368,107,437
122,907,1029
807,23,830
13,616,629
832,840,1672
127,18,145
778,615,1393
850,920,1770
561,23,584
511,67,578
779,87,866
653,406,1059
115,146,261
922,505,1427
858,407,1265
670,170,840
912,669,1581
189,507,696
860,554,1414
662,960,1598
401,771,1167
527,419,946
163,824,987
249,228,477
62,625,708
117,600,717
392,520,912
443,345,837
61,792,853
645,562,1207
997,922,1919
958,609,1567
936,237,1125
887,440,1327
133,649,782
860,47,907
823,479,1302
968,949,1917
629,825,1454
666,941,1607
617,862,1479
562,312,874
627,110,737
799,496,1338
424,771,1212
59,357,416
623,54,677
497,787,1284
669,69,738
391,972,1383
232,909,1141
146,85,231
326,725,1020
646,256,902
106,25,131
70,886,956
961,987,1948
193,27,220
30,265,295
308,412,720
171,920,1091
993,962,1955
548,456,1004
557,432,989
196,8,185
88,662,750
739,870,1609
579,330,909
159,771,930
567,968,1535
997,874,1871
88,846,934
897,235,1132
194,493,687
505,523,1028
653,96,749
821,251,1072
802,483,1285
132,277,409
906,234,1108
553,484,1037
776,314,1090
221,469,690
637,409,1046
690,261,951
400,285,685
875,268,1143
817,760,1577
246,847,1093
756,19,786
145,851,977
136,435,546
287,820,1107
259,344,603
32,222,254
331,93,424
886,207,1064
595,483,1078
862,97,959
579,524,1103
958,689,1647
942,876,1818
903,565,1468
661,476,1137
527,89,616
812,188,1000
489,974,1463
832,994,1826
923,98,1021
418,477,895
289,929,1218
701,328,1029
349,749,1098
659,46,705
347,842,1189
340,733,1073
995,157,1152
474,88,562
516,360,876
805,461,1266
117,721,838
567,484,1051
313,186,499
497,310,807
81,719,800
660,363,1056
938,799,1737
489,253,742
35,264,299
725,613,1338
905,912,1817
677,903,1580
277,185,462
129,674,803
831,288,1119
126,948,1074
519,227,746
794,699,1493
195,968,1163
612,634,1246
313,997,1310
969,907,1876
868,684,1552
720,130,861
356,369,725
973,785,1760
99,545,644
968,8,976
779,478,1257
514,613,1127
268,638,906
830,21,851
863,843,1706
598,279,877
219,456,675
688,648,1336
435,171,606
977,534,1511
757,773,1530
763,784,1547
686,211,897
309,211,520
171,589,760
740,669,1409
641,105,746
666,711,1377
895,448,1343
84,244,328
350,743,1093
658,869,1527
229,333,562
281,25,306
401,462,863
420,129,549
240,586,826
340,11,365
209,673,882
578,522,1081
23,289,312
775,224,999
194,598,792
367,163,530
184,790,974
577,225,760
584,179,763
162,847,1009
927,147,1060
687,794,1481
34,786,820
191,92,283
771,5,786
890,962,1852
308,334,642
159,581,740
145,918,1106
18,157,175
980,425,1405
580,341,921
211,778,989
5,375,380
576,864,1440
150,488,638
790,157,947
771,149,920
84,732,816
397,56,453
386,497,903
332,288,620
101,377,478
463,395,894
873,25,895
755,891,1646
303,867,1170
597,515,1112
80,433,513
209,904,1113
119,74,176
806,798,1604
509,629,1138
126,699,825
859,103,962
989,531,1520
58,733,791
197,724,921
208,528,736
434,169,603
453,427,880
984,75,1059
807,270,1077
419,131,550
868,76,944
104,948,1052
398,662,1060
557,300,857
501,953,1454
469,53,540
120,743,863
912,63,975
816,504,1320
522,553,1075
672,691,1363
497,688,1185
670,684,1354
913,701,1569
289,868,1157
1000,249,1249
398,410,808
987,37,1024
289,657,946
937,610,1547
25,332,357
981,500,1481
853,213,1066
288,994,1282
34,715,749
630,103,733
644,772,1416
770,34,804
919,755,1658
96,67,163
555,461,1016
123,95,218
573,878,1451
311,848,1159
54,77,175
194,927,1121
948,885,1833
727,653,1380
830,487,1317
632,479,1111
632,626,1258
286,954,1240
113,672,785
488,205,693
520,385,905
73,883,956
5,316,321
559,232,791
255,645,900
677,929,1606
99,542,641
555,62,617
676,980,1656
233,101,334
636,976,1612
638,263,901
783,579,1362
684,268,952
308,424,732
717,232,949
613,226,839
397,74,471
320,750,1070
639,248,887
469,435,904
610,669,1279
400,872,1272
714,481,1195
633,502,1155
787,111,898
800,779,1579
882,87,969
536,190,726
807,945,1752
276,257,533
928,809,1737
290,222,512
825,640,1465
492,614,1106
679,497,1176
468,827,1268
319,207,526
255,972,1227
60,617,677
148,612,760
2,815,817
642,736,1378
815,154,969
199,853,1052
388,790,1178
909,692,1601
913,717,1630
91,126,217
622,947,1569
363,191,554
561,967,1528
664,229,893
926,820,1754
465,277,742
691,756,1447
255,338,593
805,58,863
538,272,810
167,781,948
883,348,1231
626,367,1019
39,75,114
126,515,641
537,562,1099
75,753,828
968,330,1298
871,89,960
180,700,880
193,720,913
940,656,1596
662,36,698
674,877,1551
20,784,804
668,220,888
789,108,897
100,212,312
634,839,1448
110,166,276
51,823,874
151,212,363
559,754,1313
78,54,132
510,673,1207
626,425,1051
664,88,752
982,838,1820
13,760,773
671,839,1510
969,534,1503
50,376,426
778,684,1462
20,144,164
187,350,537
922,837,1759
434,980,1414
944,751,1695
716,51,767
854,942,1796
409,820,1229
908,33,941
471,15,486
702,829,1489
956,360,1316
786,54,840
579,100,679
114,254,368
265,619,884
585,315,900
977,910,1887
768,135,903
606,819,1441
141,596,737
997,684,1681
748,688,1436
776,838,1614
310,463,773
141,457,594
920,634,1554
18,12,30
574,13,587
971,398,1393
876,140,1016
790,195,985
304,446,750
10,499,509
892,445,1337
618,487,1105
133,306,439
102,510,612
382,605,987
788,202,990
837,867,1704
857,695,1552
631,867,1538
127,168,295
15,648,663
413,120,555
37,746,810
143,615,746
523,221,752
621,586,1207
243,441,684
162,859,1021
354,228,582
563,744,1307
464,953,1417
610,865,1475
369,442,811
653,924,1577
496,97,593
549,787,1336
11,771,754
859,888,1747
87,634,721
103,135,233
343,254,597
447,181,602
561,224,785
646,886,1532
600,626,1226
859,531,1390
122,740,862
107,493,600
264,872,1136
995,653,1648
94,894,988
185,313,498
160,89,249
290,206,496
622,289,911
138,108,246
592,806,1398
758,337,1134
120,268,388
914,490,1404
126,28,154
683,376,1059
568,895,1463
838,588,1445
886,752,1631
554,380,934
360,297,657
942,383,1325
882,768,1650
787,66,853
732,498,1230
442,329,771
617,350,967
807,864,1671
278,664,942
997,118,1115
506,404,910
234,850,1084
533,742,1275
586,462,1048
255,72,327
249,809,1058
714,684,1398
872,454,1326
899,432,1339
105,45,150
907,563,1470
649,28,677
946,964,1910
705,988,1693
972,987,1959
588,93,681
119,64,183
345,711,1056
687,927,1614
878,64,942
221,85,306
867,978,1845
527,568,1095
362,525,865
666,178,856
784,67,851
763,612,1375
60,357,417
284,415,699
686,526,1212
406,141,547
551,68,619
744,84,828
453,31,484
167,140,307
874,940,1814
319,372,691
696,558,1254
680,651,1331
656,373,1029
981,815,1789
389,95,484
607,76,683
734,700,1434
362,968,1330
506,286,792
496,626,1122
378,696,1074
221,200,421
251,914,1165
685,145,830
826,181,1007
131,371,502
65,960,1025
468,952,1420
179,183,362
508,57,565
810,613,1423
378,937,1315
974,635,1609
244,777,1021
158,634,792
874,19,893
408,897,1305
864,989,1853
138,894,1032
405,658,1063
645,608,1253
877,897,1774
31,742,773
622,981,1634
738,50,788
615,445,1060
875,463,1338
852,265,1117
641,500,1141
298,489,787
588,612,1200
345,458,803
395,92,487
621,83,704
158,503,661
569,307,876
129,8,137
349,940,1292
570,315,885
799,85,884
602,447,1049
131,756,887
248,623,840
720,563,1283
434,360,794
877,365,1242
774,813,1587
337,79,416
330,651,981
483,947,1430
993,233,1226
82,834,916
840,395,1235
201,461,662
296,770,1067
970,100,1070
235,724,959
318,355,673
775,694,1469
879,723,1602
637,197,834
547,918,1495
784,280,1064
712,756,1468
700,221,921
826,526,1352
704,383,1087
695,775,1470
386,634,1020
247,463,710
359,304,663
456,563,981
893,455,1348
396,105,455
234,144,378
983,562,1545
716,919,1635
932,103,1084
251,147,398
442,705,1147
276,587,910
368,305,673
188,507,695
805,189,994
892,310,1202
406,931,1337
832,655,1487
711,698,1409
71,192,263
545,816,1361
196,252,448
397,72,469
343,657,1000
457,247,704
526,476,1007
182,921,1103
733,518,1251
592,722,1314
688,173,861
956,390,1346
683,76,759
336,130,466
335,242,577
347,500,847
218,550,768
410,541,951
719,590,1309
932,85,1017
465,747,1168
977,217,1194
267,622,889
433,705,1138
622,334,956
719,480,1199
528,333,861
671,921,1592
609,839,1448
384,292,676
37,799,799
284,242,526
840,898,1738
579,853,1432
538,463,1001
159,418,577
194,567,761
345,842,1187
388,602,990
238,299,537
423,218,641
5,60,65
640,344,984
332,585,959
46,222,268
532,926,1458
482,35,545
440,497,937
351,849,1200
393,943,1336
85,432,517
859,328,1187
783,709,1492
642,643,1285
874,831,1705
71,413,484
36,743,779
842,327,1169
237,652,889
489,94,583
685,7,692
116,490,606
72,451,523
244,111,355
712,993,1663
22,92,114
439,767,1206
469,605,1074
791,689,1480
12,102,114
907,205,1112
181,607,788
763,531,1294
43,730,773
640,82,722
40,809,849
264,710,974
853,107,960
961,192,1202
57,166,223
320,193,522
543,161,704
892,600,1492
641,630,1271
168,803,971
55,215,270
264,538,802
285,391,676
468,44,512
619,259,878
40,800,840
786,816,1602
284,657,941
393,946,1339
258,609,867
914,277,1191
919,577,1496
964,63,1027
233,932,1165
754,427,1181
227,636,863
3,808,811
662,132,794
694,547,1241
928,431,1359
786,793,1579
86,551,637
784,905,1663
940,600,1540
399,781,1180
675,421,1096
180,499,679
933,117,1050
139,136,275
222,307,529
425,249,674
826,254,1080
728,487,1215
902,357,1259
140,728,868
911,778,1689
758,86,844
432,415,847
495,324,819
910,132,1067
877,849,1726
407,69,476
110,583,693
304,894,1198
981,507,1498
973,883,1856
254,507,761
780,945,1725
507,802,1309
1,800,801
622,486,1108
642,643,1285
894,586,1480
48,965,1013
883,743,1626
590,115,705
968,865,1833
869,592,1470
738,305,1043
586,22,608
916,547,1472
552,434,986
812,271,1083
758,492,1250
407,851,1258
309,792,1101
984,10,994
524,964,1488
814,688,1502
744,800,1544
548,386,934
962,367,1329
93,89,182
344,949,1293
849,490,1339
163,15,178
59,987,1046
1,763,764
548,885,1433
500,150,650
22,149,156
595,829,1424
655,930,1574
501,493,994
239,900,1139
893,690,1583
624,20,644
521,643,1189
234,730,964
709,777,1486
193,92,285
42,962,1004
773,570,1384
320,881,1201
543,343,886
751,198,949
221,115,336
788,711,1499
693,75,768
190,85,275
404,349,753
44,340,384
433,669,1102
184,642,824
783,784,1567
165,379,530
882,141,1023
890,189,1079
763,651,1414
121,830,951
194,799,993
551,375,926
430,104,534
411,995,1431
252,752,1004
657,271,928
134,357,491
63,53,116
73,723,796
715,888,1603
501,366,867
255,132,387
938,822,1760
733,782,1515
638,227,872
76,786,862
796,359,1155
174,765,939
489,597,1086
220,307,527
45,112,157
500,447,947
792,921,1713
861,280,1141
176,636,812
832,797,1629
33,173,206
544,687,1231
9,265,304
133,747,880
637,739,1376
435,329,793
217,824,1041
71,568,639
301,852,1153
379,802,1181
332,195,527
21,876,897
964,721,1643
265,319,584
518,329,847
306,435,741
444,379,823
27,30,57
981,226,1207
441,166,607
624,632,1256
898,345,1243
634,544,1178
127,493,620
830,933,1763
607,496,1103
554,533,1087
517,869,1386
380,994,1374
157,389,546
385,391,742
329,956,1285
963,99,1062
449,575,1024
650,953,1603
502,944,1446
592,884,1476
558,340,898
803,694,1497
614,814,1428
335,913,1248
162,219,381
457,831,1288
617,257,874
223,875,1098
644,527,1171
709,657,1366
641,80,721
552,514,1066
822,324,1146
211,5,216
851,803,1654
106,794,900
923,375,1298
282,255,537
776,641,1411
845,549,1394
816,156,972
428,977,1405
799,737,1536
363,687,1050
298,708,1006
923,762,1685
760,760,1520
243,506,764
243,298,541
546,283,829
499,498,997
114,642,756
445,385,830
348,542,890
698,6,704
851,100,951
448,438,886
97,829,926
514,606,1120
332,900,1232
510,18,514
321,860,1181
563,99,662
402,941,1343
744,984,1728
685,921,1655
565,971,1536
352,111,463
486,670,1156
889,387,1276
105,143,248
355,444,799
306,679,985
406,796,1202
828,367,1195
193,248,441
56,525,581
155,929,1084
671,235,906
834,757,1591
979,574,1553
254,797,1051
472,334,806
850,491,1356
504,670,1174
484,597,1081
10,766,776
685,495,1180
179,808,987
12,522,496
194,571,812
890,773,1663
464,11,475
630,813,1441
169,439,608
979,585,1564
962,817,1779
228,669,897
520,126,646
282,311,622
339,485,824
577,477,1054
23,615,638
242,540,782
217,785,1002
670,505,1175
318,297,615
250,941,1191
663,351,1014
79,320,399
741,602,1343
987,168,1155
86,684,770
376,956,1332
334,957,1329
594,122,716
267,782,1049
92,298,390
582,190,772
288,872,1131
205,360,565
928,744,1672
179,650,829
535,262,797
202,517,719
862,505,1367
802,239,1041
698,87,785
412,35,447
264,721,985
510,304,814
870,610,1480
799,627,1426
120,534,654
163,353,541
520,570,1090
373,420,793
898,427,1325
889,660,1549
436,11,447
29,842,871
229,27,295
103,987,1090
887,32,919
660,122,782
203,138,341
183,458,641
272,78,350
887,880,1767
765,234,999
499,298,797
363,991,1354
62,472,534
524,154,678
508,706,1214
361,448,809
901,913,1814
144,366,510
284,559,843
786,136,922
181,60,241
423,422,845
262,617,879
237,844,1081
36,667,703
887,55,942
701,295,996
471,618,1089
801,932,1733
637,409,1046
149,292,441
199,833,1032
1,835,806
351,668,1059
797,368,1165
772,763,1535
417,470,887
472,497,977
51,131,182
19,18,37
629,57,686
619,656,1275
107,558,665
168,152,320
802,667,1469
480,854,1334
264,353,617
483,827,1310
236,937,1173
72,361,433
39,324,406
306,644,950
167,457,624
916,381,1297
201,333,525
177,437,614
711,609,1320
505,828,1333
529,839,1368
884,951,1835
729,720,1449
609,337,946
384,631,1015
591,362,961
933,462,1395
175,792,967
169,585,754
554,899,1453
511,477,988
610,664,1274
995,933,1928
98,464,562
864,776,1640
144,724,868
473,972,1445
216,949,1165
832,691,1523
705,897,1602
100,581,681
249,445,694
387,326,713
552,908,1460
722,245,967
842,619,1412
378,263,641
123,874,997
745,476,1221
361,560,921
77,957,1034
274,486,760
649,652,1301
380,641,1034
973,338,1261
441,241,682
239,221,460
835,618,1453
904,229,1133
620,239,859
706,168,874
408,481,889
147,300,447
590,615,1205
824,485,1309
933,36,969
623,675,1298
356,41,397
984,929,1913
159,964,1123
504,59,563
607,494,1101
427,448,875
938,723,1661
219,136,355
380,918,1335
729,628,1357
410,624,1034
54,397,451
646,889,1535
630,765,1395
207,852,1031
328,622,950
505,655,1160
630,755,1385
531,483,1014
666,727,1393
566,499,1065
754,86,840
604,542,1146
569,556,1125
339,386,725
6,950,956
340,961,1301
257,852,1112
253,177,430
59,521,580
529,366,895
981,987,1968
967,408,1375
346,313,642
881,742,1623
828,659,1487
640,829,1469
153,929,1082
32,613,645
901,986,1887
720,697,1417
225,826,1051
565,55,620
427,130,557
427,630,1057
773,995,1768
986,927,1913
286,24,310
693,404,1061
184,562,746
644,613,1257
318,958,1276
294,56,350
733,278,1011
21,511,532
628,74,702
524,787,1311
166,14,180
579,220,799
318,591,909
731,207,938
74,45,75
500,332,832
909,931,1840
71,947,1018
195,735,930
695,145,840
748,76,824
770,64,834
30,379,409
648,534,1182
680,570,1298
226,284,510
160,17,136
437,723,1160
20,843,863
579,959,1538
653,540,1193
437,297,734
142,767,909
434,746,1180
105,450,555
644,284,928
163,767,930
430,111,541
956,189,1145
658,893,1551
821,736,1557
675,591,1266
668,365,1033
433,480,913
408,457,865
23,810,833
490,689,1179
720,912,1632
31,439,470
510,683,1193
37,189,228
393,404,797
174,921,1095
790,49,830
225,182,407
997,6,1043
775,733,1511
667,70,737
549,858,1407
933,11,944
586,82,668
944,40,984
177,250,427
427,883,1310
439,190,629
680,53,733
427,630,1057
823,506,1329
942,829,1771
574,806,1380
210,520,730
950,67,1017
10,288,298
130,729,859
294,840,1134
547,645,1192
127,880,1007
575,513,1088
741,270,1028
308,119,427
613,589,1202
641,675,1316
17,663,680
837,501,1338
247,898,1168
129,826,955
329,409,738
449,974,1423
723,856,1607
821,770,1591
391,12,403
436,686,1122
403,432,858
688,308,996
62,183,245
565,307,872
597,716,1313
43,570,613
430,922,1352
173,632,805
914,323,1237
476,110,586
232,438,670
379,296,675
381,171,552
429,937,1366
811,557,1368
795,279,1074
599,333,932
679,770,1449
470,570,1040
2,310,312
637,142,779
813,422,1235
203,167,370
235,126,361
109,280,389
891,882,1773
781,213,994
743,28,771
457,981,1464
126,248,374
314,442,756
566,955,1521
420,51,471
254,287,541
62,602,664
887,461,1364
328,833,1161
61,551,599
411,541,952
950,776,1726
970,859,1829
95,36,131
235,731,966
498,834,1332
102,145,247
537,85,622
11,677,719
987,19,1006
96,957,1053
867,517,1384
229,23,208
364,706,1070
97,534,631
948,275,1223
307,944,1251
771,187,958
823,454,1277
164,976,1140
270,384,666
30,693,723
560,501,1061
610,408,1018
978,666,1644
178,781,959
909,578,1487
121,432,553
583,67,650
70,598,668
160,36,196
820,274,1094
304,673,977
459,970,1429
908,171,1079
849,713,1562
441,79,520
237,322,569
890,285,1175
591,854,1445
17,715,732
322,407,729
375,915,1290
866,426,1292
777,252,1007
293,25,318
472,681,1153
840,664,1504
123,755,878
349,422,771
79,337,416
849,358,1207
146,167,313
940,559,1499
475,716,1191
938,628,1566
316,462,778
489,33,541
214,964,1178
531,676,1207
17,27,44
958,537,1495
652,170,822
886,810,1696
939,886,1825
190,724,914
668,552,1198
522,190,712
131,674,805
640,513,1153
22,790,812
991,725,1716
638,884,1522
949,950,1899
37,666,703
104,144,248
837,770,1607
269,630,899
756,497,1253
276,923,1242
174,39,213
217,598,815
972,422,1394
784,405,1189
380,516,896
431,127,558
646,111,757
674,49,723
192,228,420
162,943,1105
477,966,1443
997,215,1212
227,62,289
694,27,721
906,132,1038
443,191,634
233,987,1220
79,850,929
646,197,843
785,220,1005
10,655,665
536,157,693
764,598,1362
147,853,1000
795,30,825
878,912,1790
296,272,568
423,665,1088
417,249,666
671,665,1336
594,915,1509
550,456,1006
792,514,1306
635,609,1244
170,273,443
264,397,661
544,483,1027
969,918,1887
131,848,979
106,92,223
96,524,620
389,116,505
186,562,748
903,559,1462
526,916,1442
463,232,695
833,655,1488
500,516,1016
592,355,947
719,398,1117
988,64,1052
372,787,1159
705,255,960
467,670,1137
144,850,994
19,762,781
75,382,457
620,998,1618
623,404,984
266,466,732
582,346,928
978,711,1689
644,89,733
293,723,1063
571,48,569
94,282,376
54,67,121
248,487,735
384,358,742
294,819,1113
715,313,1028
854,826,1680
474,395,869
245,944,1189
957,665,1622
284,548,832
366,686,1052
761,489,1250
413,48,461
392,677,1069
452,84,574
249,312,561
903,468,1371
732,506,1238
97,409,506
658,324,982
520,494,1014
485,106,551
867,21,888
159,497,656
280,519,799
325,116,441
49,229,278
248,410,658
312,539,851
354,780,1134
406,522,928
987,194,1194
609,404,1013
461,778,1239
721,386,1107
834,123,957
87,191,278
51,141,192
569,322,891
804,618,1422
726,673,1399
175,576,751
288,75,363
854,971,1825
279,728,1007
330,445,775
534,879,1413
528,656,1184
431,693,1124
577,323,900
521,68,589
356,320,676
957,387,1344
66,773,839
835,610,1445
82,430,554
840,475,1315
204,397,601
975,644,1629
178,82,260
357,839,1196
930,422,1352
40,922,962
703,215,918
997,823,1820
895,860,1755
820,92,912
256,476,732
365,146,511
517,881,1398
25,734,759
365,59,424
324,195,519
963,516,1479
44,112,156
902,845,1747
898,40,938
787,21,808
767,934,1701
722,441,1163
790,650,1440
746,538,1284
491,854,1353
332,520,852
624,425,1049
424,800,1224
790,614,1404
474,930,1404
761,587,1348
716,860,1576
229,878,1107
169,736,872
484,989,1473
40,596,636
693,90,783
904,171,1123
432,72,504
825,936,1776
94,858,952
273,490,763
881,116,997
250,306,556
805,561,1366
505,137,642
857,889,1746
424,886,1310
574,861,1435
662,435,1097
4,799,770
281,77,358
842,872,1714
356,600,956
670,163,833
87,272,359
824,135,959
601,373,974
859,300,1159
395,904,1299
882,277,1159
716,534,1250
783,486,1269
161,748,909
785,254,1039
412,44,476
591,113,704
803,541,1344
206,734,940
189,216,405
865,77,942
568,101,669
407,301,708
482,579,1061
210,763,973
587,57,644
643,861,1504
640,992,1632
962,68,1044
793,972,1765
724,335,1069
242,457,699
809,740,1549
203,752,955
313,884,1197
720,928,1648
977,456,1433
86,561,605
665,84,749
891,60,951
65,799,864
394,609,1003
668,437,1105
983,436,1419
539,887,1426
495,821,1316
870,795,1632
229,110,339
944,360,1304
177,239,416
878,186,1064
602,453,1055
427,80,507
679,548,1227
275,597,872
714,639,1353
303,831,1134
158,906,1064
354,420,774
816,4,820
285,589,874
654,337,991
917,226,1143
90,388,478
288,444,732
432,8,440
161,670,831
311,77,388
305,681,986
624,991,1615
124,74,198
552,539,1091
220,286,506
740,375,1126
589,195,784
984,431,1415
172,763,955
450,641,1091
151,911,1062
553,569,1122
597,538,1135
719,674,1393
246,971,1217
252,175,427
368,486,854
343,854,1197
196,707,903
811,769,1580
918,680,1598
178,206,384
324,915,1239
224,489,713
532,963,1495
265,255,520
424,849,1273
174,784,958
538,716,1254
854,322,1176
400,10,410
854,768,1611
980,656,1636
981,324,1305
507,856,1363
234,584,808
762,527,1289
938,21,959
287,746,1033
567,940,1507
866,249,1115
252,635,887
258,382,640
556,872,1428
33,450,483
543,368,911
161,712,873
924,506,1430
482,336,818
327,815,1142
992,354,1346
41,962,1003
155,989,1144
813,461,1306
492,633,1125
790,695,1485
736,975,1752
359,698,1057
616,783,1399
885,494,1379
557,357,914
414,495,909
51,578,622
647,198,845
799,569,1368
532,649,1181
192,451,643
225,468,693
74,179,230
6,646,652
216,27,243
614,553,1167
402,955,1357
378,795,1173
253,235,488
983,1000,1983
336,855,1191
195,602,797
114,714,828
317,822,1139
602,750,1352
303,343,646
423,633,1056
987,973,1960
57,558,635
960,72,1032
290,686,976
556,609,1165
627,129,756
528,740,1268
658,841,1499
647,371,1018
955,570,1525
252,764,1016
539,498,1052
78,484,562
988,884,1872
335,472,807
862,33,935
795,753,1548
726,14,740
415,401,850
969,828,1797
392,926,1318
598,246,844
370,379,749
893,17,910
563,329,892
351,781,1132
275,340,615
654,812,1466
276,581,857
654,18,672
111,332,443
25,828,853
224,970,1194
643,515,1158
893,394,1287
188,977,1165
638,83,721
619,155,774
181,212,393
175,77,252
611,116,727
397,989,1386
440,351,791
792,184,976
462,586,1048
832,260,1092
35,154,198
219,552,771
18,454,472
317,406,723
689,358,1047
360,964,1324
398,314,712
950,914,1864
387,150,537
509,482,991
535,863,1398
520,254,774
173,613,786
470,789,1259
165,785,950
665,242,907
335,310,645
933,163,1096
543,138,681
938,873,1811
654,459,1113
535,173,708
127,36,163
336,77,413
909,688,1599
278,668,946
383,836,1219
230,746,976
24,194,218
694,563,1257
836,244,1080
403,45,448
27,371,398
996,802,1798
597,765,1362
788,741,1529
806,451,1257
490,52,542
829,847,1676
590,809,1399
913,893,1806
81,514,595
3,564,567
726,644,1370
624,290,914
228,943,1171
215,859,1025
838,75,913
197,789,943
316,113,429
408,157,565
368,591,946
113,498,611
135,798,933
993,77,1029
423,747,1170
942,687,1629
933,820,1753
861,240,1101
987,589,1576
846,780,1626
573,973,1546
483,801,1284
966,342,1308
750,720,1470
645,841,1486
257,618,875
984,529,1513
253,240,493
415,798,1213
678,475,1161
778,699,1477
166,297,463
634,252,886
385,185,570
169,905,1074
731,751,1482
311,330,641
647,479,1126
795,697,1505
897,104,1001
371,404,775
270,375,645
865,511,1376
962,892,1854
389,945,1334
268,333,601
209,771,980
83,143,226
505,170,675
822,411,1213
654,328,982
980,781,1761
987,653,1640
440,710,1150
720,746,1466
799,192,991
394,780,1180
262,475,737
630,933,1563
905,630,1564
889,610,1499
296,142,438
48,178,226
779,960,1739
919,152,1060
446,505,951
537,704,1241
342,257,599
716,733,1449
781,162,943
756,882,1638
367,679,1046
425,998,1385
448,475,923
974,96,1070
570,798,1355
587,402,989
72,531,603
429,501,930
690,569,1259
724,642,1366
321,517,838
992,793,1785
613,148,761
904,512,1416
657,368,1025
976,852,1828
81,95,176
423,563,986
804,95,899
205,784,989
460,579,1039
291,952,1243
827,849,1676
566,139,666
907,811,1718
705,733,1438
711,350,1061
99,331,430
749,877,1626
383,237,667
919,763,1682
494,140,634
130,595,725
823,650,1473
502,943,1445
247,244,491
903,671,1574
569,890,1459
543,430,973
44,862,906
389,888,1277
187,460,647
121,547,668
395,666,1061
147,285,432
349,396,762
185,481,666
813,358,1171
188,417,605
509,430,939
699,603,1302
328,218,546
593,237,830
714,810,1524
470,765,1235
359,962,1321
255,806,1061
981,190,1171
433,444,877
88,297,385
793,164,957
477,37,514
171,1,172
218,576,794
369,986,1355
930,548,1478
269,435,704
402,266,622
788,750,1550
580,721,1301
59,17,76
280,213,493
635,563,1233
135,551,686
520,34,554
550,491,1041
991,522,1513
538,136,674
189,210,399
529,565,1094
445,658,1103
288,107,395
84,556,640
739,318,1057
199,549,748
86,880,966
947,807,1754
823,246,1069
257,193,450
789,60,849
49,799,848
730,48,778
955,949,1904
182,318,500
878,3,853
506,714,1220
157,925,1082
347,702,1022
820,174,994
214,510,724
387,909,1296
599,358,957
969,523,1447
524,982,1506
801,432,1233
993,788,1771
840,940,1773
73,514,587
521,741,1262
666,439,1105
68,286,354
571,443,1014
539,999,1538
393,51,444
643,527,1170
842,439,1281
98,379,477
366,436,802
930,186,1116
508,75,583
128,801,929
310,608,918
555,213,768
521,838,1359
770,116,886
5,418,423
64,270,334
498,737,1235
994,349,1343
795,34,829
451,979,1430
387,734,1121
94,27,121
791,415,1206
333,894,1227
69,187,256
906,896,1802
545,705,1250
924,439,1373
887,707,1594
826,425,1251
668,116,743
614,153,767
307,237,568
154,12,166
977,382,1359
87,784,871
303,414,717
522,631,1153
67,642,709
529,497,1026
446,776,1222
837,942,1779
380,784,1164
781,866,1647
5,954,959
188,493,681
890,195,1085
335,501,836
771,666,1407
383,440,823
86,401,487
29,427,456
612,475,1087
692,605,1297
276,844,1120
791,484,1293
506,459,965
487,187,674
683,70,753
379,758,1137
618,724,1342
364,581,945
334,558,892
182,640,822
587,752,1339
498,598,1096
749,151,900
954,949,1903
676,43,719
533,254,787
765,92,857
388,951,1339
105,886,991
751,898,1649
277,810,1098
11,321,332
415,992,1407
834,950,1784
780,433,1213
594,820,1414
757,114,871
572,635,1207
325,442,767
217,242,459
591,686,1277
193,800,954
94,365,416
664,91,755
942,611,1553
250,988,1238
452,928,1380
26,787,813
590,418,1008
811,392,1203
281,808,1089
99,194,293
679,363,1042
673,249,922
282,960,1242
808,55,863
208,557,765
557,609,1166
691,680,1371
124,140,264
251,748,999
446,894,1340
180,942,1122
758,444,1202
121,137,258
993,162,1155
607,647,1254
212,558,770
133,55,188
580,781,1361
443,805,1248
556,403,959
266,377,643
10,168,176
733,787,1520
117,493,610
946,107,1053
465,37,502
1000,496,1496
966,104,1070
582,58,640
711,268,979
138,651,789
791,692,1483
733,191,924
498,280,778
183,683,866
699,820,1521
362,836,1198
387,107,494
144,536,680
575,865,1440
869,103,972
326,186,512
684,448,1132
176,672,854
90,711,801
189,581,770
53,171,224
69,354,423
876,911,1760
178,200,378
673,905,1578
212,881,1093
149,475,624
599,502,1058
156,128,284
556,644,1200
811,686,1497
26,689,760
635,363,998
435,267,702
845,277,1122
243,265,508
167,436,603
721,364,1085
426,31,457
344,499,843
805,470,1308
807,430,1237
326,730,1056
894,173,1067
775,468,1243
725,250,975
267,28,295
709,775,1484
158,652,810
204,46,250
177,43,220
739,853,1624
294,554,848
224,287,511
963,326,1267
469,555,1024
785,989,1774
811,221,1032
233,380,613
447,199,646
364,525,889
750,945,1695
17,437,454
510,547,1057
412,583,995
249,29,278
902,292,1194
766,362,1163
473,994,1467
414,476,890
142,346,488
179,929,1108
946,390,1336
322,224,546
633,438,1071
409,980,1389
673,145,818
711,912,1623
534,774,1308
465,671,1153
171,113,284
873,139,1012
10,587,597
599,577,1176
786,506,1292
863,175,1038
209,689,898
827,824,1651
781,802,1583
632,33,665
828,555,1383
51,487,538
439,681,1120
634,811,1445
298,927,1225
499,57,556
680,590,1270
792,634,1426
615,953,1568
689,103,792
446,850,1296
554,567,1121
182,221,403
5,957,962
955,613,1568
584,658,1242
92,268,360
801,264,1065
430,274,704
204,1000,1204
35,924,959
208,466,674
511,347,858
929,728,1657
46,314,360
19,795,814
789,772,1561
229,362,591
24,388,412
728,542,1265
768,278,1046
534,31,565
916,841,1757
977,730,1707
647,86,733
121,576,697
472,154,626
175,884,1059
769,682,1451
288,243,531
297,12,309
573,146,719
383,287,670
597,933,1530
360,262,622
485,150,635
410,792,1202
520,659,1179
227,135,362
710,708,1418
47,306,353
901,967,1868
429,466,895
323,531,854
667,60,727
888,836,1724
247,18,265
833,917,1750
860,518,1378
22,754,776
724,175,899
195,570,765
543,796,1339
203,312,515
770,458,1228
719,411,1130
185,348,533
782,555,1337
512,612,1124
54,706,760
802,482,1284
97,396,493
8,222,230
928,759,1694
208,73,281
288,140,428
533,960,1493
791,748,1539
304,502,806
735,600,1335
367,8,375
840,966,1806
593,988,1581
969,644,1635
326,154,480
301,970,1271
618,410,1028
886,619,1505
826,438,1264
437,9,446
1000,180,1180
260,88,348
41,318,327
877,580,1457
398,789,1187
478,796,1274
579,475,1054
22,346,368
649,589,1238
458,265,723
358,376,734
675,654,1329
796,523,1346
140,188,328
382,28,410
816,480,1296
424,638,1062
751,95,846
397,779,1176
995,548,1543
747,809,1556
145,455,600
464,257,721
853,640,1493
931,169,1100
761,293,1054
511,14,525
742,66,808
188,680,868
93,52,145
945,792,1737
958,345,1303
446,767,1213
251,765,1016
347,424,771
917,3,920
350,542,892
324,222,546
287,238,525
363,531,894
45,571,616
922,255,1177
69,622,691
920,278,1198
173,40,213
425,640,1065
403,441,844
45,13,93
331,760,1091
174,270,457
681,926,1607
135,569,704
572,50,622
570,28,598
547,945,1492
100,936,1054
634,902,1536
136,753,889
363,692,1055
858,836,1694
893,55,948
711,422,1133
22,399,421
611,142,753
201,28,229
736,885,1621
143,1000,1143
170,731,901
526,250,776
637,952,1544
470,939,1409
583,497,1080
11,987,998
830,86,916
352,65,417
438,868,1306
357,396,753
448,399,847
761,829,1590
477,395,872
936,8,944
698,723,1421
205,289,494
486,27,513
721,463,1184
837,153,990
536,64,600
800,182,982
579,131,710
159,663,822
868,567,1435
89,709,798
853,741,1547
843,361,1204
801,25,826
472,271,743
928,892,1820
202,690,859
894,736,1630
316,105,421
328,612,940
439,163,602
695,66,761
286,411,697
602,423,1019
260,482,742
942,354,1296
812,793,1598
205,622,827
9,647,656
331,528,859
113,473,586
466,524,990
534,439,948
104,278,382
690,260,950
699,316,1015
427,547,974
2,569,571
910,24,934
951,246,1197
174,79,253
967,977,1944
189,579,768
393,461,854
99,505,604
550,269,819
485,969,1454
730,274,1004
63,198,261
654,393,1047
802,15,817
707,678,1385
436,287,723
143,203,346
78,560,638
666,57,723
892,87,979
685,821,1539
597,167,812
250,117,367
569,377,946
328,600,928
356,448,804
87,484,592
332,791,1123
50,204,254
462,469,931
948,8,956
958,134,1092
520,118,638
32,189,221
805,637,1442
978,775,1753
946,585,1531
300,465,765
797,33,830
676,826,1502
592,237,829
415,36,451
965,322,1331
264,598,862
642,725,1367
908,618,1526
220,96,316
613,437,1050
759,564,1323
768,791,1559
269,610,879
145,956,1101
271,584,855
1,732,733
541,689,1230
305,928,1233
606,166,814
161,168,327
246,448,694
571,745,1316
997,753,1750
11,815,826
139,400,539
784,240,1024
381,386,767
3,265,274
754,279,1033
218,651,869
286,883,1169
531,943,1474
423,764,1187
756,856,1612
738,990,1728
406,879,1285
272,630,902
313,982,1295
756,205,961
189,565,754
847,585,1432
610,202,812
313,955,1268
726,192,918
646,831,1477
554,263,817
140,844,984
518,736,1254
37,777,814
195,231,426
167,118,285
897,190,1087
73,255,328
379,993,1372
257,881,1138
225,802,1027
973,502,1475
373,198,571
147,232,379
346,670,1016
954,511,1465
463,522,985
730,882,1612
381,611,992
76,506,582
181,510,691
305,534,839
707,527,1234
29,252,281
60,940,1000
826,12,838
345,194,539
124,525,649
895,326,1221
77,937,1014
899,338,1237
327,220,547
687,58,745
620,777,1444
205,918,1123
397,479,861
401,298,699
495,254,749
737,109,846
666,919,1585
253,691,944
184,879,1063
382,528,910
721,630,1351
810,259,1069
110,233,343
190,98,288
626,976,1602
572,38,610
222,695,917
609,70,679
280,743,1023
917,351,1268
110,484,594
202,189,391
763,296,1059
281,639,920
557,862,1419
133,749,882
26,412,438
190,955,1145
451,12,463
97,675,772
471,380,851
881,388,1269
703,473,1176
333,166,499
732,438,1187
213,294,543
744,204,948
559,687,1246
358,249,583
200,509,709
219,375,594
478,230,708
625,653,1278
252,973,1225
351,425,776
439,988,1427
54,939,993
148,553,701
22,671,693
806,486,1292
596,303,899
638,789,1427
662,367,1029
579,687,1266
349,87,436
292,603,895
464,584,1048
838,675,1513
816,284,1100
393,90,483
473,146,619
124,260,384
136,144,280
101,949,1050
193,627,820
788,990,1763
654,523,1177
386,766,1152
778,825,1603
86,522,608
680,137,817
777,46,823
843,890,1733
122,759,881
843,983,1826
126,893,1019
957,195,1152
53,438,491
625,660,1285
933,31,964
100,261,361
8,685,693
882,507,1389
708,806,1514
783,792,1575
726,828,1554
361,853,1214
110,498,608
442,397,839
64,536,600
232,531,763
739,547,1286
641,757,1398
259,469,693
240,713,953
409,598,1007
571,326,897
671,807,1478
401,549,950
947,104,1051
797,491,1288
531,287,818
894,369,1263
451,454,905
462,800,1262
858,924,1782
851,163,1014
810,421,1231
519,901,1420
163,907,1070
147,541,688
82,96,178
364,466,782
747,883,1630
289,831,1120
254,613,867
772,422,1183
537,820,1357
830,561,1391
784,91,875
802,996,1798
928,32,960
238,171,409
190,251,441
694,328,1022
253,582,871
320,723,1043
872,538,1410
765,93,867
721,529,1250
929,657,1586
437,244,681
831,730,1561
88,202,290
419,930,1349
344,503,847
648,38,686
242,47,289
36,352,388
362,127,489
269,226,495
351,765,1116
439,378,817
657,288,945
531,102,633
850,226,1076
473,705,1178
853,292,1145
363,679,1042
524,759,1283
639,701,1340
147,169,316
256,143,399
157,688,845
629,969,1598
380,223,603
194,584,778
947,448,1395
646,141,787
772,251,1023
520,370,890
713,782,1495
508,329,837
572,565,1137
766,962,1728
573,12,585
570,149,719
313,430,743
905,901,1806
99,442,541
256,523,779
228,547,775
313,999,1312
296,798,1094
572,496,1068
62,844,906
49,362,411
773,526,1299
503,17,520
354,219,573
492,246,738
190,453,613
121,892,1013
751,774,1525
35,368,403
981,860,1841
537,492,1029
92,349,441
276,630,906
454,345,799
180,65,245
323,36,359
612,283,865
865,95,960
774,289,1063
826,208,1034
651,577,1253
341,422,763
23,76,99
504,474,978
806,406,1212
872,24,896
305,625,930
978,574,1552
868,658,1526
411,952,1363
918,129,1047
914,689,1603
821,890,1711
377,182,559
344,792,1136
311,936,1247
393,977,1348
838,773,1611
748,26,774
346,307,653
821,791,1612
330,7,337
716,478,1189
394,146,510
768,563,1331
434,608,1042
35,87,90
725,876,1601
343,168,511
359,822,1181
47,346,393
919,824,1743
73,595,668
712,114,826
710,271,981
837,972,1809
345,982,1357
429,944,1373
316,995,1311
341,283,624
943,983,1926
367,179,502
15,964,979
921,560,1481
238,521,759
863,261,1124
469,600,1069
180,682,889
374,849,1223
219,193,412
295,587,882
137,290,464
291,227,553
509,720,1229
706,917,1623
847,767,1614
928,159,1087
975,600,1575
984,140,1124
71,20,91
587,624,1211
874,631,1505
447,695,1142
614,201,815
48,950,998
198,302,466
803,641,1444
929,392,1321
986,516,1502
78,147,225
976,662,1638
651,867,1518
164,127,291
714,896,1610
68,222,290
467,157,624
601,227,828
721,27,748
127,246,373
752,160,912
325,482,791
879,219,1098
836,382,1218
829,969,1798
464,393,857
320,747,1067
202,92,294
331,646,977
715,350,1065
344,978,1322
395,389,784
753,360,1113
564,349,913
402,125,527
662,959,1621
182,555,737
285,449,734
276,225,501
79,775,854
386,906,1292
165,216,381
221,700,921
645,908,1553
228,246,474
857,554,1411
793,678,1471
652,30,682
37,149,186
425,989,1414
443,518,961
786,161,947
389,490,879
884,815,1699
549,288,837
560,162,722
119,190,309
491,308,799
99,17,116
117,124,241
997,236,1233
229,157,386
97,15,112
715,860,1575
947,612,1559
298,53,351
317,137,454
297,934,1231
741,960,1701
122,211,333
663,111,774
227,683,910
351,805,1156
486,28,514
598,839,1437
20,625,645
276,1,277
958,616,1574
55,994,1049
892,350,1242
822,312,1134
236,547,819
181,569,750
750,191,941
332,954,1286
885,65,950
293,273,566
398,328,726
179,789,968
337,700,1037
601,521,1122
516,374,890
340,255,595
403,577,980
161,245,453
432,365,797
224,821,1045
157,463,620
707,500,1207
468,55,523
138,294,432
593,378,971
628,197,825
614,717,1331
130,365,495
984,220,1204
490,620,1110
486,203,689
185,275,460
126,236,362
562,88,693
366,624,990
486,793,1279
734,54,788
254,128,382
277,755,1032
93,78,171
642,581,1223
436,575,1011
947,556,1503
913,583,1496
591,507,1098
272,754,1026
905,610,1515
118,106,224
77,615,717
587,363,950
8,218,226
306,984,1290
55,437,492
569,750,1319
988,483,1471
832,874,1706
469,468,937
649,104,753
603,628,1231
113,505,618
510,902,1412
10,580,590
140,802,942
764,522,1286
163,371,534
743,174,917
883,455,1338
316,257,573
745,213,958
267,889,1156
817,379,1218
171,992,1163
997,178,1175
97,84,181
403,545,948
423,909,1332
233,281,514
842,418,1260
251,158,409
536,508,1044
307,177,484
499,309,808
623,188,811
739,459,1198
269,442,711
570,31,601
516,413,929
290,263,553
479,152,645
949,409,1358
166,218,384
319,102,421
983,424,1419
189,725,877
635,956,1591
369,560,929
905,369,1243
621,690,1311
939,198,1137
589,389,978
186,748,934
686,127,813
885,211,1096
971,327,1298
272,250,522
434,344,778
706,623,1329
777,58,835
120,201,308
266,562,828
908,865,1773
187,768,955
95,339,434
627,482,1114
605,292,897
798,115,913
64,375,439
296,356,602
976,296,1272
763,669,1432
195,859,1071
204,257,461
824,607,1431
20,765,785
124,10,134
387,807,1194
850,643,1493
928,144,1072
844,914,1758
386,397,783
46,654,700
647,669,1316
859,428,1287
738,104,842
205,647,852
894,156,1050
928,592,1520
494,372,866
71,459,530
594,502,1096
292,908,1200
148,551,699
101,464,565
999,866,1865
49,165,214
78,177,255
647,316,963
774,146,920
796,507,1303
768,24,792
439,70,509
74,285,359
126,348,474
398,243,641
715,278,993
983,762,1745
514,768,1282
40,474,514
846,762,1608
674,623,1297
220,563,783
32,238,270
828,651,1479
528,323,859
302,683,985
386,702,1088
497,83,580
54,509,563
106,90,196
596,180,776
141,551,692
722,952,1674
275,781,1056
5,946,951
959,756,1715
48,106,154
926,660,1586
788,167,955
122,432,554
739,126,865
258,47,305
540,226,766
719,540,1259
149,120,269
647,313,992
528,569,1124
714,74,788
13,283,296
809,310,1085
462,708,1138
435,50,485
482,882,1364
390,424,814
46,466,512
547,574,1121
297,220,517
704,558,1262
150,139,289
735,391,1126
398,461,859
213,332,545
306,303,609
621,266,887
390,10,400
664,646,1351
453,859,1312
397,189,586
761,623,1384
859,691,1540
946,712,1658
814,325,1139
418,181,599
508,153,661
110,109,219
553,309,862
3,261,264
627,587,1214
864,518,1382
435,639,1074
684,53,737
105,279,384
177,763,940
471,225,696
352,393,745
82,511,593
551,559,1110
729,212,941
586,255,841
977,517,1462
990,357,1347
277,617,894
471,933,1427
165,970,1135
36,510,546
66,570,636
80,469,549
559,755,1264
292,706,998
976,330,1306
72,702,774
267,868,1135
540,477,1017
999,762,1761
426,621,1047
609,707,1316
742,574,1316
364,454,818
450,964,1414
492,561,1053
509,41,550
711,867,1578
987,225,1212
808,207,1015
247,496,743
377,553,930
951,834,1785
782,893,1675
788,141,929
113,977,1090
230,832,1062
84,124,208
711,833,1544
588,949,1537
78,937,1015
706,751,1457
753,316,1069
622,23,645
600,651,1251
824,495,1295
833,634,1467
305,890,1195
818,304,1122
640,244,838
613,406,1019
991,883,1874
355,628,983
527,105,632
143,465,608
598,554,1152
287,313,600
361,566,927
800,78,878
159,558,717
804,956,1760
723,792,1479
304,287,591
565,824,1380
80,389,469
546,654,1200
83,582,665
224,97,321
973,510,1483
857,961,1818
611,781,1392
561,682,1239
638,911,1549
766,269,1035
914,728,1642
292,251,543
537,406,945
38,131,169
46,421,467
770,898,1668
705,833,1517
89,346,435
474,514,988
873,950,1823
891,411,1302
308,784,1092
784,389,1173
741,368,1109
88,24,112
894,747,1641
860,764,1624
642,572,1214
641,530,1171
304,815,1119
901,506,1407
450,991,1441
88,533,621
863,303,1166
763,413,1176
288,109,397
867,334,1201
436,528,964
487,548,1035
162,700,862
345,141,486
513,108,621
19,371,420
378,558,933
723,462,1185
733,946,1679
808,682,1490
254,769,1023
640,94,734
799,197,996
90,659,749
363,91,460
969,276,1245
237,425,662
402,84,486
879,689,1568
867,722,1589
268,178,446
71,698,781
662,666,1328
233,67,300
955,222,1177
925,334,1259
841,543,1424
534,294,828
365,906,1271
172,273,445
488,756,1212
502,251,753
720,318,1038
258,579,837
286,375,661
613,989,1602
94,34,128
759,732,1491
598,46,644
874,773,1647
782,278,1060
764,928,1692
832,306,1138
5,973,978
726,819,1545
244,394,638
306,310,616
402,605,1007
219,604,823
785,282,1034
522,980,1502
108,149,257
63,974,1037
871,133,1004
309,370,679
652,273,925
125,902,1027
6,62,68
917,921,1838
375,21,396
755,844,1599
378,931,1309
682,400,1082
581,671,1252
948,918,1866
782,281,1063
38,595,633
217,196,413
136,937,1073
945,507,1452
440,687,1127
325,734,1059
113,281,394
216,935,1151
996,151,1147
604,898,1502
422,140,562
865,558,1423
186,315,501
115,868,983
885,734,1619
594,126,720
940,475,1413
69,853,922
138,707,845
226,368,594
576,385,961
295,72,367
111,523,634
411,508,919
675,233,908
12,457,429
605,548,1153
734,783,1517
950,510,1460
493,732,1225
952,764,1716
875,310,1185
15,98,113
819,85,904
890,94,984
602,823,1425
81,193,274
331,405,736
961,344,1305
808,981,1789
136,888,1024
573,618,1191
108,202,318
931,834,1765
613,29,642
553,553,1106
831,978,1809
326,803,1155
323,77,400
417,451,868
684,459,1143
631,336,967
141,494,635
729,693,1422
595,488,1083
857,791,1648
781,498,1279
298,696,994
940,406,1346
717,393,1110
199,487,686
887,612,1499
974,472,1446
335,167,472
575,214,789
36,304,340
306,680,962
50,977,1027
638,454,1092
561,271,832
800,917,1717
97,140,237
444,287,731
550,696,1258
834,984,1818
339,528,867
174,764,929
73,334,407
463,477,940
117,719,836
832,788,1620
718,569,1287
264,640,904
983,652,1635
247,68,315
189,460,649
83,628,711
492,408,900
193,946,1139
128,229,357
550,105,655
899,668,1567
950,758,1708
946,326,1272
416,56,472
173,555,728
112,649,761
60,634,694
955,448,1403
63,742,805
159,851,1010
481,910,1391
983,540,1523
836,771,1607
458,254,712
208,315,523
155,799,954
87,293,339
970,671,1641
569,641,1210
517,695,1212
443,985,1428
206,662,868
943,412,1355
421,670,1123
54,445,499
384,5,386
590,152,742
207,683,890
646,750,1396
108,951,1059
190,833,1023
773,869,1642
940,887,1827
133,333,466
829,101,930
978,701,1679
515,631,1146
820,494,1314
915,824,1739
623,131,754
36,440,446
202,986,1188
23,850,873
558,13,570
757,204,961
17,861,878
448,761,1209
173,523,696
507,329,836
960,231,1191
751,47,798
334,98,447
643,166,809
906,472,1378
359,229,588
733,271,1004
523,492,1015
497,582,1079
451,399,850
984,967,1951
464,870,1334
292,369,661
113,631,744
681,796,1477
193,10,203
696,572,1247
344,686,1040
345,991,1336
371,939,1310
696,472,1170
784,28,812
94,264,358
556,206,762
916,666,1582
249,273,522
481,781,1262
946,918,1900
773,953,1726
471,579,1050
517,492,1009
980,500,1494
241,423,664
582,222,831
162,599,761
346,139,485
258,759,1017
354,957,1311
244,963,1207
857,942,1799
164,653,817
74,678,752
645,610,1255
774,742,1516
242,454,696
810,732,1588
846,14,860
663,622,1285
467,596,1063
132,618,750
437,949,1386
970,528,1498
183,33,216
947,718,1665
537,685,1222
476,585,1061
311,216,527
206,700,906
972,885,1857
255,42,297
863,318,1181
251,424,675
309,895,1204
976,768,1744
86,75,161
933,949,1882
563,173,736
399,826,1225
538,839,1377
688,669,1357
758,778,1558
360,20,380
95,697,792
495,853,1348
7,309,316
869,382,1251
467,697,1164
234,68,302
156,876,1032
141,736,877
461,344,805
293,865,1158
955,291,1246
931,846,1777
167,666,833
574,902,1426
606,273,879
835,40,875
962,351,1303
140,864,1004
35,77,112
395,670,1065
3,991,994
484,911,1395
683,946,1629
157,251,408
684,522,1206
973,915,1888
173,783,956
871,825,1696
461,405,897
599,889,1488
706,755,1461
233,725,958
491,856,1347
277,659,936
343,841,1184
666,946,1612
674,598,1267
781,890,1671
719,890,1609
618,17,635
299,762,1061
281,545,826
706,808,1514
771,546,1317
339,669,1008
288,248,536
478,161,639
366,393,763
376,934,1310
44,56,100
597,269,866
189,229,418
867,833,1700
680,518,1198
488,394,882
863,354,1217
43,669,712
720,963,1683
739,698,1437
857,495,1352
552,960,1512
376,929,1305
201,249,450
834,740,1574
555,231,786
9,603,612
766,535,1301
224,639,863
430,954,1384
724,767,1491
930,552,1482
307,301,609
481,734,1215
25,248,273
883,612,1495
71,747,818
382,464,846
196,643,839
248,987,1235
689,246,935
549,794,1343
180,173,353
676,444,1120
234,841,1075
740,114,854
838,15,853
763,23,786
560,51,611
430,976,1406
489,150,639
705,721,1426
751,918,1669
376,845,1221
70,135,205
687,529,1186
653,737,1390
586,124,710
487,731,1218
806,509,1315
993,413,1406
396,862,1302
841,996,1837
215,98,313
703,325,1028
25,480,483
935,349,1295
693,571,1264
938,639,1577
636,486,1122
608,71,665
608,440,1048
536,592,1128
571,294,865
354,565,919
678,529,1207
136,795,931
834,217,1051
638,217,855
668,279,947
621,297,918
5,228,184
335,346,681
907,645,1584
354,448,802
814,34,848
494,31,525
210,158,368
377,601,978
264,302,576
477,945,1422
907,582,1489
684,158,842
846,112,958
495,178,673
367,93,460
459,84,543
161,995,1156
49,161,210
77,285,362
441,265,706
8,7,-33
48,111,159
234,942,1176
182,967,1149
21,354,375
226,969,1195
589,589,1178
503,995,1459
673,82,757
563,155,718
465,133,598
11,371,382
931,117,1048
898,925,1823
445,818,1263
536,433,969
115,393,508
396,280,676
803,103,884
837,877,1714
518,843,1361
279,833,1112
119,394,513
296,295,561
640,790,1430
248,823,1071
13,305,318
786,781,1567
357,380,737
955,702,1636
954,432,1386
41,126,167
709,580,1289
352,89,441
389,13,374
682,873,1555
388,541,929
390,769,1159
996,984,1980
506,365,871
946,993,1939
19,987,1007
344,638,982
823,397,1220
549,997,1546
104,959,1063
449,574,1023
194,959,1153
778,512,1290
214,308,522
240,205,445
269,987,1256
244,763,1007
231,278,509
558,334,892
972,395,1367
767,681,1448
281,198,479
253,945,1198
422,852,1274
184,564,748
884,547,1431
289,318,607
126,676,802
136,335,471
655,634,1289
848,417,1265
227,237,464
116,746,862
446,985,1431
207,316,523
579,624,1203
321,157,478
571,262,833
610,682,1292
176,23,199
24,823,847
874,410,1284
213,566,750
161,51,212
610,597,1207
542,985,1567
851,983,1834
356,745,1101
491,445,936
208,105,331
721,881,1602
130,608,738
919,450,1369
787,344,1169
417,803,1257
344,104,448
278,135,413
917,606,1523
299,290,589
907,748,1655
14,59,73
71,142,213
207,326,533
460,271,731
285,935,1220
706,817,1523
167,61,228
551,102,653
455,267,770
995,687,1682
938,322,1260
594,12,606
985,407,1392
172,100,272
761,817,1578
970,388,1358
292,1,293
345,750,1095
128,326,454
906,708,1614
365,85,450
10,883,893
695,111,843
637,794,1431
782,789,1571
832,749,1581
48,413,461
379,101,480
423,771,1194
813,376,1189
431,225,656
861,205,1027
54,152,206
697,218,915
140,31,171
3,331,334
6,958,964
696,774,1470
67,339,363
256,593,849
229,349,578
545,60,577
174,295,469
223,253,476
50,244,294
613,701,1314
333,377,710
502,586,1088
526,70,596
691,930,1621
281,846,1127
866,815,1681
896,17,913
207,599,831
801,17,862
469,510,979
135,672,807
357,867,1224
713,330,1043
65,245,310
845,956,1801
12,965,977
592,464,1056
255,84,339
167,11,178
880,556,1436
935,566,1501
147,318,465
4,962,966
870,676,1504
454,583,1037
49,195,244
975,783,1758
599,861,1460
315,67,382
519,755,1274
879,449,1328
158,548,709
76,743,819
346,674,1020
980,262,1242
939,766,1705
465,383,848
433,673,1106
772,870,1642
919,921,1840
380,66,446
638,932,1570
138,899,1037
333,880,1213
203,248,451
962,120,1082
266,229,495
570,199,814
136,793,929
865,933,1798
665,779,1444
554,958,1512
436,246,682
570,469,1039
21,162,183
719,637,1356
468,481,949
247,793,1040
97,143,240
896,778,1674
111,53,164
347,40,400
212,221,433
158,964,1122
899,239,1138
301,460,761
953,749,1702
37,860,897
620,465,1085
287,787,1074
273,772,1045
611,156,767
780,473,1253
500,824,1324
856,783,1639
970,112,1082
558,37,595
497,414,911
893,382,1244
15,58,73
640,21,644
685,396,1081
171,920,1091
723,528,1251
529,113,642
23,289,312
225,950,1175
993,845,1838
249,15,264
764,501,1265
258,700,958
477,192,669
824,233,1057
586,715,1301
416,276,677
437,323,760
698,321,1019
390,467,857
191,432,623
810,839,1649
729,862,1591
970,474,1444
655,692,1347
214,784,998
219,344,563
358,871,1229
530,107,637
680,420,1100
522,222,761
147,824,971
120,419,539
493,178,671
498,795,1293
237,4,241
187,673,860
905,819,1724
210,952,1162
991,10,1001
567,186,753
21,703,724
867,440,1307
258,42,300
283,896,1179
289,701,990
952,636,1588
391,881,1272
10,581,591
276,963,1239
317,605,922
663,700,1363
936,894,1830
254,936,1190
277,806,1083
248,884,1132
581,978,1559
331,154,485
92,232,324
492,930,1422
563,523,1086
171,747,918
711,419,1130
79,627,706
748,632,1380
935,94,1029
712,950,1662
825,130,955
122,122,294
721,479,1234
489,417,906
78,902,980
791,217,1008
620,825,1445
477,118,545
334,394,724
235,222,457
666,757,1423
674,37,711
998,525,1523
667,660,1327
699,197,896
409,533,942
220,674,894
655,459,1114
430,36,466
651,316,967
819,218,1037
146,764,910
35,813,848
372,948,1320
177,117,294
253,116,369
173,234,407
369,349,718
817,566,1383
109,286,395
8,938,946
820,910,1730
874,702,1576
589,895,1484
530,91,621
630,120,750
687,429,1116
456,345,801
276,878,1154
28,821,849
83,231,314
857,808,1665
23,330,353
158,708,866
266,552,818
905,559,1464
891,503,1394
798,665,1463
724,669,1393
959,847,1806
181,695,876
68,786,854
1,333,334
336,57,393
778,740,1518
610,224,834
928,776,1704
780,649,1429
678,573,1242
772,420,1192
216,607,849
775,591,1366
916,714,1630
834,50,884
815,516,1331
388,623,1011
556,482,1073
237,6,243
946,648,1594
132,133,265
290,265,555
16,944,960
534,378,912
282,709,991
274,83,357
212,657,869
721,622,1343
808,307,1115
736,170,906
224,261,485
430,665,1095
290,667,957
477,682,1159
864,289,1153
136,703,839
675,239,914
697,841,1538
593,109,702
802,325,1127
733,714,1447
253,237,490
731,755,1486
787,179,966
232,555,787
497,700,1197
734,632,1366
47,796,843
521,764,1285
849,90,939
427,512,939
587,640,1227
244,97,341
940,664,1611
655,360,1015
921,756,1677
205,523,703
773,370,1143
457,538,995
911,76,987
300,887,1187
86,381,467
700,940,1640
314,905,1219
960,748,1708
406,78,437
510,364,874
505,595,1100
760,918,1678
585,768,1353
579,748,1327
848,648,1496
395,922,1317
519,472,991
494,785,1279
470,475,945
31,516,547
976,194,1170
638,448,1086
452,209,621
648,490,1138
629,244,873
817,110,927
897,366,1263
940,770,1710
36,72,106
516,306,822
85,330,415
504,6,510
988,676,1664
531,657,1188
299,471,770
309,185,494
920,299,1219
270,427,697
384,680,1064
636,385,1021
52,843,895
402,971,1373
761,330,1091
420,991,1411
619,498,1117
859,102,961
710,706,1416
272,503,775
525,936,1461
757,522,1279
608,619,1233
356,228,584
514,537,1051
990,222,1212
590,711,1301
689,518,1207
927,347,1274
690,208,898
259,81,340
300,538,838
769,230,999
996,980,1992
459,214,681
423,825,1248
916,673,1589
637,190,827
100,158,258
58,941,999
261,142,403
883,59,942
394,646,1040
430,757,1187
308,818,1126
960,401,1361
217,934,1151
141,279,420
201,664,865
20,819,839
496,573,1082
815,909,1724
989,871,1860
577,213,790
989,184,1173
149,747,940
713,293,1006
62,845,907
230,124,354
413,860,1273
98,693,791
472,280,752
282,763,1045
784,701,1485
466,464,930
678,372,1050
163,519,682
623,358,981
395,184,579
770,655,1425
585,140,725
832,645,1477
399,581,980
36,813,849
410,114,524
585,416,1001
181,995,1176
292,502,794
470,301,771
344,128,522
100,86,186
911,93,958
297,10,307
176,800,976
16,707,723
853,724,1608
629,211,830
824,851,1697
792,145,937
772,290,1062
113,848,961
784,501,1285
255,946,1250
278,130,408
616,434,1050
387,137,524
654,83,695
558,97,644
939,260,1199
757,392,1149
240,737,977
861,364,1225
904,412,1361
32,682,714
318,406,724
187,643,830
314,661,975
63,809,826
19,137,156
643,137,780
762,669,1431
415,366,781
192,867,1059
389,704,1093
941,646,1587
548,960,1508
559,377,936
791,863,1654
863,717,1553
216,864,1080
815,864,1679
584,637,1221
105,642,747
649,785,1434
360,158,518
200,801,1001
890,265,1189
926,799,1725
194,538,732
820,162,982
478,971,1449
774,967,1741
876,259,1135
362,31,366
972,687,1659
33,652,685
46,386,432
543,400,943
408,383,779
405,494,899
835,388,1223
401,673,1074
150,912,1062
883,440,1323
766,562,1328
23,35,58
767,409,1176
1,188,189
858,284,1142
539,227,766
666,187,853
81,156,253
764,608,1372
184,252,436
774,335,1109
467,212,679
401,225,626
941,684,1625
509,644,1153
6,51,57
533,791,1324
501,917,1418
87,856,943
683,821,1504
738,435,1173
320,226,513
52,343,395
638,178,785
307,966,1273
478,310,788
827,647,1474
207,102,309
445,415,860
433,587,1040
698,306,1004
707,952,1659
871,237,1108
287,20,307
92,313,405
121,446,567
941,306,1247
29,1,30
685,666,1364
700,793,1514
803,71,874
967,925,1892
897,160,1057
416,231,647
578,432,1010
223,380,603
170,358,528
824,679,1503
759,919,1678
36,945,981
913,271,1161
664,189,853
567,653,1203
412,963,1375
704,971,1675
773,101,874
619,210,829
820,614,1434
13,268,281
160,560,720
6,867,873
745,404,1149
887,362,1249
422,116,538
983,683,1666
467,41,508
855,646,1501
487,88,575
42,507,549
656,949,1605
963,498,1461
965,307,1272
768,10,778
226,947,1173
491,883,1374
338,304,599
163,75,238
336,209,545
379,678,1057
734,990,1724
422,237,659
254,925,1179
634,202,836
279,393,709
170,268,438
997,269,1266
220,621,841
739,275,1014
800,331,1131
483,203,686
959,965,1924
344,79,423
280,488,768
113,359,472
353,402,755
678,193,871
279,367,646
92,156,248
410,951,1361
856,59,915
988,946,1934
456,923,1379
207,240,447
673,929,1602
826,303,1129
965,951,1916
900,412,1312
696,493,1189
853,300,1153
561,222,783
485,343,828
514,230,782
303,368,671
253,800,1053
601,566,1167
795,849,1644
144,317,461
513,897,1410
119,914,1033
545,935,1480
921,824,1745
775,220,995
450,416,866
666,313,979
618,233,851
536,593,1129
428,169,597
946,286,1221
829,866,1695
571,643,1214
206,120,326
33,603,636
546,626,1172
179,383,606
475,467,942
749,573,1322
770,894,1664
34,715,702
362,545,907
179,919,1095
676,279,955
951,957,1908
190,502,692
135,419,554
240,379,619
751,975,1726
788,604,1392
888,188,1076
407,81,488
669,957,1626
684,552,1236
887,948,1835
809,427,1236
694,807,1501
131,931,1062
16,447,463
497,582,1079
920,445,1365
177,383,560
301,301,602
978,288,1266
81,277,358
469,546,1061
639,825,1424
466,252,718
963,108,1071
281,180,461
933,261,1194
351,746,1097
357,894,1251
741,811,1552
167,734,901
596,299,895
184,954,1153
549,849,1398
338,516,854
806,94,900
569,645,1214
453,11,464
131,978,1109
418,516,934
877,795,1654
6,99,105
950,985,1935
482,618,1100
789,741,1530
754,680,1434
394,96,490
23,443,466
452,735,1187
408,908,1316
893,752,1645
298,555,853
124,252,376
859,314,1173
710,728,1438
854,40,855
225,550,770
59,627,686
318,764,1082
316,25,341
593,90,683
517,945,1462
936,142,1078
129,894,1023
739,123,862
737,743,1480
424,947,1371
50,180,230
803,792,1595
340,514,854
112,338,450
433,718,1151
858,157,1015
498,881,1379
675,681,1356
69,648,717
293,291,584
420,656,1076
641,423,1064
467,110,608
617,653,1270
911,512,1423
948,140,1088
402,944,1346
632,199,831
588,32,620
457,980,1437
376,808,1184
301,502,803
410,816,1226
444,96,540
615,924,1539
765,943,1708
561,58,619
563,98,615
254,207,461
149,910,1059
910,511,1413
906,664,1570
359,666,1025
834,25,859
1,265,266
127,531,658
297,273,570
615,715,1330
820,76,873
272,374,646
967,289,1256
304,641,945
552,95,647
301,485,786
899,38,937
822,230,1052
824,479,1303
777,698,1475
635,789,1424
219,240,459
245,5,287
936,228,1164
226,944,1170
474,66,540
644,424,1068
41,96,137
781,841,1622
13,75,88
261,827,1088
293,959,1252
769,964,1733
388,487,853
483,556,1039
564,306,870
617,91,708
723,233,956
268,380,648
249,362,611
152,509,690
510,369,879
685,215,913
75,101,176
529,558,1087
959,195,1114
922,727,1649
130,579,709
984,78,1062
443,408,851
572,585,1157
996,552,1548
609,517,1126
169,450,619
359,516,875
257,272,529
328,677,1005
988,870,1858
159,680,839
799,378,1177
627,723,1350
884,813,1697
327,963,1290
37,642,679
824,328,1152
445,563,1008
149,217,366
53,666,719
802,852,1654
171,138,309
249,418,667
123,5,128
447,755,1202
721,925,1646
363,287,654
265,57,322
930,94,1024
410,928,1338
50,44,94
447,254,738
112,461,546
259,642,901
819,732,1601
274,486,760
336,208,544
683,992,1675
293,467,760
909,75,984
892,948,1840
552,345,897
150,439,589
101,923,1024
689,769,1458
160,247,407
153,893,1046
455,113,568
879,306,1185
291,111,402
687,110,797
655,236,891
474,876,1350
991,798,1800
547,403,960
274,921,1195
581,993,1574
694,830,1524
971,560,1531
57,359,416
800,326,1126
664,812,1476
786,49,835
240,55,324
796,99,895
617,452,1069
436,571,1007
720,746,1497
936,531,1467
663,698,1361
170,795,965
245,155,400
52,311,363
582,418,1000
27,662,689
555,713,1268
460,351,811
336,97,433
294,29,323
347,130,477
505,348,853
511,256,767
367,586,953
846,835,1681
955,661,1573
729,369,1098
936,228,1164
53,229,282
781,206,987
12,921,933
93,477,578
114,163,299
98,442,540
381,91,472
118,585,703
51,443,494
601,152,753
82,747,829
53,336,389
37,123,160
204,95,299
570,892,1462
908,775,1683
918,155,1073
439,172,611
812,565,1377
530,162,692
845,399,1244
693,857,1550
9,413,422
230,921,1151
864,495,1359
8,730,738
957,858,1815
935,342,1277
714,78,792
652,144,796
160,682,842
388,362,750
22,242,267
958,629,1587
137,178,315
806,730,1536
112,147,259
280,790,1070
13,70,83
816,171,987
410,540,914
873,609,1482
377,161,538
556,46,602
799,757,1556
645,831,1476
305,928,1233
980,250,1230
181,994,1175
338,836,1174
32,177,209
547,436,952
920,634,1554
608,197,805
393,734,1127
574,605,1179
313,846,1159
295,432,694
728,165,893
288,842,1117
779,482,1261
828,584,1412
218,764,982
862,109,971
531,823,1354
249,878,1127
656,958,1614
158,930,1088
831,530,1361
348,842,1190
547,759,1306
585,772,1357
392,426,818
153,191,344
468,113,581
109,84,193
604,385,989
783,174,957
251,598,849
86,336,464
637,10,647
277,910,1187
318,37,355
148,699,832
504,172,676
30,573,594
397,133,530
369,985,1354
413,807,1220
144,250,434
209,997,1206
578,86,664
886,11,897
504,351,855
963,104,1067
743,544,1287
945,9,954
303,796,1099
571,154,725
402,160,562
984,814,1798
371,391,762
68,307,375
63,937,1000
809,643,1452
459,184,691
515,832,1347
974,415,1389
197,194,391
638,419,1057
619,360,979
210,645,855
217,730,947
865,238,1103
178,903,1081
33,461,508
573,181,754
426,415,841
759,900,1659
849,801,1641
198,49,247
391,126,517
131,886,993
574,88,649
294,30,324
696,839,1535
334,961,1295
313,620,933
723,482,1205
850,301,1151
891,993,1884
418,745,1163
24,157,181
483,518,1023
492,225,717
87,323,410
276,736,970
81,873,954
326,386,712
227,216,443
323,33,356
83,323,406
33,331,364
683,461,1139
521,636,1157
901,638,1523
72,459,531
861,943,1798
237,385,622
737,496,1233
403,49,452
12,993,1005
352,640,992
178,606,784
204,458,662
480,244,724
744,728,1472
506,441,947
676,233,909
465,456,921
194,349,543
492,18,510
645,905,1550
952,159,1111
237,254,491
557,645,1202
433,655,1088
975,963,1938
786,300,1086
32,1,33
476,968,1444
479,812,1291
981,885,1866
808,954,1762
464,744,1208
49,519,568
585,725,1310
275,684,959
376,876,1252
793,434,1227
453,359,787
742,869,1611
215,447,662
837,734,1571
128,714,842
741,690,1431
678,549,1227
108,988,1096
754,180,934
381,788,1169
870,816,1686
821,982,1803
794,258,1052
868,36,904
901,111,1012
139,825,964
418,441,859
72,199,271
790,69,859
127,519,646
67,774,841
178,975,1153
284,117,401
545,231,776
265,622,887
104,790,894
335,873,1208
730,598,1328
770,182,952
871,981,1852
750,180,891
600,647,1247
718,308,1026
480,18,498
992,561,1553
910,196,1106
693,816,1509
539,211,750
441,494,935
514,544,1058
556,961,1517
165,977,1142
547,373,920
871,530,1401
105,665,770
410,96,506
885,969,1854
766,740,1506
955,692,1605
379,369,748
568,3,571
353,894,1247
277,694,971
846,365,1211
104,3,107
531,199,730
910,434,1344
42,47,89
583,152,735
877,256,1133
475,859,1334
916,495,1411
333,416,749
168,310,429
311,98,409
793,371,1164
948,108,1094
913,723,1636
857,995,1852
801,925,1726
748,174,922
456,868,1314
689,489,1177
393,978,1371
840,242,1082
766,172,938
163,691,854
882,482,1364
255,682,937
587,82,669
502,15,517
859,289,1148
281,565,846
355,195,550
764,556,1320
394,124,518
784,219,1003
251,690,941
987,256,1243
217,472,689
988,337,1325
566,858,1424
480,650,1146
309,80,389
818,700,1518
80,954,1034
670,794,1464
990,417,1407
25,181,183
873,584,1457
67,341,408
639,180,819
212,103,315
528,802,1330
250,38,288
662,206,868
268,445,713
833,474,1307
852,104,956
505,704,1209
84,213,297
194,178,372
164,307,438
647,747,1394
684,550,1234
245,460,705
86,579,665
738,552,1290
277,860,1137
521,454,975
972,606,1578
40,929,969
953,625,1578
849,625,1474
929,560,1489
170,397,567
281,792,1073
431,485,916
853,855,1708
817,62,879
473,51,492
529,993,1522
712,84,796
518,953,1471
755,857,1612
653,505,1158
959,203,1162
741,987,1728
70,570,640
605,680,1285
774,269,1043
436,886,1354
829,156,985
981,109,1090
25,697,722
361,1,362
679,608,1287
257,237,494
294,47,341
977,216,1193
329,407,736
390,948,1338
961,603,1564
2,158,160
991,884,1875
640,594,1234
53,946,999
673,114,787
563,296,859
358,327,680
76,206,282
43,981,1024
929,749,1678
295,36,331
261,420,640
42,364,406
294,614,908
308,914,1222
67,209,276
930,271,1201
550,363,913
360,671,1031
379,815,1194
257,409,666
376,695,1071
233,642,875
709,284,993
887,525,1412
277,789,1105
456,141,597
945,824,1769
107,627,734
470,470,940
588,21,609
360,523,883
729,893,1622
219,901,1120
808,167,975
72,485,557
938,823,1761
291,922,1213
80,869,949
288,980,1268
132,373,505
625,979,1569
13,825,838
328,901,1229
270,984,1254
945,388,1333
8,756,764
764,906,1670
308,111,462
887,160,1047
824,791,1615
512,265,777
783,175,958
151,209,360
454,125,579
799,963,1762
961,923,1884
284,195,479
421,230,651
424,977,1401
872,171,1092
104,29,133
9,894,903
210,129,339
600,612,1212
578,637,1215
427,75,502
621,715,1336
711,915,1626
123,281,404
19,119,138
138,63,201
145,97,242
533,907,1440
980,144,1124
411,322,733
533,559,1092
555,836,1391
646,826,1472
887,186,1073
594,598,1192
107,771,878
909,316,1225
559,848,1407
228,479,707
6,514,520
382,806,1188
244,680,924
77,860,937
452,603,1055
696,315,1011
199,764,963
434,851,1285
62,148,210
868,795,1663
851,508,1359
122,189,311
82,583,665
551,926,1508
207,959,1166
908,45,934
705,850,1555
867,936,1803
478,281,794
841,900,1741
525,394,919
893,578,1471
652,10,662
322,96,418
727,306,1033
611,710,1321
690,824,1514
483,760,1243
747,971,1718
900,460,1360
120,17,137
293,39,332
606,410,1016
165,793,958
391,345,736
986,247,1233
344,553,897
465,4,469
147,385,532
974,515,1489
747,687,1434
350,893,1243
844,317,1161
812,925,1737
47,176,223
544,354,898
467,828,1295
954,95,1049
587,135,722
67,15,45
28,868,896
343,856,1199
720,839,1559
457,912,1369
575,276,851
529,799,1328
417,265,697
776,48,824
875,934,1759
213,177,380
859,247,1106
845,798,1643
392,782,1174
926,856,1782
603,14,617
507,234,741
955,1,956
756,569,1325
545,829,1374
17,298,315
199,999,1198
9,165,174
81,533,614
53,144,197
399,275,674
464,48,512
638,796,1434
89,103,192
249,565,814
222,597,819
677,745,1422
795,115,910
674,734,1408
814,731,1545
671,182,823
80,511,591
615,950,1565
949,676,1625
254,426,680
659,421,1080
534,966,1500
19,831,850
198,943,1141
486,222,708
597,413,1010
200,793,993
359,66,425
597,297,936
651,974,1625
480,977,1457
770,276,1046
124,519,643
929,687,1616
280,147,427
934,21,955
362,507,893
199,461,660
628,497,1125
279,883,1162
136,370,506
325,775,1100
869,184,1053
797,804,1601
528,505,1033
494,420,914
202,947,1149
4,722,726
139,324,463
827,208,1035
103,643,746
652,623,1275
936,972,1908
289,444,733
493,674,1167
650,249,899
104,512,616
664,752,1416
357,649,1006
155,352,507
150,683,833
645,599,1244
557,884,1441
889,962,1851
9,688,697
86,747,818
880,433,1313
47,952,999
984,649,1633
477,48,525
177,847,1024
711,164,875
268,518,786
383,862,1245
644,484,1128
787,532,1319
974,173,1147
548,645,1193
407,864,1271
214,511,725
753,985,1738
90,384,474
48,619,684
159,80,239
352,580,932
283,38,350
792,760,1552
83,967,1050
520,319,839
702,947,1663
284,17,301
901,725,1626
766,194,960
563,12,575
280,337,617
807,908,1715
638,72,710
875,413,1288
19,536,594
896,943,1839
989,361,1350
317,482,799
856,525,1419
878,60,938
247,418,665
838,6,884
218,551,769
327,238,567
709,695,1404
278,992,1270
924,330,1254
988,935,1923
652,882,1534
177,411,588
950,700,1650
726,151,877
116,262,378
628,922,1515
395,308,698
216,550,766
966,592,1558
416,57,473
93,814,907
863,275,1138
861,440,1301
616,378,994
144,261,448
43,825,868
192,16,208
567,29,622
142,395,537
443,437,880
736,181,917
403,434,837
787,156,943
272,78,350
234,401,635
132,439,614
80,48,128
35,644,679
140,928,1068
951,621,1572
804,407,1211
545,16,561
358,199,557
184,676,860
523,936,1459
57,248,305
44,850,894
532,474,1006
199,854,1053
710,257,967
780,751,1531
825,520,1345
56,830,886
355,853,1208
744,651,1395
62,249,332
840,887,1727
530,98,628
839,897,1736
128,836,964
983,405,1388
58,35,93
430,63,493
242,584,826
483,328,811
855,594,1449
491,231,722
956,856,1812
52,432,484
196,847,1091
56,710,766
970,325,1295
760,555,1315
427,729,1156
854,876,1730
373,752,1125
299,632,931
191,390,581
709,612,1321
63,928,991
210,654,864
603,322,925
443,744,1187
748,195,943
254,404,658
548,586,1134
689,342,1031
224,398,622
861,828,1689
437,663,1100
522,378,900
864,301,1165
306,400,706
452,526,978
281,154,435
326,679,1005
979,968,1947
856,770,1626
455,429,884
122,622,744
937,222,1159
9,111,120
359,695,1054
90,46,136
595,537,1132
621,362,983
760,47,836
787,283,1070
135,529,664
307,530,837
520,957,1477
122,41,187
913,919,1832
880,825,1705
934,932,1905
352,687,1039
833,808,1641
588,895,1483
230,555,785
387,661,1048
68,471,539
157,779,936
821,324,1145
985,34,1016
870,259,1129
246,335,581
748,231,979
807,269,1076
7,307,314
851,937,1788
867,432,1299
495,421,916
171,852,1023
437,591,1028
190,349,539
161,671,832
263,626,889
661,809,1504
280,749,998
194,790,984
91,172,263
367,879,1246
982,18,1042
975,338,1326
332,768,1100
180,639,819
985,959,1944
128,714,842
822,377,1199
186,377,563
336,424,745
360,628,988
645,580,1225
117,107,224
451,504,955
192,386,626
472,239,711
800,801,1601
218,141,359
28,181,209
701,467,1168
300,703,1003
149,181,330
950,927,1877
659,432,1091
543,384,927
242,118,360
635,238,873
34,101,135
835,679,1514
522,842,1364
404,269,673
306,38,344
591,132,723
906,8,914
45,127,180
471,558,1029
169,760,929
578,965,1540
14,751,783
467,358,825
947,752,1699
9,48,57
933,808,1741
927,293,1220
343,590,933
430,523,953
578,132,710
765,765,1530
736,549,1314
859,141,1000
679,819,1498
325,283,608
215,359,574
92,893,985
916,828,1744
377,118,495
525,807,1332
661,132,793
513,260,773
754,7,761
811,786,1597
346,902,1248
222,850,1072
89,470,559
344,824,1168
972,552,1524
667,867,1534
226,37,221
47,77,124
690,49,739
536,815,1351
253,538,791
236,157,393
35,952,987
666,760,1426
448,456,904
852,522,1374
351,796,1147
472,747,1219
411,56,467
825,480,1305
334,111,445
390,647,1037
206,786,992
271,798,1069
572,557,1129
920,454,1374
968,624,1592
694,955,1649
499,686,1185
134,557,691
433,793,1223
429,554,976
892,176,1068
706,618,1324
778,379,1157
468,28,496
429,435,864
969,422,1391
298,6,304
419,336,755
751,162,913
563,653,1216
45,137,161
368,526,912
961,103,1064
372,769,1141
319,590,909
418,53,471
648,822,1470
777,334,1111
4,530,534
593,631,1224
824,935,1759
176,601,777
15,886,901
727,357,1084
846,251,1097
657,366,1023
673,967,1640
471,614,1058
732,610,1342
247,597,885
941,403,1344
862,700,1562
183,258,441
832,842,1674
547,59,606
980,242,1222
516,596,1112
167,405,572
303,86,389
962,91,1053
453,77,530
825,555,1380
94,41,139
712,70,782
726,649,1375
458,976,1434
700,468,1168
812,357,1169
936,430,1366
45,843,888
507,258,760
431,469,900
225,803,1028
861,925,1786
680,282,962
544,58,602
687,649,1336
975,661,1656
83,30,113
281,959,1240
515,232,747
175,871,1046
881,637,1518
560,761,1321
625,142,767
341,796,1137
206,326,532
804,873,1677
823,415,1238
993,195,1188
282,678,960
740,496,1236
729,957,1686
729,797,1526
738,705,1443
164,753,917
360,90,450
36,97,133
354,209,563
378,678,1056
453,321,774
224,32,218
985,663,1607
404,239,616
14,760,774
348,379,727
102,149,251
214,153,367
821,740,1561
374,236,610
577,963,1540
618,71,689
327,189,516
484,937,1421
939,154,1093
109,361,470
833,599,1432
929,807,1736
991,391,1382
532,198,730
125,435,560
837,346,1183
32,926,958
675,363,1038
707,629,1336
502,393,895
539,804,1343
34,206,240
831,785,1616
359,996,1355
210,591,801
661,104,765
221,784,1005
493,531,982
732,267,999
156,467,623
289,264,553
402,816,1218
82,140,222
753,274,1027
323,693,1016
669,979,1606
412,218,630
958,545,1503
479,57,536
659,123,733
577,3,580
135,286,373
252,758,1010
136,466,602
293,825,1118
241,699,940
405,405,810
263,192,455
565,445,1010
213,583,796
95,942,1037
165,735,885
354,659,1013
897,55,952
409,80,489
226,731,957
612,484,1054
685,581,1266
588,755,1325
206,578,784
547,595,1142
883,211,1119
391,927,1318
719,10,729
405,686,1091
203,492,695
487,743,1267
107,944,1051
268,547,815
216,587,803
903,520,1423
366,179,545
894,924,1818
101,153,254
394,498,892
174,426,600
446,412,858
921,997,1918
542,222,764
282,981,1263
955,699,1654
950,156,1106
255,498,715
722,370,1092
938,925,1827
143,92,235
648,790,1438
612,166,778
307,288,595
731,946,1677
70,313,383
31,353,384
287,283,522
553,912,1465
211,365,576
288,256,544
151,925,1076
201,450,651
907,368,1275
460,566,1059
451,778,1229
361,382,743
690,837,1527
116,486,602
212,7,219
669,217,847
341,160,501
453,390,843
447,384,831
710,395,1105
508,277,785
159,314,473
422,199,621
429,930,1359
478,173,651
299,808,1107
146,10,156
513,534,1047
342,191,533
454,19,473
370,607,977
357,417,774
664,242,906
626,611,1237
641,287,928
969,930,1859
562,116,678
442,847,1289
612,486,1098
457,782,1239
247,104,351
425,975,1400
260,11,271
864,268,1132
326,365,691
621,729,1350
369,616,985
259,727,986
84,39,123
662,35,677
268,76,344
176,329,505
841,708,1549
608,935,1543
349,997,1346
494,94,588
262,457,719
159,535,694
401,511,912
412,184,596
661,240,901
576,44,620
174,336,541
715,816,1531
494,97,591
216,446,637
52,205,257
798,967,1765
476,753,1229
886,857,1743
317,369,686
944,988,1932
33,770,803
789,19,808
861,182,1043
591,390,981
563,181,744
278,78,356
189,963,1152
1,801,802
877,139,1016
30,658,688
278,832,1110
509,981,1490
732,149,881
844,44,888
349,160,509
415,639,1054
273,983,1256
149,330,479
770,644,1414
49,823,872
255,525,780
765,112,877
119,881,1000
806,163,969
707,615,1322
246,961,1211
643,77,720
760,768,1528
811,58,869
979,288,1267
58,494,552
194,6,161
943,684,1627
957,840,1797
778,501,1279
692,692,1384
418,578,996
55,718,773
788,835,1623
479,102,603
829,672,1501
354,570,924
863,170,1033
998,337,1335
100,409,509
211,334,545
734,659,1393
598,144,696
729,973,1702
990,83,1073
217,275,492
665,961,1626
953,386,1339
633,435,1068
42,822,864
747,797,1544
371,755,1126
942,353,1295
788,981,1769
715,29,744
461,826,1287
480,379,897
840,235,1075
783,400,1183
93,302,395
100,139,239
387,835,1222
685,484,1162
550,898,1448
663,264,927
345,161,477
450,229,679
894,354,1224
331,863,1194
708,56,764
808,377,1185
463,714,1177
769,944,1713
130,600,730
105,179,284
22,162,184
255,34,289
202,769,965
325,157,482
265,313,578
708,169,877
622,544,1166
397,395,792
837,783,1620
823,53,876
674,839,1513
496,901,1407
415,274,689
106,101,207
852,553,1370
894,63,957
36,148,184
708,844,1584
259,155,398
694,368,1062
293,853,1146
285,174,474
767,733,1490
294,418,712
68,958,1026
731,422,1202
220,208,428
244,247,491
747,684,1431
434,839,1273
259,509,768
844,421,1265
14,602,616
404,525,929
14,548,562
595,207,792
756,231,987
755,528,1283
756,956,1712
920,440,1360
186,320,506
156,476,675
632,938,1526
40,360,397
845,306,1151
37,660,697
686,73,759
79,780,859
474,120,594
228,417,656
859,856,1715
582,893,1475
759,61,820
161,381,542
568,249,817
375,157,532
819,15,834
910,985,1895
659,5,664
826,159,985
275,988,1263
195,803,998
683,586,1269
988,900,1888
154,65,219
745,190,943
889,148,1037
534,329,863
748,93,821
391,118,484
639,152,791
662,74,736
945,151,1096
71,389,450
163,34,197
393,221,614
31,482,513
288,631,919
550,333,883
2,196,198
503,457,960
914,679,1593
865,949,1814
190,568,758
17,755,772
161,335,496
288,622,910
758,27,785
57,364,421
87,474,561
602,570,1172
674,385,1059
845,614,1463
675,122,797
198,994,1192
465,669,1134
180,874,1054
665,170,835
103,668,771
986,380,1366
533,462,995
33,703,736
488,450,938
281,167,448
115,239,354
184,4,188
842,854,1696
880,979,1859
525,955,1480
866,441,1307
364,701,1027
487,692,1179
500,807,1307
859,217,1100
684,176,908
826,373,1199
5,977,982
818,230,1048
738,771,1509
261,290,510
16,918,934
946,818,1764
707,632,1339
541,674,1215
881,150,1031
402,625,1027
373,387,760
916,58,974
220,423,643
176,868,1044
983,660,1643
80,241,321
785,338,1123
143,483,626
545,879,1424
234,683,917
548,386,934
700,95,795
6,412,418
778,94,872
292,513,805
981,75,1056
968,163,1131
409,926,1335
402,211,660
212,1,194
327,113,440
409,535,944
950,763,1665
536,396,932
1000,527,1527
432,952,1384
625,713,1338
981,438,1419
783,936,1719
491,483,972
850,300,1150
79,80,159
758,492,1250
108,878,986
713,460,1173
229,809,1038
809,147,956
794,842,1636
808,703,1511
645,153,798
842,487,1375
39,563,602
240,64,304
976,586,1562
666,604,1270
926,514,1440
742,793,1535
314,791,1105
389,804,1193
926,117,1043
613,897,1510
605,66,671
162,869,1031
285,853,1138
54,594,682
117,841,958
758,64,822
426,314,740
969,648,1617
486,764,1250
411,975,1386
330,534,912
628,76,704
127,110,237
238,45,283
639,502,1132
439,931,1370
178,698,876
668,481,1154
62,828,890
600,412,996
983,689,1672
474,872,1351
674,342,1016
855,188,1043
461,261,722
155,866,1021
410,863,1273
824,117,941
483,525,1008
543,870,1413
60,911,971
80,754,834
332,563,895
782,709,1509
798,853,1651
195,810,1005
75,103,178
165,115,280
988,951,1939
12,455,467
867,376,1243
3,99,102
283,49,332
797,64,861
829,490,1319
922,500,1422
425,224,649
153,697,850
858,615,1473
264,529,793
810,618,1428
734,213,947
998,653,1651
215,598,863
632,793,1425
830,670,1469
759,333,1092
145,658,803
806,464,1223
444,868,1312
55,508,563
780,723,1503
955,196,1151
131,953,1084
63,288,351
265,2,267
647,517,1164
648,963,1611
428,897,1325
212,501,718
278,181,459
217,304,483
530,609,1139
239,883,1122
604,698,1302
264,189,453
478,86,564
806,221,1027
597,671,1268
751,219,970
129,75,204
375,139,547
109,891,1000
353,698,1051
533,260,793
787,393,1180
691,532,1223
811,102,913
315,239,554
628,710,1338
828,698,1526
173,635,808
934,15,949
562,400,962
814,163,977
474,858,1332
813,636,1428
498,843,1337
58,668,736
109,546,632
417,812,1229
828,893,1721
624,777,1401
261,447,708
782,880,1662
148,590,738
208,449,657
628,219,847
529,641,1170
687,955,1642
521,657,1178
670,28,722
533,904,1437
832,223,1055
562,827,1389
531,796,1327
819,831,1650
647,66,713
51,99,150
767,863,1630
531,997,1528
82,378,460
711,467,1178
549,804,1353
910,955,1865
342,466,808
298,642,940
552,107,659
63,868,931
135,695,830
160,753,913
954,150,1128
513,852,1365
781,864,1645
665,974,1639
796,238,1034
303,754,1057
392,482,886
29,911,940
471,892,1363
383,352,735
675,7,682
119,426,545
7,761,768
224,689,913
331,475,806
75,756,831
683,860,1543
714,111,825
655,755,1410
104,170,274
163,538,701
814,857,1671
76,604,680
381,260,641
693,958,1651
428,890,1318
355,654,1009
498,810,1308
198,546,761
60,404,464
147,353,500
557,762,1319
234,962,1196
185,445,630
653,635,1301
298,326,624
847,293,1140
214,630,844
14,6,20
872,859,1731
359,400,759
207,315,522
609,625,1218
729,372,1101
527,755,1282
486,157,671
145,812,957
996,222,1218
572,970,1542
340,395,735
551,412,963
340,733,1073
127,674,801
387,257,644
89,501,590
174,885,1059
266,891,1157
703,658,1361
72,940,1012
58,684,742
437,862,1299
356,136,492
468,796,1252
205,780,985
268,778,1046
695,585,1280
359,164,521
454,715,1169
210,198,408
589,644,1241
913,857,1770
832,930,1762
845,864,1709
48,327,375
188,336,513
809,84,893
106,36,142
991,905,1896
129,684,813
918,170,1088
462,467,929
791,449,1240
51,27,78
761,147,908
533,623,1119
788,728,1472
162,485,647
251,330,581
789,581,1370
446,295,741
374,836,1210
901,388,1289
544,550,1094
918,8,926
751,310,1061
368,366,734
137,226,363
30,369,399
849,556,1405
463,330,793
866,781,1647
417,193,649
876,351,1227
642,774,1416
305,49,354
144,330,474
261,86,347
742,382,1124
964,632,1596
888,449,1337
172,319,491
719,814,1533
135,805,940
4,289,293
887,797,1721
340,685,1025
390,86,476
647,734,1381
471,643,1114
727,373,1100
494,988,1482
664,19,683
663,469,1132
207,930,1137
821,821,1642
211,709,920
580,704,1284
883,32,915
757,588,1345
711,840,1569
436,400,836
917,572,1489
229,766,995
166,475,664
557,778,1335
863,973,1836
36,719,771
687,916,1603
110,93,203
556,239,763
460,897,1357
60,730,790
481,737,1218
802,406,1258
579,541,1120
177,262,439
259,370,629
215,636,851
724,297,1021
233,89,322
250,138,388
777,631,1401
398,320,768
203,322,525
475,990,1465
583,475,1058
701,244,945
422,669,1091
1,823,824
486,398,884
569,779,1348
663,658,1321
376,182,558
38,118,156
544,452,996
534,960,1494
434,583,1017
102,425,527
738,695,1433
136,208,295
142,854,996
37,361,398
215,695,910
551,234,785
622,625,1222
210,498,708
237,597,834
445,652,1097
461,244,705
934,512,1446
835,999,1834
992,658,1650
929,273,1202
397,759,1156
798,116,914
66,964,1030
155,946,1101
985,479,1464
225,356,581
716,983,1699
344,318,662
238,982,1220
225,789,987
878,12,890
535,308,856
685,38,723
410,911,1299
592,631,1223
708,271,979
436,435,871
388,814,1202
503,732,1235
367,219,586
9,678,687
623,766,1389
928,115,1043
11,338,349
893,913,1772
862,240,1102
668,605,1273
617,691,1308
296,629,925
342,128,470
662,251,913
115,408,523
553,724,1277
535,175,710
410,142,552
426,542,968
19,611,644
412,510,922
884,781,1665
457,504,961
942,288,1230
598,769,1367
445,897,1342
796,838,1634
555,950,1505
128,893,1021
902,959,1861
12,482,494
465,292,757
994,977,1971
719,18,737
734,458,1192
712,846,1558
439,432,871
988,429,1417
503,298,801
504,207,711
548,419,967
468,899,1367
630,640,1270
150,102,252
924,218,1142
652,988,1640
162,494,656
199,382,581
577,205,781
762,48,843
826,79,905
592,625,1217
872,949,1821
129,6,135
214,720,934
601,241,842
386,366,767
914,640,1554
145,376,521
676,553,1229
746,847,1593
899,166,1065
376,726,1102
388,277,665
396,188,584
845,391,1193
70,955,1025
771,75,846
537,267,804
868,140,1008
271,149,420
941,926,1867
489,382,871
771,28,799
798,680,1457
990,484,1474
179,308,487
606,13,619
707,289,996
899,874,1773
563,815,1378
322,212,534
110,260,370
428,523,951
513,210,682
681,243,909
56,533,589
483,838,1321
450,546,996
517,531,1048
990,985,1975
318,742,1060
122,196,318
343,79,422
929,201,1130
734,744,1446
893,477,1370
447,429,926
183,812,999
47,602,649
414,424,838
796,459,1255
919,790,1709
45,662,707
40,698,738
569,77,646
637,831,1468
476,606,1082
378,229,607
863,340,1203
182,348,530
465,4,469
613,946,1559
705,727,1432
404,25,429
775,620,1395
936,219,1155
246,938,1184
131,948,1070
924,936,1860
55,633,688
296,556,852
734,461,1195
924,95,1019
952,460,1412
233,217,402
643,441,1076
123,381,504
553,105,658
547,678,1225
446,821,1267
398,615,1013
536,981,1517
519,156,675
137,381,518
593,685,1278
881,425,1306
406,119,525
341,864,1205
62,942,1004
675,390,1065
906,28,934
791,487,1278
858,382,1240
12,723,735
205,291,496
613,249,862
140,621,761
295,855,1150
375,199,574
344,417,761
729,102,831
387,543,930
290,247,490
122,599,721
557,632,1189
612,625,1237
998,682,1680
831,689,1520
35,402,437
414,688,1102
137,479,616
81,299,380
67,149,216
618,41,639
272,21,293
401,415,808
289,326,615
377,834,1211
839,779,1618
136,901,1037
411,600,1011
932,75,1007
647,904,1551
244,860,1104
467,936,1403
269,553,822
983,197,1180
361,141,502
883,970,1853
373,851,1224
232,807,1039
456,955,1411
742,119,861
109,289,351
709,879,1588
589,440,1029
947,223,1170
461,426,887
197,244,441
403,413,787
956,889,1845
449,413,862
29,363,392
829,381,1210
818,58,876
426,496,922
841,49,890
282,703,985
480,217,697
383,626,1009
500,921,1421
975,280,1255
725,905,1630
818,792,1610
854,687,1541
487,875,1362
706,344,1050
470,801,1271
757,883,1640
321,64,385
92,640,732
849,567,1416
123,893,1016
343,106,449
44,258,302
865,430,1295
561,576,1137
366,271,637
484,455,939
602,797,1359
110,537,647
127,60,141
429,62,491
639,131,770
394,88,482
329,71,438
643,466,1071
114,875,989
449,673,1087
590,769,1359
727,108,835
941,823,1764
66,23,89
328,845,1173
689,997,1686
169,303,472
347,280,627
315,21,336
599,518,1117
273,228,501
327,162,489
780,43,823
277,579,856
523,456,979
337,559,896
676,963,1639
563,247,810
89,394,483
887,451,1338
180,382,562
489,321,810
422,663,1085
436,14,450
2,212,214
185,361,546
760,426,1161
346,18,364
688,902,1590
846,859,1717
618,641,1259
318,470,788
298,363,661
150,398,548
281,52,333
804,962,1789
635,236,871
920,161,1081
215,676,891
327,281,608
644,93,737
714,954,1668
303,415,718
427,482,909
634,193,827
96,619,715
820,206,1026
921,69,990
825,421,1246
150,883,1033
697,969,1666
989,207,1196
557,445,1002
841,443,1284
667,833,1500
739,211,925
942,643,1585
910,449,1358
304,631,935
941,835,1776
612,589,1201
83,455,538
883,981,1864
956,608,1564
335,755,1090
344,828,1172
650,293,943
502,669,1171
199,32,231
678,230,908
98,931,1007
580,553,1133
182,490,672
4,229,233
880,595,1475
141,205,346
306,436,742
477,991,1468
465,148,613
401,917,1317
649,856,1505
798,968,1766
796,147,943
139,377,516
933,720,1653
200,696,896
314,86,400
789,463,1252
365,18,383
705,551,1256
918,714,1654
687,681,1368
582,110,692
53,635,688
486,662,1148
221,723,944
631,220,851
655,696,1351
61,652,713
518,303,821
668,966,1634
108,256,364
783,435,1218
122,220,342
497,174,671
741,55,796
701,268,969
939,23,962
564,343,907
824,42,866
29,140,169
796,975,1771
531,680,1211
538,952,1490
242,699,941
768,846,1614
688,140,828
221,518,739
544,616,1160
548,170,718
623,554,1177
214,135,349
546,355,901
37,221,258
447,719,1166
886,153,1039
855,146,1001
709,68,777
568,437,1005
942,329,1271
607,166,773
728,691,1419
723,934,1657
801,230,1031
123,750,873
993,725,1718
254,417,671
762,819,1581
248,15,263
377,547,924
33,986,1019
506,370,876
380,768,1148
430,393,823
160,737,897
1,573,574
358,480,838
364,217,616
788,884,1672
547,638,1185
541,542,1083
942,153,1095
929,920,1849
648,546,1194
257,47,304
81,753,834
651,427,1078
177,121,298
235,916,1151
663,978,1641
985,692,1677
304,917,1221
255,766,1021
384,449,833
585,547,1132
57,555,648
284,117,441
564,291,855
445,267,712
21,43,64
608,636,1292
18,163,181
451,537,988
419,699,1118
895,133,1028
57,924,981
672,699,1371
538,138,676
516,432,963
924,413,1337
728,495,1223
903,975,1878
781,511,1318
764,75,839
640,611,1251
934,345,1279
80,12,92
784,230,1024
527,338,865
116,258,327
839,653,1492
23,580,609
187,847,1034
936,789,1725
208,511,729
51,711,762
264,113,377
669,452,1158
738,889,1627
472,418,907
546,275,821
313,863,1176
358,16,374
966,802,1768
320,97,417
24,942,966
826,772,1598
245,314,559
815,879,1694
308,170,478
327,246,573
279,241,527
541,83,624
269,912,1181
884,62,946
326,342,668
701,614,1315
482,748,1251
864,819,1683
608,758,1362
83,931,1014
676,363,1039
368,265,605
386,119,505
629,3,632
215,478,693
777,429,1206
822,796,1618
864,802,1666
940,789,1729
624,493,1117
115,126,241
798,388,1186
555,44,599
123,691,814
921,721,1642
73,10,83
525,661,1186
113,329,442
164,317,481
771,65,836
955,218,1173
794,272,1066
419,931,1350
481,622,1103
821,384,1205
504,355,859
899,314,1226
431,659,1090
120,357,477
188,254,442
537,978,1515
662,212,874
368,255,623
180,378,558
439,906,1345
497,691,1188
220,427,647
352,684,987
417,514,931
998,957,1955
949,839,1788
814,687,1501
384,432,816
2,523,525
110,945,1055
410,812,1222
840,965,1805
196,878,1074
66,39,55
726,89,815
445,169,614
579,683,1262
326,797,1123
303,453,756
668,984,1652
219,204,423
284,32,316
834,861,1695
199,808,1004
996,840,1813
511,35,546
882,383,1265
520,470,990
110,689,799
741,666,1407
725,870,1595
65,794,899
171,537,708
169,449,618
368,351,719
910,153,1063
159,435,594
793,456,1249
947,303,1250
284,352,636
959,161,1120
915,96,1011
74,56,130
586,825,1405
561,938,1460
912,125,1037
82,201,283
155,902,1057
275,278,553
153,669,838
437,817,1254
678,630,1308
306,323,629
271,294,565
832,47,879
134,28,162
494,436,930
995,532,1527
428,175,603
349,180,529
514,552,1066
350,458,808
129,524,653
414,701,1115
435,186,621
275,719,994
852,917,1769
184,149,333
616,156,772
135,137,272
791,632,1423
606,326,932
404,973,1377
927,505,1432
395,249,644
935,287,1222
538,955,1493
339,48,387
127,461,588
200,825,1025
561,965,1526
300,74,374
28,60,88
375,483,858
261,937,1198
467,923,1390
917,281,1198
277,682,959
860,161,1021
819,429,1248
844,194,1038
92,264,356
962,583,1545
217,606,823
262,391,653
728,485,1259
978,602,1580
721,309,1030
789,469,1258
303,462,765
506,71,577
596,694,1290
779,664,1443
539,312,851
208,974,1182
10,556,566
831,440,1271
408,381,789
26,926,952
385,775,1160
940,300,1240
931,895,1826
910,385,1295
79,373,452
968,432,1419
83,954,1037
509,154,663
854,928,1782
553,344,897
602,437,1039
130,882,1012
750,12,762
881,442,1323
777,523,1300
729,50,779
701,681,1382
926,303,1229
442,475,911
167,735,902
679,906,1585
374,824,1198
395,839,1234
334,141,475
732,336,1068
503,600,1103
806,44,850
570,665,1235
615,799,1414
195,976,1171
150,326,476
160,280,440
481,813,1294
663,988,1651
625,206,831
840,469,1298
62,393,455
783,458,1241
582,993,1575
344,163,537
668,380,1059
192,841,1033
524,390,914
164,129,293
594,918,1512
610,924,1534
96,209,305
960,534,1494
18,260,278
377,258,635
52,108,160
137,583,720
180,882,1062
741,867,1608
598,90,688
372,202,574
434,484,918
925,626,1551
612,816,1428
98,47,145
885,896,1781
641,513,1154
294,291,585
436,8,444
153,627,780
213,529,742
146,498,644
323,499,822
636,569,1205
50,958,1008
379,938,1317
426,756,1182
214,940,1154
919,875,1748
26,760,813
556,110,668
342,500,842
354,348,702
931,437,1368
919,589,1508
409,61,470
861,632,1493
593,345,938
934,758,1692
15,788,803
407,70,477
995,219,1253
99,547,646
192,140,332
313,126,439
966,633,1648
235,840,1075
296,249,545
557,57,614
382,962,1344
445,903,1348
705,994,1699
201,437,638
992,173,1165
816,434,1250
629,684,1313
350,601,951
756,165,921
305,34,339
462,306,768
439,467,906
572,800,1373
350,775,1125
598,375,973
59,975,984
321,401,695
588,640,1228
300,324,624
777,401,1178
951,56,1007
231,221,452
585,447,1032
895,602,1497
765,782,1547
392,55,447
652,714,1366
567,662,1229
882,244,1126
308,586,932
227,148,375
958,317,1275
240,409,649
417,560,1011
107,558,665
572,47,619
106,343,449
485,355,840
535,973,1508
426,119,545
537,678,1215
842,24,866
943,289,1232
9,496,505
66,793,859
888,431,1319
720,971,1691
153,525,678
258,117,375
549,469,1018
430,474,904
641,605,1266
447,336,783
250,25,275
990,482,1472
874,731,1605
701,167,868
65,133,229
54,674,728
286,950,1236
564,255,819
933,165,1098
52,623,675
157,256,413
326,58,384
375,305,680
578,828,1406
614,162,776
430,961,1391
882,485,1367
108,500,608
478,658,1136
126,348,474
54,108,145
155,657,812
496,757,1253
633,838,1471
665,441,1106
127,655,782
212,93,305
614,590,1204
161,886,1047
301,160,461
164,657,821
409,427,836
606,227,833
636,808,1444
915,552,1467
110,18,128
206,576,782
604,530,1134
759,67,826
140,588,684
637,886,1523
601,52,653
996,230,1226
975,406,1381
321,17,338
745,471,1216
787,918,1705
216,666,880
354,419,773
597,677,1274
689,422,1086
241,933,1174
833,62,895
290,383,673
556,923,1479
631,966,1597
963,822,1785
399,918,1317
486,539,1025
936,295,1231
626,401,1027
657,779,1436
277,615,892
207,111,318
742,864,1606
421,560,981
847,945,1792
587,949,1536
598,765,1363
779,294,1073
699,183,882
236,731,964
548,214,762
288,471,759
245,653,898
825,827,1652
16,121,137
993,849,1842
579,101,680
736,747,1483
455,998,1453
92,606,698
246,396,642
665,960,1625
858,507,1365
216,51,267
908,225,1133
441,705,1146
517,526,1024
183,164,347
156,881,1037
11,886,897
945,126,1071
392,937,1329
945,421,1366
726,302,1028
830,165,995
769,807,1576
144,297,441
949,629,1578
732,463,1195
249,241,506
597,964,1561
836,600,1436
192,709,944
694,2,703
74,395,470
399,606,1026
408,929,1337
657,574,1231
63,479,542
868,975,1843
271,433,704
323,644,967
111,459,570
470,702,1172
159,425,584
966,563,1529
881,250,1131
712,926,1638
