X,Y,sum
847,107,954
223,13,236
598,510,1108
75,605,680
851,645,1496
228,410,638
1000,252,1252
431,850,1281
233,806,1039
421,892,1313
365,605,970
627,218,845
705,559,1264
709,808,1517
26,596,622
505,132,637
579,333,912
483,432,915
602,663,1265
851,488,57
446,1,447
484,329,813
166,586,752
659,339,998
541,732,1273
210,582,792
513,872,1385
609,767,1376
272,107,379
588,893,1481
309,912,1221
523,774,1297
115,510,625
887,443,1330
673,918,1591
93,885,978
73,788,861
522,774,1296
639,492,1131
951,105,1056
14,805,819
47,550,597
720,942,1662
106,719,825
547,316,863
543,389,932
391,1,392
519,988,1507
415,526,941
526,395,921
797,821,1618
675,401,1076
710,944,1654
291,849,1140
61,789,850
935,629,1564
952,466,1418
717,335,1052
338,833,1171
544,209,753
8,12,297
330,28,358
452,706,1158
685,92,777
109,2,111
297,171,468
718,322,1040
596,785,1381
789,139,928
726,53,779
603,590,1193
946,416,1362
686,232,918
848,300,1148
820,188,1008
802,320,1122
360,673,1033
550,609,2
321,608,929
848,103,951
256,932,1188
750,711,1461
817,287,1104
517,15,924
940,685,1625
283,703,986
990,541,1531
374,805,1179
787,662,1449
994,74,1068
722,485,1207
214,478,692
239,348,587
934,715,1649
924,216,1140
16,298,314
746,943,1689
92,585,677
683,969,1652
877,269,1146
10,201,779
357,847,256
771,583,1354
744,383,1127
553,965,1518
750,20,770
811,710,1521
960,110,1070
440,549,989
624,67,691
391,777,1168
607,289,896
384,535,919
576,206,782
229,177,406
770,539,1309
593,32,625
381,198,579
85,772,857
993,190,1183
682,282,964
311,274,585
629,208,837
734,194,443
593,749,1342
429,158,587
134,688,822
500,12,512
323,352,675
423,682,1105
762,125,887
766,276,1042
413,197,610
568,463,1031
132,457,589
709,51,760
933,605,1538
305,438,743
596,321,917
864,486,1350
650,659,1309
93,482,575
63,685,748
593,655,1248
532,749,1281
577,907,1484
764,951,1715
223,687,910
968,634,1602
236,318,554
119,324,443
465,914,1379
598,598,1196
538,35,573
678,27,705
583,1,584
635,834,1469
143,215,358
992,467,1459
689,110,799
316,742,1058
672,80,752
979,470,1449
161,836,997
433,373,806
367,133,500
492,614,1106
129,556,573
205,221,426
43,590,633
983,632,1615
139,875,1014
403,283,686
620,965,1585
346,674,1020
605,986,1591
246,990,1236
310,648,958
483,547,1030
245,923,1168
248,574,822
900,183,1083
739,557,1296
172,406,578
95,328,423
691,712,1403
149,697,846
704,847,1551
257,505,762
328,949,1277
353,704,1057
819,563,1382
882,111,993
931,333,1264
299,479,778
614,94,708
631,203,834
964,8,972
387,381,768
369,163,532
660,869,1529
986,603,1589
953,342,1295
107,763,870
672,678,1350
867,317,1184
602,153,755
754,465,1219
994,573,1567
506,725,1231
133,282,415
495,718,1213
320,337,657
570,203,773
193,273,466
25,917,942
290,730,1020
49,188,237
160,962,1122
975,529,1504
664,301,965
626,813,1439
566,567,1133
63,534,597
423,787,468
636,688,1324
404,124,528
552,155,707
279,25,304
151,739,890
15,321,336
573,30,603
44,421,465
220,915,1135
464,328,792
10,616,626
1000,951,1951
295,835,1130
804,225,1029
411,133,780
337,686,1023
347,534,881
157,750,907
268,808,324
485,428,913
313,586,349
135,472,607
5,482,487
648,436,1084
749,587,1336
768,49,817
206,618,824
856,730,1586
353,93,446
6,85,91
578,164,742
194,639,833
910,866,1776
444,37,481
79,959,1038
32,23,55
488,113,967
706,996,1702
278,317,595
334,190,524
959,96,1055
585,850,1435
322,692,1014
30,779,809
143,486,629
602,237,839
767,838,1605
355,76,431
589,714,1303
847,111,958
4,613,617
610,257,867
395,372,767
519,552,1071
507,83,590
507,329,836
67,781,848
581,33,614
674,926,189
940,655,1595
923,97,1020
154,882,1036
579,930,1509
613,25,638
954,313,1267
970,948,1918
409,630,1039
61,924,985
724,138,862
753,591,1344
652,814,1466
522,711,1233
83,209,292
350,873,1223
115,422,537
183,691,874
663,138,801
243,897,1140
473,333,806
381,312,693
651,240,99
264,933,1197
144,618,480
547,757,1304
331,52,383
37,793,830
74,459,533
226,790,1016
532,588,1120
794,707,1501
972,337,701
627,179,806
126,869,995
570,485,1055
5,835,840
490,267,757
934,631,1565
771,784,1555
670,551,212
589,702,1291
988,481,1469
61,528,589
231,97,328
968,476,1444
682,231,913
923,659,1582
843,555,1398
534,969,1503
25,729,754
240,344,584
74,426,500
370,274,644
278,513,791
992,920,1912
358,579,937
329,214,543
183,979,1162
6,115,121
710,127,837
509,984,1493
28,272,300
759,413,1172
168,291,459
523,579,1102
261,530,791
530,69,599
635,522,1157
403,456,859
835,251,1086
929,148,1077
625,613,1238
343,369,712
721,284,1005
941,660,1601
462,965,1427
515,215,730
17,678,695
616,824,1440
187,312,499
952,835,1787
403,540,943
852,347,1199
169,75,244
709,792,1501
677,832,1509
854,817,1671
460,645,1105
297,757,1054
726,973,222
500,531,1031
465,306,771
494,694,1188
871,212,1083
840,821,1661
671,244,915
332,698,1030
254,6,260
605,809,1414
769,624,1393
141,302,443
784,933,1717
804,576,1380
531,1,532
863,121,776
925,464,1389
808,499,1307
962,900,1862
907,178,1085
734,341,1075
156,951,1107
230,13,243
599,224,823
200,316,516
788,826,1614
794,338,1132
914,946,1860
147,685,832
855,135,990
869,417,1286
300,942,1242
299,795,1094
985,515,1500
994,979,1973
108,199,307
359,98,457
642,473,1115
361,103,464
57,128,185
950,820,519
244,328,572
701,169,870
333,63,396
201,176,377
429,207,636
8,111,119
75,62,137
66,729,795
272,241,513
255,676,931
9,638,647
530,943,1473
253,949,1202
733,880,1613
912,198,1110
627,517,1144
789,910,1699
548,163,711
766,343,1109
891,641,1532
497,168,665
203,377,580
142,249,391
277,534,811
520,291,811
907,389,1296
883,390,1273
879,586,1465
993,89,1082
596,719,1315
719,151,870
656,886,1542
755,88,843
225,597,822
413,847,1260
780,290,1070
176,738,914
837,779,1616
699,701,1400
716,412,1128
630,662,1292
738,710,1448
413,637,1050
657,282,939
651,466,1117
642,375,1017
485,87,572
870,677,1547
787,628,1415
242,203,445
37,782,819
28,364,392
812,543,1355
237,542,779
938,379,589
746,583,1329
512,820,1332
704,683,1387
383,532,869
875,642,1517
989,948,1937
988,360,1348
340,186,526
705,561,1266
5,320,325
377,823,1200
388,247,635
902,897,1799
795,864,1659
340,146,486
843,86,929
361,522,883
253,573,88
611,815,1426
191,750,941
495,429,924
171,681,852
799,96,895
164,889,1053
628,79,707
850,946,1796
110,67,177
764,469,1233
469,220,689
781,893,813
787,669,1456
12,293,305
275,447,722
501,359,860
544,891,1435
237,568,325
427,994,1421
583,473,1056
13,363,376
162,683,845
661,685,1346
524,937,1461
899,154,1053
252,120,372
804,522,1326
576,389,965
682,254,64
241,684,925
294,459,753
455,827,1282
53,205,258
490,38,528
630,1000,1630
928,520,1448
744,856,1600
348,981,1329
685,508,1193
839,613,533
621,968,1589
987,794,1781
770,491,1261
525,914,1439
292,781,1073
317,372,689
841,191,1032
701,741,1442
106,807,913
126,392,518
915,278,1193
98,253,351
192,766,958
21,83,104
462,893,1355
11,339,350
116,413,529
95,226,321
155,681,836
569,788,1357
552,916,1468
740,146,886
377,939,1316
533,584,1117
201,55,256
507,135,642
809,166,975
157,674,831
797,782,1579
438,619,1057
703,582,1285
270,621,891
305,13,318
535,574,1109
899,303,1202
604,915,595
839,94,933
852,86,938
1000,582,1582
304,259,563
863,364,1227
577,198,775
24,37,61
262,233,495
544,788,1332
117,539,656
767,940,1707
285,118,403
41,750,791
100,178,278
598,789,1387
468,899,1367
172,613,780
267,201,468
527,620,1147
810,941,1751
850,731,1581
405,635,1040
452,345,797
950,287,1237
308,603,911
397,207,604
83,668,751
388,973,1361
54,126,180
154,737,891
692,724,1416
6,641,647
965,759,1724
916,895,1811
958,113,1071
496,732,1228
996,879,1875
788,490,1278
344,778,1122
405,867,1272
604,638,1242
738,401,1139
293,632,925
198,180,378
780,924,146
18,161,179
709,245,954
754,176,930
577,34,611
128,857,985
352,130,482
644,455,1099
193,801,994
511,789,1300
209,214,423
444,348,792
773,750,1523
857,560,1417
21,3,24
583,781,1364
995,621,1616
972,379,1351
806,483,1289
557,713,1270
181,551,229
258,692,950
342,28,370
758,588,1346
160,179,339
75,273,348
614,926,1540
236,325,561
172,535,707
967,856,1823
555,764,1319
997,915,1912
136,481,617
974,397,1371
742,519,1261
566,849,1415
791,69,860
765,323,1088
412,868,1280
145,37,182
190,977,1167
895,214,1109
778,39,817
0,11,11
149,281,430
244,146,390
534,201,735
25,963,988
771,434,1205
263,451,714
698,91,789
198,538,216
21,918,939
666,422,1088
445,13,458
85,136,221
340,585,925
657,293,999
551,500,1051
532,913,1445
698,318,1016
510,928,1438
134,289,423
104,81,185
513,490,559
20,487,507
367,998,1365
903,447,1350
547,23,570
710,508,1218
101,299,484
171,450,621
602,900,1502
725,626,220
196,214,410
67,399,466
282,315,597
746,326,1072
542,174,716
874,869,1743
224,70,294
683,260,943
945,100,1045
833,302,1135
600,347,947
198,64,262
290,319,609
287,179,466
559,981,1540
673,39,712
520,631,1151
557,450,1007
538,764,1302
626,132,737
998,353,1351
371,721,1092
416,4,420
704,744,1448
106,323,429
585,750,1335
415,209,624
819,253,1072
634,360,236
535,447,982
12,208,220
529,174,703
456,600,1056
882,641,1523
455,548,921
394,598,992
913,456,1369
374,744,1118
161,773,934
233,377,610
415,243,658
177,73,250
455,975,1430
798,985,1783
835,108,943
613,604,1217
968,745,1713
769,557,1326
549,143,692
468,32,500
573,71,644
315,372,687
845,600,1445
599,887,1486
278,924,670
101,440,541
535,916,1451
149,673,822
791,558,1349
17,342,359
318,459,777
663,504,253
394,62,456
146,733,879
717,308,1025
520,181,701
2,641,643
173,906,1079
744,683,1427
864,909,1773
660,77,737
201,550,30
31,883,914
447,972,1419
180,327,507
698,567,1265
254,483,737
705,233,938
515,40,555
167,339,391
926,470,1396
709,322,1031
327,818,1145
315,723,1038
611,751,1362
241,987,1228
772,496,1268
80,636,716
987,22,1009
774,501,1275
125,541,666
995,386,1381
83,831,358
910,696,1606
569,325,894
358,561,919
787,729,1516
208,773,981
186,264,450
307,818,1125
639,955,1594
748,110,858
449,425,874
247,322,569
973,890,285
96,586,682
716,212,928
604,659,1263
439,677,1116
402,654,1056
613,527,1140
802,600,1402
94,746,840
533,53,586
117,712,829
276,506,782
387,426,813
405,672,1077
797,665,1462
70,196,266
228,390,618
921,288,1209
37,400,437
136,812,948
937,437,1374
808,855,1663
442,910,1352
639,972,1611
224,619,843
120,776,896
213,922,1135
884,116,1000
865,848,1713
138,747,885
50,162,212
507,526,1033
116,619,735
839,732,1571
929,503,1432
946,244,1190
601,260,861
874,557,1431
363,157,520
685,352,1037
379,450,829
470,660,1130
440,707,1147
899,645,1544
553,248,801
518,29,547
540,475,1015
331,368,699
313,19,332
831,235,1066
845,293,1138
848,969,1817
56,50,106
908,517,1425
956,913,1869
358,130,488
257,272,529
943,825,1768
954,872,1826
729,924,1653
678,103,781
235,375,610
804,474,1278
474,775,1249
688,597,1285
691,932,1623
929,709,1638
357,363,720
775,365,739
454,427,881
962,348,1310
240,425,665
657,47,704
465,196,661
550,96,646
662,808,1470
168,448,616
532,80,612
245,856,1101
508,992,1500
42,279,321
409,829,1238
397,47,444
543,933,1476
777,975,1752
747,393,1140
102,713,815
402,67,469
622,896,1518
938,318,1256
940,628,1568
404,33,437
353,516,869
671,575,1246
891,378,1269
695,979,1674
987,214,1201
541,937,1478
832,200,1032
997,458,1455
122,99,221
420,482,902
696,425,1121
244,133,377
66,689,755
475,983,1458
272,694,966
581,223,804
434,247,681
416,810,1226
435,103,538
938,82,1020
60,87,147
177,959,1136
882,269,1151
59,798,857
475,254,729
732,38,770
689,651,1340
79,414,493
561,387,948
394,209,603
715,634,1349
400,227,645
524,594,1118
106,455,561
829,336,1165
33,178,211
421,699,1120
15,616,631
805,798,1603
12,71,809
746,589,1335
680,463,1143
130,248,378
969,388,1357
668,642,1310
958,158,1116
55,646,701
523,184,707
475,546,1021
920,131,1051
18,803,821
969,851,1820
94,952,390
469,105,574
258,577,835
932,385,1317
388,287,675
371,2,373
840,632,1472
436,231,667
662,815,1477
290,935,1225
708,249,957
871,896,1767
414,134,548
905,706,1611
385,177,562
102,419,521
896,0,896
660,361,1021
860,47,907
189,463,652
926,240,1166
937,361,1298
647,728,1375
348,878,1226
598,930,1528
686,93,779
62,507,569
44,125,169
929,374,1303
542,780,1322
843,553,1396
73,724,797
893,199,1092
481,134,615
374,804,1178
229,296,525
90,615,705
481,177,658
459,433,892
853,835,1688
132,63,195
155,609,764
542,704,1246
886,427,1313
682,31,713
528,232,760
685,866,1551
240,659,899
949,275,1224
825,275,1100
818,924,1742
779,59,562
94,929,1023
389,323,712
523,720,1243
648,733,1381
374,722,1096
842,31,873
833,75,908
916,35,497
886,816,1702
857,746,1603
242,467,709
243,344,587
336,494,830
249,633,882
790,532,1322
34,268,302
547,342,889
172,614,786
114,370,484
151,237,388
271,723,994
529,21,550
263,689,952
62,350,412
705,332,1037
722,39,761
353,441,794
468,69,537
986,986,1972
15,559,574
854,852,1706
838,468,1306
859,485,1344
594,12,606
337,148,485
673,443,1116
571,5,576
333,582,915
691,492,1183
950,883,1833
186,669,855
851,659,1510
578,471,396
660,778,1438
869,716,1585
208,699,907
783,760,1543
170,776,946
467,868,1335
257,981,1238
647,22,669
947,198,1145
776,114,890
185,473,658
74,994,1068
555,504,1059
290,328,618
181,870,1051
195,53,248
549,640,1189
766,268,1034
274,103,377
337,7,344
791,978,1769
157,294,451
667,399,1066
758,836,1594
855,247,1102
772,648,1420
632,311,943
93,157,250
589,123,712
580,715,715
172,836,1008
631,907,1538
954,670,1624
742,64,806
39,529,775
565,467,1032
975,650,1625
31,304,335
217,63,280
636,912,1548
122,832,393
387,84,471
143,507,650
342,426,768
697,816,1513
569,81,650
836,831,1667
639,673,1312
67,393,460
180,368,525
73,265,338
685,507,1192
958,614,1572
598,246,844
347,842,1189
273,32,305
636,892,1528
749,677,1426
706,900,1606
936,983,686
678,212,890
337,648,985
599,453,1052
682,725,1407
451,530,981
447,355,802
277,751,1028
21,82,103
193,20,311
404,526,930
138,775,913
800,281,1081
781,179,960
93,455,548
487,296,783
137,84,221
221,236,457
679,593,1272
615,1,616
740,499,1239
10,972,982
530,999,1529
765,134,899
603,673,1276
481,851,1332
174,70,244
565,149,714
749,660,1409
136,413,549
249,47,296
375,937,1312
572,252,824
664,176,840
981,239,1220
103,587,690
517,235,752
51,257,308
625,797,1422
762,151,913
3,62,65
390,873,1263
564,940,412
655,506,1161
178,152,330
446,97,543
357,529,886
880,347,1227
349,743,1092
300,150,450
656,188,844
978,632,1610
378,174,552
377,6,383
314,761,1075
234,625,859
595,564,1159
770,201,971
316,394,710
258,173,431
654,730,1384
933,248,1181
776,827,1603
559,521,1080
502,443,945
258,402,660
716,664,1380
577,964,1541
674,234,908
136,695,831
313,449,762
942,452,1394
81,216,297
615,826,1441
373,119,492
81,308,389
158,831,989
236,772,1008
447,855,1302
832,493,1325
596,719,1315
865,45,910
124,48,172
328,706,877
778,190,968
613,83,696
145,157,302
932,794,1726
762,131,893
387,73,460
174,265,439
792,104,896
491,322,813
169,76,245
854,73,927
82,587,669
921,731,1652
343,570,452
311,132,443
401,836,1237
701,24,725
853,870,1723
101,688,789
789,861,1650
293,568,861
969,376,1345
683,676,1359
462,437,899
592,314,906
675,762,1437
620,363,983
928,633,1561
65,323,388
619,421,1040
606,638,1244
40,717,757
515,508,1023
608,277,885
141,955,1096
9,143,152
212,930,1142
326,621,947
957,880,1837
389,30,419
395,805,1200
168,844,239
496,740,1236
153,458,611
342,927,1269
8,485,493
606,224,830
110,4,114
319,633,952
188,662,850
597,2,599
979,236,1215
404,350,754
489,483,972
63,471,534
84,174,258
79,142,221
592,877,1469
46,72,118
314,785,1099
459,393,852
583,10,593
706,146,852
966,48,1014
970,472,1442
395,964,1359
641,974,1615
30,488,518
808,617,1425
131,365,496
748,644,1392
876,795,1671
101,329,430
348,332,680
520,888,1408
440,424,864
406,163,569
993,767,1760
97,804,901
898,813,1711
732,723,1455
547,860,1407
282,818,1100
450,381,831
507,726,1233
91,22,113
949,265,1214
972,270,1242
584,826,1410
785,104,889
915,217,1132
728,614,1342
871,512,1383
305,297,602
260,773,1033
222,33,255
561,123,684
962,149,1111
728,70,798
483,331,814
648,435,1083
629,539,1168
850,620,1470
2,744,746
581,889,1470
267,863,1130
414,112,526
74,88,162
32,501,533
341,579,920
382,209,591
543,676,1219
330,608,938
974,704,1678
330,32,362
898,59,957
848,250,1098
118,867,985
16,80,96
404,379,783
436,301,737
620,801,1421
812,974,1786
57,572,629
306,382,688
628,774,1402
868,547,1415
941,505,1446
565,20,585
963,26,989
361,254,615
68,770,838
85,859,944
424,801,1225
357,662,1019
86,509,595
921,468,1389
204,667,871
839,539,1378
411,339,750
647,942,1589
330,688,1018
467,828,1295
720,322,1042
590,513,1103
545,233,778
27,631,658
301,653,954
486,987,1473
1000,798,1798
920,221,1141
98,689,787
132,891,1023
734,47,781
861,723,1584
810,447,1257
293,889,1182
466,852,1318
463,579,1042
703,862,1565
836,40,876
889,425,1314
124,80,204
168,612,780
700,997,1697
197,401,598
832,384,1216
270,717,987
286,382,668
435,170,605
771,295,1066
669,585,1254
641,206,847
820,848,1668
788,969,1757
130,985,1115
731,524,1255
362,835,1197
74,470,544
726,288,1014
204,910,1114
140,879,1019
902,346,1248
309,176,485
508,304,812
801,877,1678
417,338,755
309,12,321
300,357,657
334,953,1287
821,143,964
551,775,1326
912,75,987
264,237,501
89,595,684
168,453,621
470,206,676
851,691,1542
331,47,378
778,468,1246
836,924,1760
960,78,1038
822,879,1701
267,16,283
519,350,869
733,489,1222
824,959,1783
22,962,984
753,480,1233
568,14,582
467,544,1011
568,762,1330
478,21,499
255,255,273
131,121,252
847,213,1060
126,116,242
679,954,794
250,49,299
103,215,318
862,125,987
661,14,675
155,417,572
31,641,672
501,404,905
216,630,846
191,72,263
280,265,449
540,223,763
342,861,1203
138,3,141
315,93,408
473,565,1038
150,82,387
964,798,1762
719,309,1028
410,607,1017
478,919,1397
636,168,804
439,675,1114
359,652,1011
269,806,1075
574,674,665
498,855,1353
166,631,797
869,585,1454
503,167,670
21,434,421
110,145,255
825,923,1748
97,394,491
688,880,1568
577,397,389
567,306,873
983,397,1380
804,737,1541
124,71,195
387,293,680
471,978,1449
794,487,1281
637,459,1096
125,677,802
357,584,941
839,681,1520
592,250,842
462,436,898
615,529,1144
182,424,606
20,140,160
768,656,1424
955,48,1003
92,648,740
625,625,1250
526,622,1148
678,225,903
91,298,389
965,404,1369
473,809,1282
552,433,985
640,52,692
155,162,317
741,582,1323
31,553,584
598,657,1255
295,166,461
873,489,1362
676,233,909
81,875,956
830,721,1551
429,367,796
491,67,558
696,520,1216
125,913,1038
370,402,772
375,435,810
167,685,852
185,199,384
849,497,1346
652,865,1517
760,574,1334
845,795,1640
620,895,1515
141,215,356
276,812,1088
39,569,608
594,635,1229
269,344,613
767,827,1594
743,880,1623
674,209,883
945,28,973
930,657,414
713,565,1278
649,509,1158
240,999,1239
742,810,1552
216,176,392
547,549,973
614,230,844
978,473,1451
696,861,1557
87,585,672
6,92,98
461,445,906
92,767,859
172,741,913
902,410,1312
837,720,1557
194,345,539
930,85,1015
508,952,1460
135,663,798
727,206,933
156,20,176
530,394,924
370,492,862
811,454,1265
264,702,966
646,650,1296
952,332,1284
195,189,384
14,108,122
113,296,409
4,243,8
234,13,247
972,466,1438
656,726,1382
631,151,782
822,231,1053
798,460,1258
232,129,361
30,55,85
899,405,1304
398,949,1347
45,955,1000
783,637,1420
390,225,615
186,556,742
388,471,859
355,387,742
209,705,914
828,505,1333
524,657,541
77,852,929
33,558,591
40,1,41
837,182,1019
27,591,618
153,168,321
644,865,1509
133,559,259
285,811,1096
333,498,950
64,103,167
630,453,1083
391,43,434
651,389,1040
86,711,797
832,654,1486
124,852,976
979,69,1048
989,854,1843
845,899,1744
378,709,1087
201,748,949
306,141,447
977,280,1257
567,823,1390
893,105,998
969,113,1082
652,691,1343
47,422,76
526,952,1478
489,331,820
7,60,67
574,982,1556
672,934,1606
755,271,1026
672,548,1220
345,530,875
825,93,918
464,903,1367
950,282,1232
775,314,1089
169,371,540
753,122,875
742,228,970
264,454,718
841,157,998
5,415,420
205,432,637
1,108,109
968,563,1531
182,398,580
661,251,933
113,437,550
95,904,999
448,111,559
720,587,96
972,940,1912
786,873,1659
231,182,413
418,231,649
411,643,1054
57,438,495
861,721,1582
126,726,852
971,437,573
736,441,1177
595,864,1459
549,993,1542
394,268,662
69,241,310
854,877,1731
340,261,601
713,956,1669
534,835,1369
218,906,1124
300,323,623
145,30,175
340,452,792
706,688,1394
208,640,716
478,723,1201
265,142,407
844,731,1575
12,453,465
739,484,1223
268,766,1034
477,889,1366
788,640,1428
722,836,1558
697,870,1567
642,267,909
517,457,974
443,413,856
329,895,1224
228,793,1021
505,200,705
379,336,715
79,57,136
318,535,853
635,230,865
901,934,188
96,716,812
203,921,1124
486,169,655
453,727,1180
12,697,709
534,710,1244
535,118,653
53,458,511
949,987,1936
69,152,221
228,472,700
674,182,856
959,82,1041
709,361,1070
274,641,915
976,541,1517
318,587,905
361,630,991
188,412,600
311,884,1195
445,130,575
256,596,852
421,597,1018
546,699,1245
121,911,1032
958,699,1657
738,692,1430
552,932,1484
854,354,1208
209,653,636
620,241,861
193,13,206
800,770,1570
113,433,546
994,357,1351
500,228,728
347,636,983
755,842,1597
792,426,1218
856,53,909
881,694,1575
106,906,1012
78,468,546
184,75,259
551,901,1452
257,717,974
364,818,1182
994,27,1021
523,284,807
481,311,792
102,340,442
52,425,477
90,997,1087
176,851,1027
781,4,785
549,705,1254
691,443,1134
597,317,914
893,974,1867
409,111,520
945,91,430
119,413,532
324,940,1264
331,36,367
485,212,697
758,218,976
219,945,1164
538,442,980
316,545,861
844,742,1586
930,655,1585
929,221,1150
422,821,1243
296,361,657
837,695,957
402,568,970
54,606,660
455,89,544
147,434,188
920,856,1776
664,544,715
978,588,1566
452,769,1221
463,979,1442
447,199,807
25,833,858
217,139,356
279,362,641
263,255,518
488,311,799
551,730,1281
73,226,299
240,803,1043
146,466,612
151,143,294
870,403,1273
223,572,727
830,657,1487
67,825,892
711,290,1001
750,885,1635
850,401,1251
933,102,1035
434,474,908
571,860,1431
763,855,1618
543,658,1201
482,518,1000
507,171,678
185,265,450
866,137,1003
555,41,596
720,529,1249
609,532,1141
884,742,1626
656,661,1317
825,120,945
386,102,488
397,667,1064
127,681,919
59,97,156
99,480,579
616,703,1319
665,32,697
94,872,966
792,230,1022
651,135,786
318,193,511
679,28,707
356,890,1246
593,151,744
276,550,826
15,599,130
801,219,1020
802,931,1733
216,907,1123
387,903,1290
396,574,970
96,719,815
29,43,72
667,354,1021
182,851,864
533,319,852
561,77,638
495,737,1232
597,58,655
34,507,541
339,177,516
633,785,1418
986,315,1301
85,584,669
468,39,507
637,650,1287
495,361,856
120,837,957
285,631,916
624,270,894
507,773,1280
976,427,1403
769,465,1234
831,743,1574
197,852,1049
530,935,1465
242,395,637
868,446,1314
320,965,1285
762,103,750
974,717,1691
411,172,583
781,532,1313
564,886,1450
69,290,359
860,954,295
705,560,1265
448,90,538
995,392,1387
667,258,925
932,38,970
706,90,796
626,214,840
889,258,1147
767,638,1405
681,695,1376
513,740,1253
418,491,909
115,113,228
953,881,1834
903,231,1134
868,206,1074
450,803,1253
958,379,1337
412,273,685
298,164,462
716,38,754
500,940,1440
620,608,1228
966,48,1014
762,680,1442
705,740,1445
91,737,828
344,352,696
688,672,1360
303,453,756
435,424,859
185,755,940
113,59,172
93,166,259
193,955,1148
807,131,938
354,31,385
510,111,621
648,882,1530
865,265,1130
635,139,774
359,954,1313
108,552,660
726,802,1528
460,189,649
74,319,393
994,175,1169
187,310,497
50,274,324
924,238,1162
723,824,1547
960,646,1606
359,629,988
424,512,936
256,223,479
159,191,350
145,525,670
323,361,684
270,357,627
445,545,990
253,828,1081
31,457,488
915,54,969
740,579,1319
272,912,1184
79,400,721
982,591,836
449,525,974
647,606,1253
864,627,1491
985,403,1388
315,248,563
94,792,886
791,337,1128
761,607,1368
736,874,1610
915,811,1726
49,549,598
484,4,488
615,70,685
269,644,913
362,360,722
886,176,1062
332,246,578
361,305,666
59,75,134
915,127,1042
462,245,707
442,153,921
665,661,1326
799,753,1552
609,106,715
421,595,1016
152,45,16
65,284,349
395,73,468
829,844,1673
970,600,1570
591,749,1340
701,245,946
141,573,714
929,127,1056
893,896,488
672,375,1047
309,576,885
597,300,897
597,31,628
851,348,1199
46,86,132
509,585,1094
10,63,367
64,503,567
435,608,1043
193,444,637
995,123,1118
308,251,559
56,909,965
59,584,643
234,386,620
562,183,745
290,803,1093
28,580,608
211,477,688
996,337,1333
354,22,376
881,153,1034
561,301,862
955,247,1202
530,361,891
307,465,772
127,559,686
40,525,565
525,244,769
468,506,974
854,775,1629
129,648,777
722,444,1166
338,444,782
287,185,472
178,254,432
44,695,739
489,388,877
540,626,1166
489,825,1314
126,202,328
71,437,508
42,266,308
265,963,1228
930,558,1488
229,586,815
83,949,1032
1000,850,1850
844,544,1388
866,628,1494
425,164,589
572,924,1496
370,151,521
575,881,1456
46,135,181
909,305,1214
204,923,1127
652,917,1569
2,664,666
801,216,1017
699,762,1461
370,586,956
598,505,1103
769,360,1129
537,522,1059
443,671,1114
323,693,1016
210,462,672
448,456,904
464,708,1172
988,317,1305
414,941,1355
142,332,474
985,152,1137
571,913,1484
510,141,651
548,372,920
951,548,747
916,250,1166
165,720,885
909,514,1423
832,80,912
412,621,1033
986,479,1465
647,459,1106
155,480,635
223,849,1072
503,328,831
972,195,1167
448,192,640
659,356,1015
254,605,859
729,576,1305
435,569,373
598,650,1248
154,466,620
149,241,390
573,498,1071
918,151,1069
21,616,637
326,70,396
346,978,1324
1000,108,1108
524,901,1425
739,498,1237
585,276,861
638,665,1303
943,818,1761
380,145,525
308,130,438
950,828,1778
926,621,1547
478,784,1262
646,243,889
454,877,1331
452,739,1191
992,743,1735
821,310,1131
211,214,425
514,440,954
90,953,1043
338,920,890
700,708,1408
343,700,1043
572,844,1416
81,419,500
266,555,821
987,460,1447
594,740,1334
469,822,1291
800,824,1624
190,528,718
685,67,752
597,603,610
796,995,1791
868,20,888
411,815,1226
617,479,1096
996,223,1219
222,659,881
816,967,1783
756,452,1208
618,887,1505
427,953,1380
641,772,1413
72,210,282
78,425,503
96,896,992
34,791,825
535,263,798
865,826,1691
259,416,675
211,160,371
959,904,1863
587,940,1527
725,274,999
186,900,1086
916,79,995
730,159,889
399,243,642
972,951,1923
478,349,827
538,256,479
48,117,165
741,206,947
602,402,1004
753,416,1169
982,834,1816
987,718,1705
750,902,1652
363,399,762
65,366,431
454,555,1009
20,443,71
764,355,807
516,723,484
272,255,527
414,34,448
593,690,1283
662,49,711
334,189,523
618,626,1244
873,436,1309
680,95,775
397,758,1155
545,816,1361
953,128,1081
301,502,71
772,734,1506
821,228,1049
913,596,1509
67,432,992
600,5,605
656,278,934
878,331,1209
105,623,728
154,360,514
908,207,1115
863,402,1265
711,402,1113
728,256,984
157,237,394
481,720,1201
811,308,1119
792,545,1337
252,469,721
777,718,1495
225,504,729
237,751,988
821,562,806
401,234,635
190,814,1004
274,480,754
809,704,1513
700,95,795
239,475,714
278,357,635
755,716,1471
453,230,683
368,374,742
397,928,1325
686,599,1285
16,853,869
380,44,424
63,769,832
837,757,1594
958,562,1520
226,577,803
954,278,1232
959,607,1566
381,991,1372
980,107,1087
871,65,936
990,305,1295
171,703,874
703,361,459
218,732,950
161,421,582
521,392,913
582,705,1287
404,385,789
599,187,786
515,708,1223
339,715,1054
814,992,1806
709,200,909
977,178,1155
236,109,345
262,866,1128
454,652,1106
244,535,779
383,979,1362
205,409,614
488,702,1190
706,553,1259
937,417,1354
798,436,1234
49,299,348
446,974,1420
712,593,1305
311,854,1165
290,132,422
476,827,1303
708,373,192
939,1000,1939
752,243,995
18,767,785
483,604,1087
79,963,1042
943,906,1849
965,61,1026
386,585,971
190,426,616
504,143,647
24,4,28
104,939,1043
763,347,1110
519,263,782
643,385,1028
194,636,830
318,949,1267
991,703,1694
784,453,1237
759,796,1555
528,797,1325
30,560,590
181,855,1036
734,777,1511
743,1,744
755,493,1248
175,302,477
889,738,1627
676,348,1024
854,346,1200
374,94,468
8,764,772
296,209,505
404,839,1243
957,773,1730
279,378,657
427,106,533
805,455,1260
769,485,814
149,748,897
385,757,1142
875,752,1627
255,636,891
64,133,197
106,216,322
453,165,618
446,819,1265
559,345,904
881,580,1461
996,825,1821
828,426,1254
288,611,899
936,770,273
734,716,1450
233,484,717
387,44,855
836,193,1029
477,285,762
528,250,778
121,375,496
826,287,1113
849,664,1513
475,22,497
73,468,541
629,415,1044
714,484,1198
563,817,1380
374,710,1084
434,683,1117
346,470,816
258,519,777
10,406,416
876,436,1312
315,703,1018
656,319,975
712,618,1330
297,826,1123
414,895,1309
296,784,1080
466,835,1301
343,217,560
905,839,1744
849,586,1435
204,228,432
4,621,625
498,136,634
864,36,900
620,294,274
275,856,1131
746,848,1594
758,214,972
942,170,1112
215,723,938
3,123,126
285,595,880
831,767,1598
461,377,838
487,607,1094
661,525,1186
432,174,606
854,44,898
635,755,1390
632,916,1548
211,426,637
579,543,1122
211,691,902
620,487,1107
623,736,1359
338,871,1209
421,885,1306
824,384,1208
935,231,1166
49,941,887
516,839,1355
456,207,332
515,965,1480
41,12,53
548,553,1101
48,313,361
168,42,210
954,817,1771
916,492,1408
115,386,501
777,660,1437
635,836,1471
93,690,783
441,999,1440
787,167,954
372,639,1011
832,17,849
342,955,1297
295,693,988
570,99,669
230,33,263
273,51,324
684,572,1256
352,26,378
925,283,1208
977,92,1069
478,98,576
925,28,953
575,146,721
542,519,1061
783,74,857
253,519,772
265,151,416
576,380,956
533,511,1044
728,803,1531
569,805,1374
794,994,1788
368,419,787
651,705,1356
663,104,182
725,362,1087
804,592,1396
717,494,1211
179,480,659
338,97,435
534,517,1051
769,1,770
171,25,196
905,409,1314
226,191,417
198,787,985
219,746,965
34,695,729
756,311,1067
269,104,322
499,325,824
632,385,1017
258,631,889
74,117,191
321,882,1203
608,271,879
542,675,1217
571,652,1223
171,178,349
145,293,438
65,286,351
929,745,1674
836,481,1317
373,936,1309
198,68,770
647,674,1321
294,504,798
64,816,880
811,711,1522
382,615,997
603,974,1577
860,540,1400
482,541,1023
865,170,1035
896,648,1544
950,587,1537
969,195,1164
123,114,237
484,828,1312
330,161,491
661,495,1156
577,286,863
763,258,507
857,878,1735
218,227,445
669,442,1111
142,18,160
147,52,199
905,149,1054
750,374,1124
846,868,1714
306,688,994
828,631,1459
149,908,1057
50,730,780
679,95,774
714,820,1534
40,190,230
428,299,727
859,202,1061
104,434,538
833,401,1234
700,644,1344
553,530,1083
567,130,697
299,747,1046
844,866,1710
93,338,431
810,625,1435
89,638,727
977,449,1426
462,442,904
264,652,916
561,517,1078
164,842,1006
464,408,872
666,61,727
366,249,615
803,793,1596
387,558,945
47,214,261
957,536,1493
185,952,1137
381,806,1187
101,662,763
880,739,1619
949,60,1009
335,376,711
796,328,1124
254,350,604
608,703,1311
557,306,863
323,757,1080
734,926,1660
147,191,338
325,503,828
728,831,1559
487,993,1480
855,702,1557
160,259,419
306,149,455
251,964,1215
27,22,49
181,274,455
983,404,1387
492,101,593
305,226,531
108,268,325
106,39,145
354,87,441
614,534,1148
863,596,1459
113,493,606
564,826,1390
89,399,488
85,742,827
624,385,1009
611,901,1512
828,44,872
872,570,1442
438,96,534
23,526,549
678,43,721
714,844,1558
844,941,1785
64,174,238
130,368,498
846,550,1396
710,459,1169
235,524,759
85,69,154
995,727,1722
446,475,921
303,337,640
127,497,624
707,845,1552
610,597,1207
828,297,1125
50,791,841
940,218,1158
193,350,543
907,854,1761
42,58,100
641,328,969
948,912,1860
24,109,380
790,56,846
556,204,760
285,97,382
694,280,974
684,334,1018
718,423,1141
755,488,1243
163,224,387
478,102,580
139,233,372
65,899,964
801,872,1673
263,412,675
300,797,1097
475,732,1207
159,805,964
713,166,879
616,144,760
243,87,330
134,664,798
577,749,815
947,278,1225
778,327,878
303,812,1115
22,585,607
824,717,1541
600,5,605
632,432,1064
400,553,953
989,9,998
284,35,319
935,403,887
890,541,1431
975,821,1796
737,976,1713
977,516,1493
329,953,1282
329,575,904
786,844,1630
596,562,1158
422,184,606
987,835,1822
489,373,862
922,447,1369
606,145,751
21,135,156
557,1,558
384,837,1221
786,749,1535
721,126,974
444,264,708
725,889,1614
590,120,710
251,129,380
791,280,1071
346,56,402
183,432,615
641,842,1483
402,878,1280
583,492,1075
818,993,1811
324,723,1047
817,366,1183
666,497,1163
258,823,1081
843,334,1177
469,10,479
31,699,730
661,538,1199
505,824,1329
767,618,1385
894,114,1008
934,68,1002
206,247,453
302,765,1067
648,377,1025
178,572,750
695,984,1679
155,789,482
110,514,624
174,586,760
825,104,929
68,202,270
536,143,679
426,744,1170
60,70,130
642,147,789
964,416,1380
478,845,1323
853,962,1815
634,362,996
907,621,1528
527,651,1178
620,893,1513
1,156,157
132,747,879
368,157,525
812,29,841
483,527,1010
840,471,1311
579,199,778
643,42,685
281,193,474
283,588,871
990,333,1323
937,462,1399
154,441,595
708,481,1189
955,850,1805
588,587,1175
387,114,501
344,198,542
933,782,1715
284,149,433
11,480,491
2,403,405
897,587,1484
862,339,1201
487,496,983
885,69,954
171,182,353
229,39,268
654,478,1132
300,57,357
784,544,1328
15,822,837
515,597,1112
357,896,1253
1000,12,1012
387,992,1379
840,980,1820
982,827,1809
334,887,1221
851,940,1791
769,268,1037
579,474,1053
297,47,344
565,774,1339
253,426,679
875,848,1723
960,629,1589
389,789,1178
592,764,1356
257,664,921
762,387,1149
282,335,617
794,66,860
385,22,407
630,395,1025
404,827,1231
732,160,892
980,113,1093
776,816,1592
527,532,1059
54,402,456
850,97,947
565,198,763
85,873,958
820,371,1191
882,83,965
264,818,841
471,711,1182
2,329,331
551,54,605
950,55,1005
976,193,1169
538,3,541
755,749,1504
802,545,1347
838,754,1592
190,425,615
546,206,752
419,902,1321
351,726,786
480,136,616
280,217,497
448,328,776
617,492,773
402,758,1160
85,81,166
858,761,1619
119,953,1072
909,367,1276
510,670,1180
224,405,629
32,485,517
356,284,640
677,923,1600
422,935,1357
790,221,1011
793,826,1619
550,775,1325
788,96,884
293,179,472
546,764,1310
190,423,613
215,399,614
878,869,1747
900,590,1490
784,165,949
224,398,622
327,964,1291
399,74,473
604,383,316
123,369,492
348,523,871
888,396,1284
521,360,881
280,33,313
359,705,1064
468,346,814
115,659,774
447,211,658
71,376,447
449,296,745
831,188,1019
559,703,1262
463,337,800
921,67,988
922,649,1571
673,358,1031
833,100,933
967,144,1111
607,855,1462
525,246,771
917,15,932
347,928,1275
719,974,1693
395,633,1028
59,685,744
596,480,1076
312,457,769
211,412,623
148,865,1013
868,468,1336
57,858,915
213,33,246
772,877,1649
863,716,1579
188,432,467
929,919,1848
95,180,275
110,604,714
803,944,1747
673,541,1214
515,385,900
979,367,1346
503,210,713
825,886,1711
881,304,1185
963,566,1529
282,675,957
944,821,1765
584,229,813
131,800,931
987,334,1321
363,488,851
441,464,905
316,687,1003
677,103,780
645,123,768
17,343,903
959,19,978
407,850,1257
408,849,1257
323,107,430
547,656,1203
819,56,875
516,632,1148
329,972,1301
359,624,983
646,475,1121
118,456,574
196,732,928
483,270,753
30,794,824
173,481,654
900,701,900
491,510,1001
946,445,1391
570,143,713
271,262,533
510,999,1509
859,424,1283
563,472,5
380,789,1169
388,641,1029
321,908,1229
76,314,390
471,677,1148
421,206,627
996,936,1932
42,37,79
253,674,927
593,195,788
629,958,1587
268,31,299
812,353,1165
287,588,875
0,53,53
919,587,1506
112,24,136
134,832,966
642,515,1157
934,433,1367
142,812,954
237,682,919
779,647,1426
765,623,1388
922,975,1897
468,809,1277
170,730,900
45,945,990
492,422,914
655,653,1308
653,919,411
932,839,1771
567,688,364
48,744,792
579,898,1477
554,24,578
40,175,215
74,534,608
628,729,1357
434,606,1040
542,902,1444
371,248,619
96,854,950
392,932,1324
855,637,1492
299,831,1130
141,423,564
788,741,1529
496,434,930
306,98,404
212,614,826
948,680,1628
540,313,853
735,11,746
937,954,1891
751,562,1313
211,229,440
93,428,521
772,39,811
211,30,241
212,610,822
945,178,1123
209,473,682
90,148,238
280,271,551
813,713,1526
176,924,1100
860,250,1110
852,991,1843
393,364,757
331,695,1026
313,237,550
31,890,921
247,683,930
761,903,1664
50,604,654
706,15,721
561,908,1469
193,468,661
580,784,1364
644,512,1156
366,100,466
75,887,962
160,135,295
194,957,1151
787,510,1297
361,97,458
516,347,863
136,527,663
582,20,602
919,949,1868
87,340,427
880,462,1342
641,793,1434
558,247,805
361,981,1342
575,611,1186
135,151,286
321,22,343
819,425,1244
1,325,326
364,90,454
48,506,554
141,935,1076
168,898,1066
393,702,1095
662,838,1500
813,381,402
645,677,1322
534,157,696
217,76,293
130,475,605
765,157,922
390,617,1007
955,919,1874
781,850,1631
668,748,1416
129,420,549
509,74,583
206,838,1044
626,929,1555
859,696,659
455,83,538
924,165,1089
578,182,760
472,779,1251
504,252,756
895,272,1167
243,951,1194
677,752,1429
282,964,1246
632,477,1109
733,853,1586
700,432,1132
781,934,1715
755,341,1096
813,315,1128
724,381,1105
600,708,1308
667,749,1416
376,903,1279
564,529,1093
40,676,899
53,311,364
817,694,1511
450,188,638
774,833,1607
53,728,781
445,564,1009
845,645,1490
762,454,1216
779,21,800
689,401,1090
767,789,1556
216,241,457
582,236,818
248,447,695
350,820,1170
259,325,584
625,777,1402
356,938,1294
902,310,1212
550,879,1429
167,191,358
941,214,1155
444,220,664
424,871,1295
609,179,788
3,797,800
819,89,908
396,635,775
963,321,1284
677,671,1348
96,227,323
679,522,1201
918,310,1228
940,300,1240
171,48,219
118,571,689
926,328,1254
519,786,329
234,493,727
96,659,755
616,246,862
721,775,1496
735,89,824
675,366,1041
753,943,1696
617,947,1564
427,526,953
942,436,1378
111,516,89
248,213,461
675,62,737
813,906,1719
647,265,912
364,532,896
774,355,1129
230,45,275
153,679,832
601,298,899
114,373,487
912,789,1701
4,923,927
534,419,953
857,409,1266
312,151,463
492,810,1302
219,319,538
795,273,1068
439,920,1359
619,503,1122
862,331,1193
207,806,1013
941,123,1064
350,664,1014
606,473,1079
723,786,1509
873,715,1588
532,730,1262
890,420,56
702,584,1286
377,855,1232
940,791,1731
607,413,1020
890,155,1045
809,594,1403
750,974,1724
986,932,1918
582,202,784
910,390,1300
767,286,1053
483,263,746
98,561,659
840,769,1609
584,464,1048
729,788,1517
520,703,1223
225,694,919
832,376,1208
940,386,1326
682,168,850
304,180,484
319,288,607
942,786,1728
787,457,1244
161,420,579
458,631,1089
876,476,1352
70,857,927
868,546,1414
463,901,1364
151,809,960
867,179,1046
512,373,885
606,691,1297
563,666,1229
521,910,1431
672,45,717
585,825,1410
330,464,794
444,983,1427
449,279,728
958,30,988
281,605,886
4,230,234
147,23,170
32,476,508
514,164,678
73,388,461
370,838,1208
97,89,186
739,925,1664
812,34,846
271,817,1088
985,792,1777
58,4,62
215,689,904
492,355,847
392,638,1030
563,973,1536
443,735,1178
154,935,1089
940,788,1728
389,766,1155
843,243,1086
559,753,1312
369,25,394
549,129,678
758,54,812
426,426,852
707,915,1622
52,204,256
717,188,905
453,387,840
226,965,1191
999,755,1754
332,45,377
183,929,1112
730,302,1032
483,179,662
65,169,234
724,231,955
646,951,1597
417,69,828
282,947,1229
280,718,998
661,60,721
702,664,1366
476,880,1356
811,273,1084
670,610,1280
118,191,309
458,69,527
419,706,1125
355,861,1216
41,961,1002
198,829,1027
685,32,717
33,619,652
471,344,815
853,798,1651
711,888,1599
984,465,1449
544,566,1110
407,275,682
234,296,530
9,765,774
491,828,1319
299,501,800
968,111,1079
380,293,673
328,953,1281
786,726,1512
861,339,1200
437,354,791
166,683,849
258,453,711
177,865,1042
580,564,1144
829,268,1097
273,738,1011
598,457,1055
222,506,728
351,826,1177
68,438,506
774,290,1064
872,474,1346
401,608,1009
387,390,777
789,290,1079
652,916,1568
768,860,1628
994,561,24
616,693,1309
445,106,551
372,869,1241
987,681,1668
80,976,1056
737,338,1075
508,676,1184
365,804,1169
775,568,1343
278,954,1232
916,408,1324
458,706,1164
193,629,822
84,831,915
731,383,1114
292,415,707
216,29,245
167,371,538
852,608,1460
254,327,581
895,186,1081
912,274,1186
215,782,997
328,392,720
595,215,810
240,786,1026
541,342,883
668,575,1243
167,826,993
347,549,896
853,27,880
476,330,806
937,542,1479
602,666,1268
574,884,1458
85,195,280
675,344,1019
787,468,1255
644,945,1589
239,550,789
498,679,76
529,504,1033
786,609,1395
690,600,1290
734,613,1347
871,296,1167
691,926,1617
467,599,1066
514,8,522
363,601,964
234,339,573
152,33,185
118,928,1046
93,256,349
765,64,829
977,500,1477
863,724,1587
955,594,1549
324,789,1113
518,930,1448
390,939,1329
774,957,1731
843,381,1224
430,802,1232
216,707,923
266,866,1132
105,912,1017
3,721,724
21,229,250
126,776,902
765,710,274
81,93,174
486,976,1462
462,621,1083
274,283,557
985,963,1948
330,606,936
773,385,771
363,412,775
6,833,839
832,160,992
253,125,378
155,436,591
547,873,1420
851,258,1109
445,386,831
144,764,908
590,327,917
789,127,916
214,745,959
268,184,452
918,140,1058
119,249,368
860,872,1732
265,884,1149
575,56,631
663,785,1448
353,637,990
629,7,636
251,87,338
868,495,1363
505,284,789
199,443,642
513,160,716
368,161,529
852,648,1500
828,29,857
154,477,631
849,763,1612
660,523,1183
390,762,1152
430,172,602
405,518,923
334,279,613
913,230,1143
142,277,419
81,790,871
716,644,1360
63,677,740
316,26,342
338,291,629
604,369,973
967,400,1367
640,819,1459
255,931,1186
385,20,344
579,226,805
895,603,1498
266,644,910
649,924,1573
201,150,351
929,775,1704
532,826,1358
926,183,1109
58,755,813
933,508,1441
609,356,965
343,414,757
892,593,1485
890,618,1508
587,785,1372
321,696,1017
340,277,617
777,701,1478
94,856,950
963,668,1631
37,671,708
969,280,1249
314,19,333
752,420,1172
707,469,1176
110,360,470
848,336,1184
435,520,955
207,824,1031
406,84,490
446,344,790
838,811,1649
515,973,1488
643,267,910
706,102,808
479,206,685
904,174,1078
13,970,983
504,365,869
227,132,359
775,479,1254
665,382,1047
87,374,748
142,768,910
589,895,1484
139,522,661
719,707,1426
848,337,1185
472,641,1113
38,85,123
627,936,1563
727,971,1698
807,911,1718
199,635,834
606,78,684
91,27,118
968,245,1213
138,23,161
255,767,1022
306,392,698
649,326,975
803,902,1705
657,319,976
819,326,1145
241,680,921
469,671,580
783,422,1205
785,468,1253
300,981,1281
64,195,259
937,711,1648
792,527,1319
881,495,1376
9,905,914
980,881,1861
369,709,1078
433,515,948
933,608,920
501,337,838
279,875,689
640,728,1368
983,32,1015
167,11,178
623,295,918
696,840,1536
189,700,889
160,753,913
60,600,660
796,61,857
16,502,518
669,863,1532
460,769,1229
228,10,238
633,485,1118
888,732,1620
355,805,1160
939,941,1880
590,583,739
374,841,73
432,814,1246
217,187,404
826,459,1285
210,420,630
667,906,1573
851,909,1760
419,46,465
927,816,1743
923,66,989
532,693,1225
869,978,1847
496,894,1390
844,189,1033
84,538,622
520,431,951
908,990,1898
496,713,1209
966,494,1460
656,896,1552
169,830,999
401,227,628
500,756,1256
562,824,1386
746,473,1219
523,724,1247
482,252,734
803,935,1738
95,968,1063
651,736,1387
870,570,1440
886,499,1385
285,701,986
208,872,1080
548,446,994
188,412,600
719,182,901
908,711,1619
317,123,440
521,424,945
578,913,1491
585,439,1024
79,858,937
681,969,1650
574,865,1439
691,726,1417
773,125,898
577,961,1538
293,737,1030
510,183,693
240,928,1168
668,580,1248
384,531,915
801,664,1465
221,453,674
520,42,562
999,269,1268
290,53,343
536,492,1028
323,355,678
192,791,983
998,544,1542
973,465,1438
670,495,1165
554,310,864
4,481,485
786,894,1680
572,471,1043
111,856,967
801,647,1448
31,761,792
462,321,783
71,614,685
912,617,1529
292,569,861
203,995,1198
10,922,932
421,448,869
919,851,1770
391,805,1196
334,151,485
371,686,1057
47,996,1043
806,637,1443
881,727,1608
72,349,421
961,910,1871
988,67,1055
730,17,747
70,762,832
863,255,1118
424,792,1216
330,472,802
604,582,1186
269,869,743
899,505,1404
898,539,1437
896,226,1122
721,74,795
349,113,462
714,81,795
712,332,1044
863,711,1574
118,366,484
115,621,736
786,646,1432
204,77,281
949,378,1327
806,13,819
392,126,518
703,291,994
182,123,305
839,671,1510
868,895,1763
535,457,992
632,17,649
53,933,986
427,265,692
444,79,523
495,174,669
696,339,1035
1000,419,1419
257,920,1177
224,634,858
881,893,1774
596,206,802
763,733,1496
665,937,403
996,673,1669
895,409,1304
97,958,1055
863,612,1475
839,425,1264
310,296,606
817,923,1740
894,114,1008
834,55,889
63,999,1062
419,101,520
932,832,359
271,609,880
27,221,248
665,685,1350
818,624,1442
416,417,833
86,941,1027
273,35,308
659,880,1539
70,680,750
697,288,985
731,612,1343
789,947,1736
732,165,897
56,601,868
344,306,650
744,400,1144
676,958,1634
482,727,1209
85,981,1066
586,405,175
656,275,931
416,871,1287
26,623,649
961,927,1888
398,869,1267
520,754,1274
558,80,638
993,899,1892
439,880,1319
369,665,1034
123,424,934
226,744,970
673,120,793
194,388,582
737,950,1687
109,493,602
688,876,1564
657,630,1287
863,14,877
488,395,883
102,237,339
313,932,1245
995,912,1907
85,45,130
978,481,1459
464,516,980
676,667,1343
462,980,1442
664,878,1542
912,990,1902
518,721,1239
850,738,1588
54,725,966
992,663,1655
220,445,665
312,990,1302
291,178,469
619,633,1252
239,193,432
694,657,1351
438,85,523
424,913,1337
389,387,776
532,617,1149
855,231,1086
357,11,368
580,344,924
605,858,1463
312,708,1020
200,43,243
954,358,1312
635,876,1511
197,800,997
174,518,692
810,705,1515
194,687,881
682,665,1347
235,184,419
415,193,608
664,130,794
331,611,942
859,194,1053
554,985,1539
950,203,1153
888,749,1637
687,474,1161
245,227,472
5,137,142
427,630,1057
4,554,558
800,429,1229
623,540,1163
198,114,312
600,311,776
481,155,636
985,350,1335
72,517,589
720,860,1580
301,165,466
708,368,1076
425,344,769
345,915,1260
556,893,550
330,114,444
113,549,662
174,397,571
496,322,818
584,295,879
789,153,942
424,270,694
341,112,453
346,982,1328
774,384,1158
799,708,1507
194,276,470
47,64,111
935,411,1346
642,476,1118
111,887,998
239,481,720
661,396,1057
623,317,940
446,502,948
334,2,336
821,621,1442
372,959,1331
153,94,400
228,425,653
683,657,1340
538,960,1498
442,710,986
131,960,1091
108,113,221
201,180,381
195,246,441
653,430,1083
291,472,763
868,227,645
678,439,1117
383,750,1133
797,684,1481
396,170,566
869,868,1737
426,95,521
251,727,978
239,261,500
901,964,1865
664,729,1393
579,297,876
632,902,1534
322,997,1319
889,952,1841
662,863,1525
145,687,832
404,554,958
611,320,561
591,219,810
652,719,1371
229,816,1045
710,0,710
391,588,979
44,278,322
317,566,883
381,474,855
66,544,610
686,524,1210
974,41,1015
92,57,149
348,921,1269
662,53,889
93,943,1036
73,830,903
742,74,816
56,879,658
141,249,390
57,700,757
167,985,1152
821,917,1738
753,878,1631
320,35,355
965,731,1696
373,577,950
718,871,1589
303,413,716
121,674,795
0,267,400
296,224,520
595,329,924
954,304,1258
137,220,357
276,519,795
423,945,1368
636,157,793
523,470,993
98,881,979
958,973,1931
464,379,843
282,539,821
659,354,1013
935,148,1083
547,15,562
99,94,193
12,634,646
490,848,1338
736,192,928
962,739,1701
777,308,1085
435,794,1229
274,848,1122
83,91,174
595,922,1517
913,139,1052
326,674,1000
160,376,536
241,293,534
671,79,750
695,449,1144
473,546,1019
925,911,1836
581,1,582
3,429,432
462,196,658
24,880,904
848,181,1029
793,53,846
360,23,383
700,654,1354
720,192,912
631,907,466
191,839,1030
229,901,1130
57,502,559
156,247,403
480,616,1096
985,634,1619
623,965,1588
648,799,1447
102,934,1036
1000,754,1754
362,39,401
297,228,525
422,961,1383
21,943,964
470,32,502
291,836,1127
126,647,773
935,560,1495
865,51,916
0,430,430
507,859,1366
434,869,774
533,836,1369
74,538,612
748,886,1634
481,362,843
214,57,271
342,660,1002
207,552,759
314,478,792
372,153,525
415,52,467
528,12,540
210,449,659
465,517,982
779,316,1095
86,401,487
71,93,164
645,979,1624
726,224,950
609,869,1478
518,37,555
652,492,1144
606,932,1538
964,271,1235
143,541,684
675,20,695
882,890,628
1000,326,1326
334,69,403
906,163,652
521,856,1377
128,113,241
792,696,1488
501,919,1420
803,791,1594
49,678,727
628,126,754
717,309,1026
697,550,1247
222,111,333
627,40,667
332,645,977
363,780,1143
659,596,1255
569,633,1202
465,577,1042
427,497,924
120,263,383
827,632,1459
240,212,452
533,520,1053
944,699,1643
747,270,467
182,563,745
857,57,914
26,927,953
967,823,1790
435,141,576
476,299,775
172,205,377
967,578,1545
716,11,36
182,461,643
37,590,627
50,930,980
516,662,1178
281,469,750
919,229,1148
563,218,781
684,5,689
843,659,1502
67,947,1014
776,385,974
395,425,820
296,628,924
854,96,950
785,764,1549
622,983,1605
151,572,723
256,17,273
262,275,537
437,809,158
238,682,920
521,17,538
536,795,532
252,504,756
145,173,318
933,75,1008
25,793,818
857,444,1301
941,518,1459
157,396,553
868,381,1249
92,379,471
492,767,1259
488,601,1089
36,992,1028
342,803,1145
908,881,1789
626,209,835
9,357,366
712,95,807
758,416,1174
250,804,1054
196,387,583
314,980,1294
764,197,961
617,597,1214
834,270,1104
737,722,1459
164,578,742
968,527,1495
708,472,1180
42,132,174
243,521,764
918,877,1795
210,33,243
702,5,707
394,260,654
565,108,673
918,209,1127
382,647,1029
823,834,1657
26,811,837
347,40,387
204,87,291
670,812,1482
812,941,1753
140,231,371
631,424,1055
438,787,1225
729,870,1599
299,206,505
368,492,860
884,42,926
702,920,1622
689,237,926
307,332,639
811,551,1362
977,61,1038
841,490,1331
100,582,682
744,558,1302
402,556,958
692,160,852
736,988,1724
170,147,317
817,237,1054
145,884,1029
829,986,1815
125,732,857
894,571,138
909,206,1115
402,139,541
902,730,1632
943,775,1718
333,754,1087
705,184,889
83,118,201
41,669,710
584,554,1138
958,424,1382
767,720,1487
295,249,544
891,153,1044
726,588,1314
523,111,634
860,821,1681
736,668,1404
910,506,1416
676,267,943
746,754,1500
91,942,1033
552,823,1375
83,157,240
166,596,762
382,322,704
356,873,1229
172,751,923
872,183,1055
69,548,617
602,832,1434
424,325,749
893,53,946
950,805,1755
870,201,1071
239,223,462
972,296,1268
678,568,1246
328,611,939
865,736,1601
272,398,670
768,62,830
666,376,1042
256,584,944
127,771,898
379,468,847
705,451,1156
861,734,1595
125,924,1049
458,460,918
899,636,1535
193,233,426
786,864,1650
148,751,357
501,715,1216
458,761,1219
215,744,959
359,673,1032
256,714,970
982,231,1213
274,939,1213
186,272,458
435,496,931
146,565,711
870,857,332
52,308,360
817,281,1098
70,317,387
249,351,600
508,468,976
179,708,887
403,857,1260
600,987,1587
45,14,59
56,208,264
943,316,1259
567,908,1475
128,36,164
770,618,1388
497,970,1467
932,161,1093
338,641,930
699,46,745
225,788,1013
901,686,1587
246,801,1047
69,674,743
633,313,946
607,272,879
279,586,865
420,364,784
176,640,816
362,163,525
634,965,57
851,926,1777
921,714,1635
629,583,1212
290,501,791
887,488,1375
496,558,1054
906,609,1515
313,659,972
496,715,1211
4,481,485
805,93,898
269,207,476
270,361,631
281,976,1257
126,537,663
763,493,1256
179,666,845
904,56,960
262,95,357
217,705,922
653,660,581
241,199,440
357,143,500
636,604,1240
917,821,1738
334,769,1103
795,420,1215
337,492,829
745,591,1336
867,587,1454
406,139,545
121,827,948
839,421,1260
751,877,1628
221,53,274
658,647,1305
681,973,1654
340,630,250
977,154,1131
152,924,1076
87,922,698
589,507,1096
380,338,718
525,453,978
887,388,1275
120,134,254
236,157,393
437,835,1272
869,471,1340
576,536,1112
876,542,1418
577,445,1022
287,434,721
402,991,1393
229,192,421
356,481,837
499,766,1265
467,324,791
544,225,769
597,293,890
956,325,1281
499,653,1152
493,607,1100
303,725,1028
775,174,949
583,175,758
696,678,1374
777,495,1272
434,258,692
783,467,1250
466,759,1225
174,496,670
24,817,841
177,484,661
912,86,998
798,724,1522
660,27,687
302,45,347
398,777,1175
607,45,652
832,424,1256
329,131,460
707,528,1235
542,798,1340
202,279,481
364,876,490
691,298,989
436,568,1004
48,212,260
176,759,935
552,607,1159
560,166,726
61,160,221
755,440,1195
26,430,456
814,248,1062
162,183,345
822,336,1158
13,764,777
182,855,1037
218,626,844
264,954,1218
380,110,490
836,443,1279
924,414,1338
995,280,1275
508,813,1321
518,449,967
425,143,568
480,816,1296
215,393,608
221,499,720
817,199,1016
748,756,1504
27,269,296
45,591,636
835,633,1468
842,135,977
255,738,993
854,665,1519
340,507,847
713,492,1205
87,146,233
358,885,1243
875,759,1634
636,90,726
436,329,765
911,347,1258
858,331,1189
377,944,1321
481,354,835
539,263,802
49,211,260
964,289,1253
529,409,938
676,624,1300
607,100,707
640,608,1248
787,967,1754
214,615,539
152,236,388
649,322,971
491,233,724
486,982,1468
380,228,608
31,708,739
492,573,1065
692,584,1276
715,72,787
399,632,1031
710,952,1662
357,800,1157
649,885,1534
766,225,991
548,706,1254
349,48,397
315,93,408
751,778,1529
698,343,1041
931,830,1761
38,524,562
845,179,1024
951,342,1293
121,617,738
562,919,1481
792,983,1775
62,248,310
856,847,1703
89,141,230
203,495,698
779,970,1749
496,561,1057
846,503,1349
467,148,615
954,469,1423
96,502,873
673,327,1000
703,651,1354
231,823,1054
420,47,467
508,243,751
674,746,457
906,913,1819
772,898,41
882,993,1875
909,555,1464
297,324,621
803,772,1575
32,546,578
12,691,703
945,985,1930
370,43,413
816,87,604
965,658,1623
830,632,1462
497,958,1455
191,326,517
31,829,860
516,523,1039
464,556,1020
757,405,1162
668,82,750
625,700,1325
498,275,773
895,46,367
980,224,1204
966,531,1497
399,51,450
453,815,1268
413,723,1136
115,831,946
166,420,586
586,928,1514
86,239,325
534,250,784
888,988,1876
912,244,1156
705,552,1257
300,1,301
145,744,889
494,805,1299
218,366,584
115,513,628
437,905,1342
175,67,242
39,646,131
261,923,1184
23,102,125
483,276,759
770,816,1586
126,984,1110
669,987,1656
588,213,801
418,699,1117
347,776,1123
352,864,581
347,302,649
380,422,802
735,378,1113
596,293,889
215,723,938
518,193,711
147,810,957
350,846,1196
826,74,900
314,225,539
428,908,1336
718,133,851
618,252,870
665,201,866
80,451,531
270,324,594
438,454,892
608,25,747
73,133,206
386,603,989
264,574,838
361,340,701
721,414,1135
584,115,699
686,298,984
878,293,1171
49,758,807
770,515,1285
927,956,1883
356,30,386
888,431,1319
720,380,1100
906,361,1267
786,445,1231
317,62,379
658,534,1192
846,226,1072
650,195,845
936,683,1619
560,342,902
984,956,1940
71,368,439
63,837,900
131,818,949
107,116,223
55,548,603
95,414,509
232,729,961
10,232,242
580,81,661
974,649,1623
971,527,1498
342,385,727
233,887,1120
782,462,707
889,651,1540
809,205,1014
267,647,914
16,876,892
287,197,484
771,829,1600
204,649,853
727,465,1192
951,7,958
456,944,1400
905,112,1017
608,246,854
125,763,888
94,988,1082
262,903,1165
611,520,1131
488,128,616
949,59,1008
319,511,830
513,346,859
483,333,816
364,647,1011
394,880,1274
974,169,1143
276,296,572
93,554,647
280,726,1006
400,716,1116
213,987,1200
315,786,1101
636,678,1314
174,960,1134
553,774,1327
196,401,597
481,614,1095
672,233,905
925,952,1877
796,271,1067
69,497,566
248,397,645
510,372,882
330,783,1113
243,484,879
605,9,614
308,720,1028
100,451,551
327,957,1284
918,599,1517
551,847,1398
16,988,1004
209,236,445
395,12,407
736,356,1092
69,485,554
397,415,812
28,756,509
759,498,1257
365,855,1220
934,403,1337
986,783,1769
557,307,864
340,986,1326
200,427,627
193,175,368
307,944,1251
375,978,1353
601,398,45
912,55,967
736,843,1579
466,753,1219
220,694,914
955,629,337
109,756,865
939,994,1933
909,495,1404
971,463,1434
155,560,715
663,302,965
502,493,995
675,143,818
975,939,1914
418,784,1202
434,917,1351
184,54,238
749,32,416
652,87,739
433,543,976
336,496,832
559,603,1162
8,372,380
440,127,567
277,508,785
688,377,1065
531,200,731
620,673,1293
271,788,1059
936,261,1197
838,651,1489
499,877,1376
458,122,580
217,14,231
870,381,1251
174,659,833
869,513,1382
580,223,803
603,7,610
777,609,1386
30,498,528
739,19,758
219,721,940
964,304,1268
351,801,1152
562,382,944
923,807,1730
597,931,1528
145,913,1058
790,783,1573
17,120,207
897,597,1494
418,483,901
905,157,1062
385,196,581
975,107,1082
264,4,268
322,989,1311
188,518,706
237,557,794
496,112,608
295,606,901
138,417,555
524,308,832
342,468,810
396,662,1058
916,359,667
95,569,664
664,234,898
9,640,649
812,338,1150
646,186,832
392,35,427
523,645,1168
453,440,893
900,327,1227
862,926,1788
475,292,767
852,223,1075
926,615,379
674,601,1275
138,268,406
730,598,1328
258,89,347
229,438,667
682,548,1230
24,434,458
318,731,1049
588,430,1018
729,919,1648
490,658,1148
672,62,734
530,594,1124
854,832,1686
765,670,1435
182,803,985
934,742,250
833,380,1213
899,144,1043
291,493,784
97,724,821
536,197,733
444,806,62
644,471,1115
623,452,1075
971,385,1356
515,779,1294
697,430,1127
309,215,524
741,892,1633
234,117,351
596,281,877
499,144,643
872,680,1552
847,123,970
234,563,797
792,365,1157
93,281,374
366,110,476
164,139,303
463,985,1448
362,492,854
0,353,353
483,419,902
614,656,1270
7,279,286
869,965,1834
687,754,1441
529,259,788
788,212,1000
497,90,587
877,781,1658
425,270,695
387,340,727
193,302,495
987,82,721
448,719,1167
611,527,1138
834,126,960
563,138,101
997,262,1259
393,318,711
664,261,925
35,363,811
847,698,1545
694,882,1576
158,68,226
409,461,870
84,716,800
930,221,1151
667,47,714
657,28,685
513,130,643
825,573,1398
542,461,1003
831,744,3
286,297,583
15,245,260
225,349,574
228,942,1170
475,10,485
256,267,523
49,184,233
853,256,1109
51,239,290
745,872,1617
73,381,454
819,832,1651
661,650,1311
631,609,1240
280,515,795
371,145,516
758,208,966
322,457,779
713,844,1557
794,311,1105
678,605,1283
444,94,538
88,352,440
369,786,1155
495,407,902
55,954,669
822,964,1786
915,979,1894
492,964,1456
634,754,1388
733,893,1626
57,57,114
12,265,277
696,101,797
456,766,1222
226,237,463
444,424,868
71,204,275
655,255,910
794,314,1108
294,55,349
729,84,813
396,890,1286
251,343,594
405,759,1164
839,615,772
856,857,765
71,625,696
33,623,656
475,871,1346
205,842,1047
89,320,409
447,231,678
294,645,939
709,506,643
703,148,851
722,679,1401
317,226,543
321,563,884
523,602,1125
887,112,999
461,891,174
527,472,999
295,728,1023
356,297,653
134,227,361
27,717,744
722,866,1588
585,679,1264
207,497,704
468,302,770
752,905,1657
487,522,1009
498,184,682
566,773,1339
455,103,558
504,185,689
848,552,1400
690,641,1331
168,107,275
150,122,272
180,114,294
646,393,1039
211,254,465
913,912,1825
551,839,1390
746,380,1126
757,603,1360
105,805,910
542,116,658
371,945,1316
122,616,738
335,948,1283
391,342,733
12,758,770
756,520,1276
595,257,852
279,186,465
216,273,489
716,745,1461
555,146,701
53,175,228
653,113,766
728,48,776
558,424,982
902,136,1038
490,784,1274
432,671,1103
8,771,779
389,492,881
551,577,1128
371,641,1012
769,664,1433
953,637,1590
27,49,76
435,937,766
914,871,1785
404,136,540
591,774,1365
28,568,820
364,519,883
986,811,1797
267,962,1229
842,673,1515
772,751,1523
938,155,1093
652,927,1579
690,856,1546
69,273,342
790,394,1184
394,986,1380
38,51,89
834,358,1192
717,36,753
848,454,1302
202,439,641
5,666,671
158,325,483
999,318,1317
697,334,1031
916,571,1487
159,620,251
88,188,276
584,967,1551
982,504,1486
31,160,191
228,565,793
241,756,997
554,738,1292
237,761,998
378,560,938
397,383,780
714,670,1384
976,838,1814
591,613,1204
639,933,1572
937,924,1861
445,948,1393
376,451,827
338,991,1329
92,686,778
608,691,1299
66,637,703
769,722,1491
392,259,651
962,894,1856
420,23,443
432,193,625
941,762,1703
463,134,597
694,184,878
272,194,466
815,273,1088
700,715,1415
327,794,546
781,484,1265
493,522,1015
398,67,465
380,563,943
600,280,880
898,785,1683
387,305,692
16,496,512
808,400,1208
423,989,1412
701,628,1329
842,750,1592
257,784,1041
457,872,1329
935,285,1220
807,70,877
424,864,1288
442,483,925
197,139,336
553,930,1483
412,473,885
103,37,140
605,682,1287
430,856,1286
408,716,1124
813,192,1005
38,189,227
344,565,909
802,392,1194
262,430,84
662,262,924
664,310,974
60,78,138
940,141,1081
173,967,1140
175,903,1078
445,863,1308
44,515,559
894,455,1349
623,152,775
92,152,244
775,561,1336
937,34,971
175,168,343
386,282,668
240,914,1154
449,307,676
813,73,886
443,972,1415
979,963,1942
466,527,993
77,578,655
717,805,1522
540,673,1213
434,303,737
207,681,888
968,891,1859
334,420,754
749,502,1251
314,953,1267
764,482,1246
640,664,1304
689,593,1282
75,157,232
765,0,765
505,250,755
370,381,751
267,570,837
560,183,743
433,167,600
63,309,372
719,157,425
963,819,1782
700,958,1658
748,648,1396
754,441,1195
810,679,1489
353,562,915
958,734,5
746,909,1655
238,961,1199
304,720,381
785,999,1784
744,133,877
369,890,1259
10,672,682
716,614,1330
513,15,528
828,807,1635
288,455,743
535,403,938
926,934,694
886,902,1788
927,158,1085
376,611,987
730,355,1085
928,367,1295
928,367,1295
331,16,347
497,748,1245
364,770,1134
483,812,1295
365,412,777
344,493,837
660,106,766
71,357,428
18,977,995
788,492,1280
235,675,910
484,296,780
710,572,1282
650,320,970
519,846,1365
226,972,1198
997,906,1903
325,852,1177
436,533,969
508,568,400
754,628,1382
665,44,709
665,341,1006
218,47,265
360,753,1113
216,770,418
299,681,980
462,755,1217
652,587,1239
160,428,588
705,490,1195
309,979,1288
373,139,512
162,909,1071
219,944,1163
291,903,1194
578,791,1369
338,227,565
853,327,1180
108,330,438
494,933,1427
656,380,1036
521,174,695
708,968,1676
972,607,1579
924,946,1870
106,428,534
883,600,1483
658,266,924
821,185,1006
663,391,1054
988,385,1373
728,762,1490
897,645,1542
597,371,968
649,363,1012
348,879,1227
813,945,1758
729,151,880
895,471,1366
462,481,943
212,618,830
744,187,931
382,545,927
826,699,1525
283,246,529
265,449,714
356,979,1335
635,423,1058
134,473,607
234,321,555
868,578,1446
686,450,1136
866,655,1521
97,234,331
294,398,692
139,218,357
577,422,999
482,647,1129
677,838,1515
934,806,1740
554,937,1491
420,469,889
958,863,1821
197,284,481
212,735,521
706,886,1592
890,452,1342
468,584,1052
815,57,872
803,635,1438
237,146,383
602,45,647
933,204,1137
605,421,735
715,287,1002
904,825,1729
317,30,347
395,342,737
282,798,1080
792,14,806
613,40,619
642,53,695
544,509,1053
168,144,312
791,770,1561
397,401,798
803,79,882
365,851,1216
646,397,1043
776,245,1021
786,188,974
222,376,598
992,59,1051
198,716,670
641,889,1530
951,348,1299
65,800,865
313,231,544
19,618,637
402,431,833
265,1000,1265
299,968,1267
173,409,582
887,766,1653
844,538,1382
80,536,616
751,615,1366
685,367,1052
298,456,754
262,492,754
575,158,733
343,350,693
571,461,1032
784,777,1561
798,470,1268
232,604,836
257,666,923
900,250,1150
416,953,1369
538,819,1357
425,284,709
143,440,583
491,340,831
927,453,1380
700,808,1508
761,12,773
882,110,992
744,549,1293
937,280,1217
325,795,1120
625,821,1446
929,893,391
133,886,662
285,170,455
623,958,1581
48,882,930
922,996,1918
86,180,266
543,764,1307
636,528,1164
226,577,803
522,607,1129
560,267,827
425,865,1290
431,321,752
83,202,285
518,871,1389
788,688,1476
380,112,492
337,444,781
366,808,1174
934,783,1717
235,403,638
95,51,146
724,880,1604
268,98,366
850,516,1366
527,208,735
965,689,1654
243,872,276
719,5,724
725,302,1027
400,630,1030
178,280,458
81,81,162
428,834,1262
947,916,1863
388,736,1124
405,767,1172
195,425,620
761,410,1171
302,923,1225
679,714,423
548,309,857
439,394,833
644,950,1594
887,438,1325
581,651,1232
471,395,866
889,109,998
844,660,1504
844,965,1809
624,318,942
484,329,813
489,740,965
169,159,328
644,57,701
869,315,1184
952,26,978
459,374,833
489,904,1393
968,433,1401
751,776,1527
781,291,1072
187,796,198
860,142,1002
315,715,1030
642,103,745
861,892,1753
987,591,1578
864,914,1778
976,182,1158
630,140,770
837,798,1635
853,63,916
719,373,1092
670,826,1496
141,995,1136
86,111,197
474,668,1142
250,240,490
144,576,165
105,742,847
840,626,1466
665,343,1008
659,394,1053
996,698,1694
221,502,723
919,194,1113
639,413,1052
378,67,445
211,241,452
18,340,358
174,132,906
175,819,994
595,451,1046
247,146,393
881,919,581
449,457,906
818,945,1763
760,400,1160
163,532,695
151,379,530
88,837,925
955,574,1529
92,215,307
418,218,636
160,426,586
740,32,772
978,206,1184
85,656,741
533,537,1070
713,800,1513
16,267,283
108,143,251
289,509,798
995,188,1183
28,84,112
618,753,1371
90,233,323
690,888,1578
167,28,195
325,913,1238
935,173,1108
421,423,844
293,263,556
213,894,1107
463,702,1165
313,475,3
902,656,1558
181,851,1032
195,220,415
538,893,1431
548,132,680
745,811,1556
553,920,1473
943,811,1754
132,256,388
184,156,340
313,894,1207
292,598,890
790,612,934
714,698,1412
966,110,1076
784,403,1187
873,10,883
529,636,1165
629,158,787
377,161,538
772,140,912
798,52,850
787,224,1011
782,391,1173
97,357,454
375,318,693
191,957,1148
579,978,1557
408,947,1355
869,429,1298
136,114,250
476,659,1135
564,354,918
695,874,1569
26,554,580
302,774,1076
149,229,378
803,782,1585
578,1,579
336,207,543
100,736,836
893,979,1872
312,426,738
852,536,1388
612,209,821
814,590,381
692,624,1316
688,376,1064
25,27,52
706,849,1555
850,427,1277
595,511,1106
803,472,1275
768,0,768
700,498,1198
725,282,1007
8,71,79
261,154,415
709,34,743
485,992,719
779,166,945
986,143,1129
568,319,887
241,785,1026
710,770,1480
995,302,1297
902,364,1266
205,591,796
845,418,1263
562,376,938
775,781,1556
272,795,1067
478,924,1402
597,393,990
394,369,763
219,672,891
343,571,914
657,591,1248
249,568,817
245,635,880
163,752,915
148,351,499
558,511,1069
476,708,1184
481,840,1321
436,871,1307
827,168,995
135,663,798
773,752,1525
659,496,1155
897,665,1562
567,447,1014
80,500,580
706,893,1599
278,190,699
318,762,1080
396,601,997
804,358,1162
627,687,306
717,870,1587
28,596,624
318,116,434
396,696,1092
53,730,783
143,677,820
548,217,765
958,129,1087
900,860,1760
970,734,1704
734,185,919
141,326,467
432,212,644
153,536,689
202,355,557
764,47,811
244,52,296
364,896,1260
472,641,1113
215,289,504
556,806,921
920,427,1347
143,703,846
180,429,609
849,819,1668
723,942,1665
497,90,587
562,724,1286
803,708,1511
362,698,1060
755,801,1556
280,222,502
757,144,901
901,222,1123
723,252,975
581,595,1176
494,530,1024
663,653,1316
279,360,639
73,168,241
820,60,880
708,879,1587
763,494,1257
57,71,128
778,233,1011
186,420,606
155,257,412
378,986,1364
404,229,633
592,677,1269
314,94,408
616,263,879
924,434,1358
120,198,318
323,54,377
796,988,1784
879,994,1873
114,9,123
309,756,1065
355,403,758
174,897,1071
670,868,1538
122,522,644
662,69,731
117,442,559
684,304,988
764,474,1238
254,948,1202
850,5,855
868,204,1072
41,225,266
155,356,511
340,391,731
238,834,1072
167,973,1140
266,425,691
575,692,1267
348,683,1031
720,917,1637
76,217,293
322,904,1226
187,428,615
272,132,404
595,558,1153
892,98,990
807,875,1682
774,729,1503
935,535,1470
252,970,1222
282,490,772
87,373,460
202,547,749
617,620,1237
168,669,837
253,151,404
395,120,515
171,231,402
917,679,1596
932,36,968
957,33,990
511,732,1243
413,876,1289
792,588,1380
622,709,1331
30,595,625
775,675,1450
790,936,1726
568,27,595
585,68,653
248,480,728
863,761,1624
511,811,1322
56,582,638
391,367,758
882,346,1228
977,341,1318
660,196,856
881,11,892
737,173,910
843,473,1316
412,396,808
757,57,814
393,110,503
557,628,716
810,777,1587
164,508,475
234,55,289
588,451,1039
426,651,1077
435,430,865
703,106,809
906,57,963
923,473,1396
535,191,409
473,836,1309
175,901,1076
78,646,724
600,271,871
821,171,992
252,314,566
35,108,143
57,984,1041
628,50,678
928,16,709
230,133,363
103,584,687
288,588,933
862,152,1014
930,865,1795
321,539,860
11,841,852
991,297,1288
462,269,731
5,985,990
191,977,1168
686,154,840
219,952,1171
658,308,180
582,763,1345
678,753,1431
744,812,1556
228,52,280
312,30,342
237,10,247
651,289,940
130,506,636
126,875,1001
786,970,1756
539,986,1525
242,400,642
216,51,267
102,49,151
784,586,1370
529,862,1391
796,362,284
772,692,1464
449,11,460
665,148,813
739,40,779
712,83,795
200,309,509
930,268,1198
339,630,969
427,510,937
915,238,1153
975,561,1536
644,348,992
824,302,1126
248,526,774
16,23,39
408,196,604
810,7,817
177,159,336
645,483,1128
3,57,60
686,575,1261
809,419,1228
106,293,399
201,998,1199
509,901,1410
178,678,856
33,875,908
717,158,875
530,109,639
522,946,1468
497,800,1297
340,837,1177
968,491,1459
763,368,1131
562,147,709
517,405,922
725,546,1271
952,182,1134
839,734,1573
853,243,1096
803,469,1272
379,969,1348
176,604,780
628,553,1181
359,946,1305
151,390,541
432,681,1113
707,23,730
597,318,915
89,367,456
450,818,1268
189,303,492
8,397,405
321,596,917
887,567,1454
6,837,843
943,5,948
761,454,1215
612,254,866
363,23,386
638,303,941
47,421,468
987,75,1062
713,755,1468
437,792,1229
298,256,554
476,878,1354
49,340,389
682,727,1409
261,301,562
843,68,911
704,121,825
526,965,1491
359,695,1054
226,953,1179
289,913,1202
234,40,274
50,850,465
8,213,221
524,390,914
561,219,780
357,94,451
390,82,674
644,451,306
527,478,1005
613,446,1059
364,149,898
571,652,1223
422,400,822
820,456,1276
940,260,1200
187,498,685
324,823,1147
412,493,905
330,644,974
150,885,1035
877,510,1387
790,407,1197
783,570,1353
136,631,767
736,368,1104
661,774,1435
273,46,319
483,153,636
568,359,927
755,796,1551
130,187,317
940,594,1534
86,208,294
598,981,1579
33,636,669
846,857,1703
445,716,1161
477,524,1001
317,469,786
686,587,1273
160,137,297
537,402,939
335,949,1284
833,197,1030
648,681,579
620,278,898
197,711,908
814,74,888
97,491,588
729,444,1173
163,77,240
246,520,766
748,73,821
800,753,1553
474,626,1100
98,856,954
534,779,1313
48,113,161
793,257,1050
552,717,1269
82,532,614
648,282,930
712,125,837
924,221,1145
911,131,1042
716,726,617
845,220,1065
445,953,1398
90,498,588
876,461,1337
772,182,954
322,503,825
415,100,515
68,999,1067
95,142,237
163,321,484
613,880,624
657,39,419
667,501,1168
957,462,289
358,363,721
307,377,684
226,791,1017
392,475,867
213,350,563
820,185,1005
742,989,1731
414,9,423
922,437,1359
79,965,1044
206,640,846
999,437,1436
40,796,836
404,561,965
436,191,627
942,569,1511
243,403,646
759,492,1251
998,23,1021
989,566,1555
128,525,653
343,402,745
734,157,891
617,21,638
226,98,324
176,500,676
779,520,1299
900,45,945
355,100,455
760,77,837
843,403,1246
694,610,1304
588,384,778
505,990,1495
266,830,1096
333,516,849
245,59,304
519,870,1389
141,253,394
410,353,763
646,321,967
838,518,1356
87,73,160
335,92,427
68,763,831
806,391,1197
90,887,977
924,545,283
742,800,1542
71,857,928
963,51,1014
178,97,275
362,278,640
172,50,222
784,743,1527
522,444,966
499,670,1169
292,920,1212
668,96,764
559,947,1506
805,982,1787
5,982,987
908,525,1433
416,556,972
380,225,605
925,810,1735
227,664,891
741,397,1138
671,256,927
157,175,332
860,108,968
747,409,1156
784,725,1509
435,864,1299
171,164,335
292,255,547
894,725,1619
965,100,1065
711,389,1100
621,617,1238
408,983,301
224,338,562
30,324,354
533,400,47
74,833,907
752,648,716
488,406,894
431,411,842
153,913,1066
67,555,622
675,40,715
112,426,538
123,408,531
926,541,1467
945,615,1560
584,126,710
178,960,1138
113,538,651
803,397,1200
664,75,739
894,111,1005
43,293,336
239,604,843
704,124,828
56,99,155
151,593,744
80,302,382
989,441,1430
775,619,1394
45,187,232
428,528,956
54,499,366
459,512,971
572,730,1302
94,762,856
898,887,1785
760,87,847
815,88,903
822,662,1484
901,438,1339
111,260,371
852,912,1764
44,883,927
125,798,923
192,489,681
439,588,1027
289,802,1091
689,837,1526
925,680,1605
0,738,738
179,690,869
412,962,1374
77,42,119
241,470,711
659,977,1636
377,774,1151
70,309,379
278,582,860
600,556,1156
647,507,1154
567,33,600
644,711,1355
959,275,1234
995,430,1425
497,448,945
213,41,254
680,437,1117
137,571,708
414,210,624
580,567,1147
692,890,1582
673,215,997
430,150,580
21,616,637
193,421,614
960,492,1452
653,739,1392
594,32,626
702,999,1701
700,147,847
864,289,1153
747,22,769
501,977,1478
227,372,599
453,412,865
152,241,393
680,249,929
48,821,869
30,719,749
238,460,698
671,45,716
961,176,1137
674,310,984
314,696,1010
481,338,819
393,837,1230
685,295,980
411,283,694
728,643,1371
255,166,421
362,210,572
30,440,470
393,375,450
508,33,541
451,55,506
948,429,1377
895,150,1045
562,282,844
721,503,1224
967,478,1445
695,884,1579
643,257,900
588,42,630
644,140,784
224,538,762
431,461,892
328,460,788
822,383,1205
247,840,1087
60,464,524
814,573,1387
696,300,996
635,552,1187
344,782,1126
347,528,875
687,906,1593
276,357,633
635,76,711
145,946,1091
786,343,1129
639,805,1444
975,467,1442
492,922,1414
964,889,1853
334,872,976
944,285,1229
139,749,888
466,2,468
79,977,1056
291,437,728
929,905,1834
725,459,1184
85,595,680
422,438,860
269,277,546
885,415,1300
37,622,659
109,758,867
672,10,682
851,550,1401
630,820,1450
91,505,596
467,564,1031
597,37,634
395,402,797
668,222,890
469,418,887
726,746,1472
942,177,1119
470,365,835
838,586,1424
693,47,740
16,468,484
925,809,1734
702,744,1446
102,388,490
685,125,810
342,616,958
396,662,1058
372,60,432
751,72,823
747,585,1332
956,769,1725
190,556,746
271,60,331
336,54,390
98,99,197
623,541,1164
502,987,1489
818,639,1457
179,682,861
467,264,731
471,14,485
873,854,1727
401,862,1263
12,719,731
374,103,477
87,434,521
91,267,358
227,281,508
831,764,1595
339,459,798
383,373,756
683,611,1294
419,246,665
267,787,1054
455,548,1003
60,569,629
19,392,411
707,484,1191
159,854,1013
630,90,720
910,329,25
717,353,1070
914,259,1173
565,915,1480
734,241,975
593,158,751
292,713,1005
817,51,868
486,50,536
305,523,828
529,138,667
259,195,454
731,783,1514
249,199,448
682,342,1024
294,274,568
61,900,961
556,701,1257
79,893,972
612,406,1018
320,912,1232
450,338,307
684,657,1341
733,32,765
72,180,252
506,365,871
526,924,1450
5,650,119
241,197,438
671,482,1153
894,797,1691
852,428,1280
872,799,1671
132,630,762
616,726,765
180,927,1107
661,692,1353
831,711,634
858,62,920
234,349,583
881,600,1481
21,876,897
870,204,1074
248,690,938
172,440,612
379,731,1110
805,630,1435
318,85,403
823,230,1053
815,370,1185
542,611,1153
503,969,1472
265,211,476
429,699,1128
511,341,852
608,310,918
713,518,1231
160,873,1033
819,83,902
695,338,1033
305,1,306
54,726,780
0,809,809
260,368,628
797,584,1381
691,740,1431
575,237,812
850,942,1792
614,900,1514
75,574,649
202,491,693
174,454,628
197,821,1018
872,630,1502
652,583,1235
448,271,719
513,982,1495
632,118,750
513,389,902
156,47,203
211,370,581
844,132,976
184,456,640
430,628,1058
900,877,128
65,582,647
427,958,1385
724,998,1722
263,626,889
886,945,1831
494,941,1435
258,640,898
342,353,695
380,31,411
523,949,1472
884,600,1484
954,154,1108
667,868,1535
958,756,1714
509,829,1338
737,330,1067
810,264,1074
922,548,1470
614,803,1417
200,818,1018
568,868,1436
371,391,762
660,386,1046
606,905,180
831,63,894
239,92,331
661,13,674
717,357,1074
426,117,543
873,689,259
547,254,801
655,344,999
290,968,1258
427,512,939
359,42,401
785,508,1293
232,55,287
781,72,853
990,113,1103
718,855,1573
921,478,1399
156,993,1149
159,140,299
115,306,421
671,359,1030
655,102,757
288,55,343
37,357,394
87,598,685
579,575,1154
183,747,930
996,498,1494
287,593,880
998,459,11
80,305,385
499,674,1173
811,187,998
69,742,811
23,479,502
44,270,314
250,55,305
723,818,1541
438,597,1035
548,831,1379
215,574,789
684,306,990
790,256,1046
111,79,190
534,959,1493
892,460,1352
441,965,1406
140,415,555
141,79,220
321,9,330
285,319,604
46,198,244
978,820,283
25,719,744
465,454,919
889,31,235
90,66,156
687,287,974
128,220,348
66,408,474
364,251,615
931,520,1451
303,751,1054
920,505,1425
78,462,540
740,453,1193
931,550,1481
33,946,979
83,278,361
585,261,995
222,630,852
390,59,449
957,120,1077
468,893,1361
746,786,1532
259,633,892
267,852,1119
21,447,468
769,877,1646
688,107,795
675,899,1574
404,645,1049
474,393,867
680,701,1381
775,92,867
916,194,1110
333,847,1180
95,4,450
310,655,592
449,654,1103
789,699,1488
829,55,884
73,125,198
680,344,1024
384,241,625
47,396,609
642,27,669
237,19,256
358,511,869
189,886,1075
140,754,894
122,805,927
639,872,1511
235,315,550
294,274,568
453,373,826
725,416,1141
976,767,1743
33,587,620
681,412,1093
155,337,492
591,348,939
378,186,564
560,151,711
951,195,1146
802,159,961
781,428,1209
747,636,1383
548,453,1001
293,275,568
339,309,648
520,613,27
479,504,983
156,626,782
823,240,1063
679,197,876
680,518,1198
83,416,499
304,222,526
823,540,1363
581,233,814
723,320,1043
484,935,1419
46,399,445
819,440,1259
46,606,652
213,879,1092
160,267,427
307,639,946
586,582,1168
510,953,1463
899,544,1443
695,587,1282
683,108,791
895,463,1358
373,365,738
775,103,878
620,148,768
559,371,874
243,577,820
122,934,1056
45,13,58
202,11,213
677,377,1054
561,260,762
534,264,798
987,846,1833
276,698,50
671,745,1416
719,340,1059
468,823,1291
689,345,1034
959,585,1544
387,822,1209
682,36,718
634,754,1388
994,220,1214
306,752,1058
692,209,901
162,617,779
796,495,1291
392,247,639
263,652,915
731,625,1356
465,414,879
660,418,1078
33,56,89
180,172,352
333,787,1120
240,374,614
533,424,957
741,29,770
200,623,201
907,834,1741
985,640,1625
641,919,1560
897,286,1183
291,512,803
856,251,1107
738,457,1195
283,680,963
229,901,1130
164,888,1052
412,579,991
530,302,832
559,781,1340
186,200,386
849,624,1473
879,209,1088
146,332,478
32,267,299
375,129,504
493,961,1454
348,296,644
125,638,763
544,269,813
538,542,1080
903,948,1851
423,283,706
660,63,723
973,524,1497
539,216,755
549,359,908
94,700,794
85,761,846
117,815,932
331,868,1199
489,390,879
922,1000,1922
362,929,1291
149,364,513
312,22,334
355,635,990
39,393,432
192,146,338
392,531,923
135,251,386
467,650,1117
177,4,181
852,111,963
836,408,1244
514,401,915
450,275,725
401,613,1014
221,548,769
586,378,964
118,806,924
213,692,905
132,451,583
370,784,1154
636,747,1383
763,375,1138
469,410,879
301,78,379
122,729,851
910,444,1354
587,883,1470
239,865,1104
543,594,1137
6,431,184
419,925,1344
892,477,1369
671,561,1232
899,561,1460
834,769,1603
845,456,1301
610,460,1070
169,132,301
302,136,438
444,36,480
161,556,717
299,24,323
546,907,1453
173,968,1141
971,912,1883
730,317,1047
241,991,1232
611,843,1454
652,195,847
370,848,1218
172,570,742
408,705,1113
537,598,1135
661,804,1465
196,564,760
713,705,1418
372,602,974
278,683,961
877,791,1668
258,355,613
492,406,898
147,479,626
570,948,1518
831,434,1265
386,636,1022
714,462,1176
775,234,1009
383,248,631
801,832,1633
702,745,1447
93,837,930
60,831,891
193,706,899
110,192,302
670,376,1046
116,914,1030
941,351,1292
259,338,597
673,362,1035
921,607,1528
281,542,823
675,996,1671
121,103,224
60,317,377
594,569,1163
76,575,651
387,822,1209
960,944,1904
851,192,1043
686,617,1303
120,209,329
473,299,772
473,985,1458
418,94,512
516,577,1093
645,174,348
86,346,432
203,829,1032
601,300,901
457,87,544
804,28,832
830,634,1464
305,896,1201
709,15,724
49,245,294
167,425,592
822,537,1359
95,787,882
640,224,864
523,639,1162
271,703,974
213,818,1031
420,528,948
494,62,556
269,802,1071
951,832,1783
358,87,445
488,383,871
549,622,1171
4,5,9
337,126,463
319,936,1255
77,170,247
59,253,312
715,4,719
578,288,866
992,384,1376
190,759,949
992,381,1373
509,762,1271
717,249,966
371,89,460
512,265,777
430,722,1152
222,76,298
485,305,790
336,20,356
43,162,205
957,200,1157
127,389,516
237,660,897
20,278,298
898,625,1523
963,730,1693
507,787,1294
20,903,923
981,331,1312
413,285,698
705,698,1403
616,753,1369
313,995,1308
201,682,895
50,350,536
703,493,1196
609,121,730
222,507,729
211,15,832
719,715,1434
669,15,684
648,276,924
877,291,1168
918,328,1246
501,710,1211
530,256,786
57,426,483
8,2,10
307,53,360
463,460,923
882,34,916
361,948,1309
35,902,937
965,637,1602
19,476,495
240,921,1161
401,893,1294
373,815,1188
17,985,1002
215,293,508
153,978,1131
240,275,515
607,508,1115
612,484,1096
700,904,1604
385,203,588
426,694,1120
991,612,1603
279,335,614
838,484,1322
960,644,1604
626,270,896
393,665,1058
221,979,1200
91,359,450
385,38,423
459,550,1009
11,930,941
792,568,1360
315,524,839
181,242,423
863,373,431
982,29,1011
973,629,1602
694,128,822
211,745,956
71,769,840
974,620,1594
285,460,745
307,570,877
321,396,717
894,948,481
781,472,1253
863,603,1466
532,42,574
197,904,1101
210,363,573
637,899,591
551,746,1297
546,229,775
162,393,555
982,902,1884
588,55,643
199,887,1086
536,535,1071
759,517,1276
557,209,766
119,453,572
645,565,1210
896,173,1069
140,672,812
520,571,1091
414,769,1183
525,849,1374
540,154,694
39,145,184
829,790,1619
36,25,61
527,846,1373
371,953,850
516,811,1327
207,918,1125
785,939,1724
50,891,941
760,951,187
957,688,1645
399,396,795
783,220,1003
552,999,1551
332,62,394
110,924,1034
242,362,604
424,549,973
598,898,1496
796,281,1077
444,309,753
613,544,1157
33,798,831
391,42,433
218,396,614
974,845,1819
585,545,1130
615,569,1184
834,305,1139
599,533,1132
123,6,129
880,664,1544
670,935,1605
252,330,582
408,747,1155
348,933,880
144,106,250
69,211,280
513,674,1187
539,932,1471
113,45,768
141,778,919
941,601,1542
721,944,1665
835,887,1722
986,120,1106
643,687,1330
246,1,247
914,311,1225
422,177,599
473,922,1395
54,893,947
484,947,1431
604,117,721
756,206,962
977,353,1330
480,966,1446
205,323,528
656,320,976
592,459,1051
382,262,644
87,101,188
219,761,980
982,512,1494
521,412,568
135,418,553
19,895,914
636,254,890
840,193,1033
663,417,1080
394,692,1086
967,312,1279
141,100,241
299,0,299
651,288,939
846,914,1760
9,251,540
978,492,1470
118,839,957
815,865,1680
331,777,484
930,701,1631
564,188,752
538,364,902
721,195,618
248,649,897
562,616,1178
206,657,863
88,420,508
885,166,1051
819,793,1612
131,904,1035
1000,344,1344
437,611,1048
629,97,726
592,554,1146
850,220,1070
415,974,1389
736,570,1306
777,289,1066
740,12,752
33,390,423
169,820,989
952,777,1729
791,382,1173
521,434,955
180,396,576
749,890,1639
738,936,1674
952,24,976
896,905,1801
470,276,746
883,938,1821
878,419,1297
824,355,1179
786,424,1210
195,377,572
560,328,888
298,442,740
835,437,1272
663,280,943
690,46,736
12,823,835
203,702,905
982,315,1297
931,963,1894
640,598,1238
957,469,1426
256,530,786
243,927,1170
129,926,1055
220,319,539
699,547,1246
158,713,871
162,376,538
411,896,1307
608,165,773
815,343,1158
813,994,1807
963,525,1488
682,496,630
203,312,515
297,300,597
300,756,1056
117,720,837
889,246,1135
667,986,1653
638,283,921
774,580,1354
6,253,259
952,163,1115
601,806,1407
497,126,623
435,235,670
307,192,499
642,285,224
573,915,1488
220,782,1002
648,907,1555
308,384,692
204,915,1119
889,433,1322
465,151,616
669,634,124
117,330,447
871,292,1163
203,976,1179
811,36,847
434,823,1257
376,0,376
195,83,278
110,485,595
580,14,594
412,403,539
259,678,937
819,472,1291
48,544,592
156,815,971
307,17,324
404,164,568
131,719,656
292,538,830
65,383,448
122,428,550
536,8,544
198,36,234
829,316,1145
805,25,830
530,16,546
495,945,1440
660,90,750
788,585,1373
719,411,1130
530,303,833
962,264,697
470,842,1312
910,417,1327
517,283,800
929,33,962
421,447,868
68,872,940
562,331,48
245,824,1069
316,638,954
806,545,1351
997,27,1024
47,261,308
160,264,424
212,587,799
251,970,1221
114,302,416
435,21,456
916,0,916
571,468,1039
818,415,1233
730,660,1390
381,870,1251
47,53,100
364,633,524
743,45,788
950,50,1000
753,454,1207
173,193,366
725,971,1696
886,509,1395
513,745,1258
945,734,1679
137,905,1042
160,777,937
67,134,201
305,601,906
641,219,860
93,346,439
330,740,1070
442,191,633
181,825,1006
730,247,977
185,319,504
839,588,1427
244,536,330
758,369,1127
674,245,919
82,16,98
593,696,1289
764,371,1135
445,581,1026
932,145,1077
344,979,1323
626,299,925
422,737,1159
394,280,674
17,87,104
355,42,397
986,163,1149
437,926,1363
670,486,1156
725,671,1396
311,622,933
686,380,1066
224,312,536
227,675,902
439,319,758
81,275,607
604,441,1045
162,440,602
601,383,984
160,739,899
410,180,590
948,897,1845
969,295,1264
801,237,388
980,980,1960
288,78,366
41,291,332
300,203,503
316,445,761
104,858,962
598,930,1528
502,478,980
857,189,1046
306,811,579
169,817,986
545,580,1125
985,220,1205
618,950,1568
224,67,291
901,274,1175
608,775,1383
359,463,822
634,531,1165
834,297,1131
783,420,1203
421,249,376
462,192,654
660,768,1428
888,67,955
636,715,1351
945,352,1297
113,459,572
945,329,1274
538,357,895
317,988,1305
564,977,1541
264,625,889
672,942,3
867,400,1267
743,750,1493
161,241,402
35,181,216
231,854,1085
981,772,167
29,830,859
387,626,1013
737,458,1195
33,67,100
453,507,960
827,601,1428
884,153,1037
488,824,250
894,907,1801
203,740,943
997,249,1246
291,926,1217
152,717,869
694,926,1620
99,344,443
833,89,922
368,228,596
477,971,1448
900,471,1371
408,810,1218
574,307,881
466,782,1248
785,590,1375
357,326,683
537,28,565
472,408,880
460,591,1051
147,762,909
273,532,805
706,289,995
320,703,1023
774,628,375
332,706,1038
241,913,1154
136,752,728
106,699,805
607,229,836
941,243,1184
504,934,1438
677,290,967
296,530,826
264,462,726
810,726,1536
148,109,257
718,242,960
737,114,851
814,110,924
430,820,1250
199,942,1141
506,410,916
277,753,1030
410,797,1207
474,721,1195
40,262,302
967,64,1031
287,900,1187
328,649,977
372,608,980
213,789,1002
924,125,1049
181,77,258
452,232,684
165,225,390
382,373,755
604,368,889
274,748,1022
148,835,983
131,175,306
336,242,578
135,95,230
697,812,1509
321,598,919
690,422,1112
316,784,1100
63,833,896
436,373,809
976,861,1837
259,80,339
948,264,1212
114,374,488
835,717,1552
287,71,358
326,719,1045
712,109,821
58,432,490
119,389,508
494,516,1010
88,714,802
153,682,835
301,763,833
545,332,877
93,774,867
745,487,1232
524,981,957
718,938,1656
801,35,836
910,224,1134
808,422,1230
753,510,874
185,115,300
654,710,1364
382,888,1270
131,422,553
1000,856,1856
497,709,1206
722,54,776
608,183,791
829,625,1454
115,749,864
511,17,528
766,446,1212
8,558,566
264,48,312
311,253,564
195,912,1107
593,181,774
703,991,1694
565,841,1406
815,717,1532
963,688,1651
672,604,1276
251,633,884
491,777,1268
826,396,1222
655,204,859
545,53,340
116,498,614
406,203,609
54,326,380
163,941,1104
648,281,929
102,340,442
764,652,1416
837,783,1620
775,379,1154
147,141,288
991,935,1926
810,674,1484
715,449,1164
176,885,1061
219,788,1007
349,133,482
341,602,943
431,132,563
943,225,1168
331,811,1142
331,379,710
492,955,1447
900,731,1631
227,680,907
104,991,1095
644,582,1226
639,465,1104
760,32,792
648,185,833
423,664,1087
339,572,911
259,715,974
511,929,1440
751,944,1695
546,738,1284
877,967,1844
389,31,420
507,894,1401
496,990,1486
351,348,699
877,496,1373
664,288,952
111,769,880
105,617,722
268,900,1168
739,523,1262
657,846,1503
670,411,1081
184,561,745
236,65,301
887,360,1247
183,511,694
247,274,521
506,132,638
655,563,1218
19,355,374
384,738,1122
609,181,790
883,468,1351
282,507,789
157,208,365
739,33,772
668,966,1634
407,730,1137
252,486,237
817,226,1043
657,158,815
305,422,727
20,614,634
270,414,684
502,668,1170
767,378,1145
949,335,1284
589,161,750
213,49,262
540,712,1252
917,543,1460
549,621,1170
386,451,837
374,292,666
257,85,342
367,490,857
169,47,216
832,271,1103
556,611,1167
665,609,1274
162,874,1036
608,148,756
997,94,1091
396,778,1174
846,936,1782
686,862,1548
751,524,1275
449,286,735
198,346,544
268,723,991
566,728,1294
795,30,825
240,332,572
32,33,65
442,10,452
200,291,491
751,378,1129
58,3,61
371,51,422
51,904,955
799,470,1269
376,902,1278
902,786,1688
811,291,1102
456,121,577
585,695,1280
575,919,1494
102,356,458
681,208,889
986,484,979
859,967,1826
534,653,1187
887,671,1558
652,467,1119
308,812,1120
712,692,871
504,582,1086
403,946,1349
753,69,29
883,619,1502
36,47,83
892,524,1416
620,645,1265
6,737,743
0,287,287
869,890,1759
92,293,385
878,766,1644
368,368,736
355,157,512
618,52,670
812,812,1624
718,904,1622
157,580,737
213,602,815
8,657,665
275,721,996
680,2,682
419,660,1079
490,189,679
533,546,1079
103,644,747
387,236,623
435,910,1345
79,902,981
18,713,731
709,386,1095
112,870,982
734,777,1511
655,173,828
393,398,791
457,626,1083
845,320,1165
738,33,771
454,686,1140
267,12,279
822,861,1683
21,559,580
422,576,998
177,516,693
887,460,1347
316,814,1130
603,719,1322
745,419,1164
650,615,1265
660,417,1077
397,961,1358
266,998,1264
340,128,468
62,126,188
369,544,913
438,112,550
904,680,1584
220,647,867
972,652,1624
963,522,1485
640,327,683
938,652,1590
747,473,43
850,434,1284
352,426,778
183,289,186
590,403,993
525,467,992
669,421,1090
677,33,710
417,413,830
649,952,626
401,268,669
203,380,583
898,906,1804
765,952,1717
40,180,220
796,617,1413
685,496,1181
107,792,899
143,735,878
200,82,282
975,913,1888
302,659,541
357,121,478
169,98,267
661,808,1469
784,485,1269
831,209,1040
20,451,471
372,166,979
870,89,959
40,110,150
566,667,1233
561,446,1007
706,409,1115
608,935,1543
963,336,118
4,483,487
710,223,933
478,883,1361
445,744,1189
400,422,822
478,500,978
438,701,1139
761,912,1673
2,772,774
447,15,462
525,789,1314
727,881,1608
82,96,178
762,548,1310
493,328,149
947,943,1890
134,974,1108
797,446,1243
464,823,467
666,8,674
962,828,1790
0,633,633
549,324,873
107,325,432
740,930,1670
873,999,1872
712,192,904
60,203,263
204,143,347
852,913,1765
197,619,816
483,356,839
411,42,453
751,425,1176
881,468,1349
825,832,1657
94,302,396
549,269,818
249,652,901
959,102,1061
360,868,1228
601,625,1226
744,219,963
54,933,987
377,197,574
394,932,1326
178,518,696
212,507,719
811,746,1557
120,643,763
490,508,998
693,98,791
827,883,1710
387,365,752
934,449,1383
934,591,1525
651,921,1572
321,295,616
506,976,1482
498,659,1157
107,875,982
648,335,983
605,379,984
246,135,381
860,151,1011
65,285,350
556,337,893
154,584,738
337,971,752
744,348,1092
872,200,1072
118,18,136
141,896,1037
175,976,1151
740,68,808
665,875,1540
877,530,1407
18,88,106
406,733,1139
520,971,1491
209,455,664
483,859,1342
61,282,343
421,364,785
731,657,1388
342,200,542
729,53,782
792,336,1128
780,76,856
221,316,537
968,502,1470
847,13,860
372,27,399
274,552,826
343,806,1149
678,904,1582
531,187,718
179,460,639
965,969,1934
842,758,1600
330,670,1000
14,469,483
226,211,437
436,326,762
778,123,901
77,228,305
664,982,1646
508,452,960
365,638,417
60,973,1033
885,958,1843
265,408,673
561,977,1538
501,703,609
298,701,999
197,367,564
535,169,704
265,275,540
463,694,1157
202,282,484
332,424,756
762,632,1394
386,671,1057
511,873,1384
347,882,1229
428,417,845
742,706,1448
243,549,792
785,429,1214
528,238,766
546,334,880
117,756,873
146,72,218
838,732,1570
71,552,623
747,257,1004
814,858,1672
425,469,894
723,673,231
553,934,1487
659,115,774
400,985,1385
889,435,1324
485,957,1442
502,655,470
566,726,1292
392,509,901
55,120,175
867,417,1284
90,30,911
763,695,1458
209,649,858
906,267,1173
418,842,1260
807,846,1653
862,510,1372
617,59,676
931,166,1097
893,789,1682
539,952,1491
855,329,1184
33,329,362
207,836,1043
177,591,768
317,796,1113
676,73,749
976,595,1571
970,670,256
529,320,930
825,825,1650
354,116,470
757,120,877
706,354,1060
182,262,444
713,75,788
187,805,359
548,856,1404
159,302,461
616,873,1489
456,842,1298
157,843,1000
507,367,874
469,67,536
159,445,604
379,742,1121
763,803,270
192,585,777
670,778,1448
92,504,596
536,995,1531
476,347,823
702,808,1510
228,336,564
527,630,1157
860,805,1665
91,276,367
746,758,1504
968,204,1172
894,832,1726
451,569,1020
337,754,1091
322,955,1277
101,326,427
258,610,868
917,577,1494
913,973,1886
454,354,808
615,588,1203
476,991,1467
780,570,1350
948,685,1633
122,132,254
54,203,257
220,733,953
181,358,539
922,359,1281
778,744,1522
823,947,1770
324,790,1114
78,776,854
776,737,842
286,967,1253
485,112,597
935,342,1277
481,263,744
355,287,642
982,300,1282
32,822,854
445,217,662
1000,341,1341
41,376,417
761,469,1230
923,633,1556
33,553,586
713,379,1092
439,228,667
850,127,977
500,385,885
824,125,949
474,988,1462
333,870,1203
1,770,771
879,374,1253
839,192,1031
993,613,1606
613,291,904
453,444,897
843,761,1604
29,378,407
374,732,1106
843,992,1835
515,149,664
343,995,1338
983,173,1156
426,593,1019
921,277,1198
385,900,1285
912,589,1501
550,15,565
806,46,852
115,899,1014
962,829,1791
881,515,1396
225,786,1011
323,369,692
461,230,691
328,248,576
278,75,353
374,730,1104
877,54,931
200,211,411
732,797,1529
216,583,799
85,705,790
667,29,696
910,316,1226
885,90,975
931,742,1673
742,478,1220
584,328,912
462,876,1338
946,5,951
190,433,623
616,721,1337
617,640,1257
783,910,1693
893,528,1421
735,848,1583
231,865,1096
966,537,1503
9,626,635
911,472,1383
160,614,774
832,833,1665
674,494,1168
10,444,454
723,190,913
191,523,714
624,263,887
227,823,1050
216,198,414
148,554,702
736,869,1605
757,118,875
200,234,434
603,671,1274
191,723,914
27,186,213
533,470,1003
456,648,1104
142,156,298
581,567,1148
328,160,488
864,305,1169
899,385,1284
721,398,1119
331,959,343
828,752,83
998,573,1571
829,54,883
989,489,1478
402,704,1106
563,751,1314
153,61,214
743,865,1608
785,368,1153
168,208,376
125,390,515
439,354,793
453,368,821
572,233,805
294,59,353
657,849,1506
577,275,852
637,833,1470
152,561,713
581,354,935
896,263,1159
546,224,770
393,305,698
88,994,1082
618,635,1253
272,956,1228
19,792,811
3,359,362
333,390,723
150,316,466
880,287,1167
501,507,1008
300,752,1052
558,718,1276
35,106,141
974,499,1473
986,879,1865
354,868,1222
413,1000,1413
793,663,1456
280,195,475
297,753,1050
127,21,148
480,733,1213
707,65,29
87,286,373
163,876,1039
934,683,1617
157,174,331
35,54,89
297,599,896
215,106,321
38,709,747
702,523,1225
92,797,889
115,192,307
935,764,1699
525,471,996
704,821,1525
268,803,1071
669,201,870
130,484,614
928,957,1885
7,903,910
115,338,453
931,447,1378
110,59,169
156,303,459
435,347,782
114,357,471
478,829,1307
746,700,1446
648,637,1285
602,789,1391
810,552,1362
997,368,1365
853,963,1816
252,835,919
872,950,1822
951,594,1545
219,243,462
940,23,963
148,158,306
976,929,1905
712,926,1638
310,692,1002
136,835,971
391,460,851
36,987,1023
231,642,873
613,447,1060
481,377,858
976,94,1070
823,88,911
84,27,111
86,397,483
632,181,813
337,882,1219
591,509,1100
609,778,1387
123,295,418
45,746,791
318,683,1001
537,957,1494
525,106,631
94,164,258
878,591,1469
153,891,1044
416,914,1330
123,73,196
107,646,753
145,698,843
521,305,521
399,382,781
256,280,536
291,105,362
922,117,1039
800,767,1567
20,642,662
173,855,1028
594,904,1498
151,519,670
148,772,920
448,129,577
331,233,564
754,782,451
16,903,919
170,867,1037
538,447,985
890,746,1636
180,584,764
204,187,391
477,328,805
972,181,1153
766,237,1003
637,170,807
243,688,931
11,275,286
968,758,1726
283,608,891
110,985,1095
952,167,1119
649,20,669
45,807,852
471,482,953
445,543,988
35,487,522
909,789,1698
536,530,1066
33,927,960
112,23,135
112,17,129
111,291,402
547,812,1359
713,446,1159
6,307,313
689,442,1131
311,897,1208
805,749,1554
75,555,630
790,708,1498
90,346,436
223,384,607
239,382,65
783,39,822
196,73,269
379,152,531
796,605,1401
939,538,1477
426,601,1027
344,826,1170
388,801,1189
921,472,1393
103,151,254
543,847,1390
882,291,1173
67,245,990
660,500,1160
318,549,867
665,633,1298
174,361,535
583,798,1381
196,522,718
747,738,1485
608,677,1285
241,20,261
434,365,799
21,660,681
946,68,1014
722,22,744
730,235,965
991,35,1026
927,625,1552
478,771,1249
642,659,1301
646,718,1364
498,928,1426
364,80,444
655,421,1076
543,799,1342
562,647,1209
823,926,1749
45,903,948
2,989,991
740,863,1603
308,284,592
826,446,1272
754,77,831
451,477,928
643,904,1547
624,630,1254
533,704,1237
150,663,813
54,768,822
487,624,1111
244,371,615
564,417,981
230,863,1093
411,955,1366
888,198,1086
889,639,1528
963,93,1056
836,90,926
261,958,432
85,194,279
534,471,1005
782,193,975
976,566,1542
988,339,1327
447,382,829
569,518,1087
673,708,1381
845,984,1829
638,159,797
741,661,1402
792,545,1337
745,976,1721
81,849,930
540,308,848
386,637,134
309,157,466
240,70,793
861,903,43
932,705,531
825,467,1292
234,32,266
588,161,749
254,54,308
533,405,834
132,904,1036
541,626,1167
857,557,1414
156,200,282
172,763,935
224,81,305
842,340,1182
600,206,661
927,794,1721
413,289,702
949,575,1524
266,753,1019
541,166,707
634,580,1214
996,591,1587
370,712,1082
347,623,970
142,578,720
925,595,1520
497,103,600
898,303,1201
806,58,864
453,679,1132
806,241,1047
154,963,1117
46,329,375
983,254,1237
11,304,315
660,443,1103
318,890,1208
852,189,1041
881,535,1416
153,130,283
152,648,800
697,954,1651
631,625,1256
872,532,1404
102,88,190
521,106,627
55,44,99
997,149,1146
719,197,916
627,564,1191
235,49,284
928,800,1728
921,522,305
271,580,851
691,475,1166
894,934,1828
35,699,734
438,393,831
489,973,1462
506,75,581
18,33,51
275,753,1028
649,740,1389
192,856,1048
385,748,1133
851,63,914
151,447,598
226,556,782
326,363,689
253,736,989
291,933,1224
471,464,935
337,964,1301
433,267,700
996,993,1989
630,997,1627
26,833,859
663,762,1425
336,153,489
196,384,580
964,488,1452
74,221,295
806,703,1509
937,937,1874
432,897,1329
768,449,1217
59,507,566
97,163,260
382,556,938
975,681,1656
695,519,1214
678,459,1137
125,500,625
457,839,1296
434,856,1290
377,488,865
569,202,771
594,143,737
725,804,1529
449,620,1069
521,670,1191
28,532,560
137,676,813
154,36,190
774,740,1514
379,195,574
771,480,1251
704,466,1170
672,571,1243
732,598,1330
45,299,344
625,298,923
555,221,776
276,503,779
696,66,762
442,554,996
69,417,486
120,140,260
841,114,955
517,68,585
91,647,738
960,481,1441
827,521,1348
103,633,736
245,846,1091
338,217,555
362,788,1150
26,272,298
504,795,1299
188,909,1097
111,661,772
431,439,870
50,201,251
882,185,1067
53,769,822
41,28,69
47,983,1030
777,427,1204
690,323,1013
263,345,608
735,116,1000
729,944,1673
989,434,1423
872,848,1720
668,669,1337
648,867,1515
884,561,1445
742,480,1222
6,466,472
336,569,905
473,787,1260
457,240,697
626,686,1312
834,855,1689
403,300,703
329,774,1103
778,7,785
96,462,558
376,312,688
856,878,1734
816,837,1653
547,387,934
740,404,1144
934,243,1177
505,652,1157
576,783,1359
114,748,862
753,61,814
241,855,1096
607,48,655
945,383,1328
978,977,1955
542,266,808
268,193,461
82,603,685
129,551,285
74,490,564
559,771,1330
44,374,418
48,880,928
50,784,834
111,328,224
181,764,945
186,678,864
346,379,725
299,417,716
708,192,900
784,458,1242
221,2,223
865,136,1001
328,890,1218
330,462,792
564,518,1082
113,638,751
164,788,952
90,803,893
159,887,1046
589,493,1082
204,268,472
467,788,1255
832,551,1383
697,100,797
537,678,1215
185,97,282
444,216,660
279,672,951
480,604,1084
912,685,1597
112,13,125
473,610,1083
594,280,874
357,412,769
276,268,544
456,183,639
856,962,1818
745,434,1179
990,992,1982
673,627,1300
882,663,1545
383,645,1028
956,613,1569
499,999,1498
504,260,764
397,548,945
780,857,1637
326,809,1135
828,108,936
64,447,511
228,143,371
815,978,1793
468,413,881
923,923,1846
418,934,1352
448,641,1089
702,477,1179
892,397,1289
812,597,1409
372,2,374
751,318,1069
647,408,1055
247,367,614
666,365,1031
320,572,892
534,509,1043
231,578,809
92,756,848
240,785,1025
554,9,563
233,333,773
186,598,784
719,372,1091
10,411,421
978,572,1550
160,300,460
412,553,965
112,857,969
707,706,1413
974,523,1497
198,903,1101
295,69,364
805,307,1112
890,790,1680
545,92,637
217,572,789
424,670,1094
547,639,1186
294,423,717
893,890,1783
178,400,578
369,526,895
336,228,564
511,474,985
195,335,530
555,51,606
176,851,1027
802,468,1270
119,407,526
693,135,828
204,974,1178
887,900,1787
586,964,1550
249,970,1219
561,733,1294
242,156,398
171,970,1141
829,45,874
305,266,571
181,374,555
252,789,466
463,458,921
359,156,515
471,529,1000
139,188,327
577,834,1411
670,765,1435
5,693,698
361,827,322
987,890,1877
641,311,952
522,250,772
54,810,864
838,577,1415
949,259,1208
170,15,185
298,409,707
772,498,1270
479,742,1221
65,813,878
819,262,1081
474,365,839
202,538,740
390,353,743
481,109,590
37,347,384
592,489,1081
750,346,1096
303,102,405
256,851,1107
763,473,1236
672,535,1207
980,125,1105
232,92,324
376,111,487
526,488,1014
995,256,1251
502,465,967
813,474,1287
243,699,942
108,625,733
499,575,1074
692,126,818
86,418,504
211,430,641
181,873,1054
549,935,1484
644,747,1391
799,771,1570
76,8,84
261,134,395
800,988,1788
503,136,639
455,575,670
273,609,882
712,837,1549
460,613,1073
861,878,1739
846,981,1827
681,709,794
563,237,800
166,492,60
76,81,157
863,424,1287
690,127,817
584,836,1420
746,465,1211
722,164,886
878,685,1563
665,150,815
513,187,700
47,867,914
794,885,544
108,323,431
318,105,423
146,836,982
411,29,440
634,811,1445
789,541,1330
264,307,571
309,244,553
796,198,994
148,550,698
961,278,1239
847,816,1663
15,957,196
97,376,473
544,169,713
249,725,974
904,326,1230
430,886,1316
954,557,1511
191,3,476
256,792,1048
906,151,1057
913,78,991
296,725,1021
5,736,741
429,134,563
747,191,938
927,432,1359
624,787,1411
783,23,806
170,79,249
793,828,1621
175,97,272
825,771,1596
620,966,1586
671,29,700
526,817,1343
468,434,902
403,290,693
851,290,1141
971,682,1653
812,846,1658
231,21,252
460,940,1400
164,899,1063
183,543,726
577,641,1218
549,587,1136
999,756,1755
824,571,1395
249,255,504
393,245,632
806,556,1362
773,199,972
200,13,213
780,23,803
884,378,1262
75,654,729
970,309,1279
214,535,749
156,814,970
883,464,1347
234,596,830
775,585,1360
267,519,786
879,134,1013
504,750,1254
630,54,684
855,583,1438
164,690,854
756,658,1414
546,611,1157
479,942,1421
110,468,578
746,465,1211
600,726,1326
284,912,1196
452,232,684
266,775,1041
224,486,710
219,963,1182
169,485,654
143,522,665
308,932,35
775,409,1184
959,36,995
940,761,1701
304,334,638
403,315,718
18,563,581
196,358,554
788,740,1528
435,964,673
840,132,972
806,88,894
128,228,356
331,776,1107
874,135,1009
117,676,793
236,330,566
309,28,337
662,439,1101
682,254,936
510,932,1442
686,824,1510
635,210,845
781,874,1655
692,1000,1692
749,123,872
835,282,1117
548,749,1297
711,672,1383
349,744,1093
891,355,1246
601,467,1068
726,443,1169
142,133,275
352,584,936
800,268,692
966,29,995
243,32,275
851,432,1283
151,740,891
454,220,674
16,155,171
780,566,1346
147,982,1129
519,64,583
855,10,865
12,175,187
229,65,294
262,80,342
413,816,1229
116,129,245
131,33,164
521,94,615
856,450,1306
584,100,684
608,332,940
744,571,1315
236,338,574
159,440,599
419,968,1387
758,785,1543
344,546,890
626,182,808
444,569,1013
33,805,838
439,391,830
153,153,306
918,364,1282
879,218,1097
209,647,856
298,144,442
519,378,897
606,651,1257
461,454,915
201,858,1059
67,269,215
459,64,523
564,982,1546
602,101,703
51,311,362
52,336,388
788,202,990
558,932,1490
102,317,419
737,447,598
851,863,1714
43,238,281
234,352,586
247,687,934
52,255,307
235,498,733
584,382,966
338,673,1011
769,771,1540
460,324,784
366,155,628
617,344,961
630,45,691
599,115,714
652,839,1491
127,745,872
103,698,801
512,768,1280
75,120,195
387,370,757
480,19,499
77,53,130
372,377,749
805,989,1794
574,365,939
534,574,1108
719,52,771
685,482,1167
748,912,1660
909,521,1430
985,742,1727
250,507,757
490,326,816
892,487,1379
777,69,846
809,478,1287
333,982,1315
294,903,1197
976,812,1788
130,899,1029
358,617,975
77,989,1066
267,413,680
804,361,1165
414,997,1411
692,430,1122
820,477,1297
241,926,1167
929,605,1534
571,147,718
559,463,1022
717,212,929
12,85,97
262,732,994
175,827,1002
395,363,758
282,325,607
259,3,190
112,888,1000
762,731,1493
225,709,934
284,188,472
526,845,1371
731,734,157
388,503,891
513,553,1066
749,697,1446
160,24,184
909,188,1097
91,577,668
83,316,693
936,279,1215
752,717,1469
747,991,1738
229,446,675
398,299,697
39,708,747
215,64,359
180,696,876
42,815,857
337,423,760
55,275,330
863,76,939
970,600,1570
220,402,622
589,262,851
586,245,831
625,634,1259
605,948,1553
823,909,1732
590,320,910
976,926,1902
980,945,1925
196,365,112
908,644,1552
730,272,1002
794,610,1404
986,99,1085
354,550,431
365,822,1187
198,239,437
783,531,1314
587,275,862
96,788,884
36,304,340
658,136,794
682,211,893
998,646,1644
470,289,759
982,355,1337
204,535,739
428,340,768
287,856,1143
870,205,1075
609,761,1370
64,56,120
316,749,1065
210,9,219
293,762,1055
946,783,1729
424,383,807
173,285,458
720,491,1211
259,21,280
272,700,972
932,263,1195
831,904,1735
622,727,1349
523,463,986
75,943,1018
811,154,965
122,135,257
689,574,1263
929,536,1465
433,468,901
912,76,988
916,654,1570
497,274,771
636,444,1080
77,83,160
107,7,114
498,276,774
834,1,835
573,826,1399
478,928,1406
553,281,834
409,432,408
892,825,1717
484,845,1329
119,200,319
873,17,890
265,157,422
141,13,154
457,693,1150
426,92,518
724,95,819
55,787,842
228,227,455
523,107,630
436,56,492
724,685,1409
400,593,993
323,601,924
647,332,979
889,283,1172
624,926,1550
248,361,609
827,908,1735
783,417,1200
209,688,897
394,359,753
396,312,139
8,863,871
994,253,1247
325,398,723
333,939,1272
845,200,1045
998,156,1154
764,894,1658
94,974,1068
634,785,1419
761,495,1256
486,636,1122
40,568,608
729,486,1215
765,363,1128
256,125,381
290,801,1091
463,337,183
365,913,1278
990,317,1307
701,673,1374
609,407,1016
806,484,1290
430,612,1042
473,276,749
203,783,986
747,270,1017
171,946,1117
529,713,1242
812,618,1430
630,448,1078
473,941,1414
875,79,954
797,736,1533
465,839,1304
850,849,1699
36,532,568
366,391,757
659,610,1269
685,507,1192
199,12,211
392,280,672
220,384,604
328,333,507
31,40,71
549,208,757
7,446,935
636,999,1635
998,92,1090
111,917,1028
615,862,1477
383,665,1048
9,253,262
434,664,1098
661,342,1003
284,971,1255
321,165,486
855,388,1243
654,810,151
395,712,1107
381,533,914
997,20,1017
664,727,1391
717,985,1702
124,606,730
738,42,780
132,288,420
614,492,1106
76,771,847
603,242,845
868,523,1391
492,91,583
250,363,613
162,367,529
394,431,825
362,230,592
297,473,770
750,933,1683
950,611,1561
225,155,380
972,598,1570
738,100,838
626,951,1577
411,926,1337
835,421,1256
241,367,608
550,932,1482
855,190,1045
357,409,766
451,885,1336
146,853,999
606,198,804
83,640,723
974,891,1865
674,100,351
81,763,844
359,287,646
39,519,558
920,202,1122
682,279,961
889,967,1856
552,256,808
908,604,1512
829,85,914
208,648,856
924,93,1017
241,250,491
870,26,896
711,697,1408
282,6,288
961,822,1783
132,721,853
271,738,1009
419,103,522
416,874,1290
217,925,1142
709,575,1284
607,60,667
252,611,863
541,487,1028
121,26,147
579,656,1235
80,77,157
404,804,1208
439,532,971
256,270,526
536,503,1039
358,720,1078
751,101,852
47,912,959
275,423,912
921,0,921
555,368,923
130,686,816
594,605,1199
198,242,440
715,212,927
21,919,940
524,554,1078
420,342,762
883,354,1237
949,878,1827
773,181,954
58,660,718
617,771,1388
52,466,518
185,172,357
938,164,1102
343,791,1134
907,446,1353
350,104,454
574,108,682
106,855,961
635,752,1387
345,39,384
855,554,1409
797,167,407
37,235,272
476,274,750
895,685,1580
981,283,1264
656,70,726
586,330,916
862,889,1751
697,152,849
482,220,232
243,168,411
277,996,1273
104,384,488
140,464,604
126,728,854
789,157,946
705,849,1554
751,963,1714
1,757,758
555,819,1374
194,584,778
375,236,611
814,183,997
850,656,1506
850,658,1508
925,364,1289
357,817,1174
506,864,1370
879,154,1033
755,38,773
315,145,460
239,262,501
524,137,661
328,942,1270
609,294,903
852,40,892
816,874,1690
394,757,1151
425,8,433
667,815,1482
719,434,1153
193,272,465
371,247,618
799,747,1546
388,870,1258
75,823,898
738,694,1432
67,534,601
535,444,979
22,270,292
408,359,767
150,521,671
645,494,1139
522,794,1316
86,899,985
209,531,740
682,896,1578
661,234,895
400,685,1085
403,624,1027
4,693,697
323,75,398
78,127,205
965,483,1448
791,237,1028
849,153,1002
716,877,1593
588,554,1142
609,450,1059
700,152,852
414,792,1206
645,803,10
313,250,563
693,577,1270
157,176,333
856,686,1542
121,191,825
824,409,1233
866,577,1443
512,684,1196
769,11,780
641,393,191
354,564,918
85,91,176
627,473,1100
769,755,1524
144,353,497
198,655,853
784,326,1110
975,202,1177
845,168,1013
601,570,1171
1000,863,1863
128,768,896
363,449,812
486,694,1180
907,742,1649
549,778,1327
911,384,1295
187,973,1160
262,398,660
57,947,1004
323,97,420
208,837,1045
516,995,1511
964,944,1908
899,617,1516
41,967,1008
662,925,1587
719,563,1282
693,135,405
462,380,842
169,245,414
520,702,1222
61,846,907
348,158,506
224,855,1079
550,758,1308
594,26,620
687,840,1527
337,848,1185
314,209,523
840,343,1183
10,293,303
52,290,342
79,713,792
838,474,1312
791,365,1156
35,815,850
3,350,353
654,515,1169
646,380,1026
33,25,58
764,423,1187
557,829,1386
314,51,365
874,507,1381
680,780,1460
887,213,1100
34,829,863
196,593,789
774,397,1171
10,219,229
668,81,749
785,50,835
574,215,4
294,430,724
401,506,907
276,467,743
538,81,619
54,190,244
975,366,1341
637,44,681
634,686,934
613,36,649
41,875,916
725,203,928
354,88,442
673,287,960
789,507,1296
815,915,1730
976,23,999
209,588,797
35,643,678
157,3,160
33,69,102
518,844,1362
496,25,521
763,419,1182
396,771,1167
158,305,463
626,304,930
418,771,319
114,386,500
325,576,901
673,896,1569
351,160,511
830,528,1358
818,923,1741
873,904,1777
887,854,1741
978,329,1307
854,62,916
653,885,1538
963,411,1374
779,495,1274
149,85,234
757,801,1558
742,451,1193
230,957,1187
206,387,593
931,934,1865
264,679,943
163,721,884
860,281,1141
381,52,433
393,263,656
471,847,1318
458,295,753
636,743,1379
277,504,781
111,710,821
268,324,592
74,122,196
341,761,1102
560,891,1451
338,946,1284
141,58,199
956,480,1436
973,980,1953
986,391,1377
238,342,580
812,954,1766
995,732,1727
743,243,986
799,257,1056
400,801,1201
674,72,746
71,104,175
6,802,808
766,828,1594
129,508,637
356,348,704
554,88,642
460,475,935
879,54,933
757,309,1066
533,837,1370
67,721,788
753,37,790
169,697,866
129,476,605
604,530,1134
945,660,1605
360,877,1237
690,651,1341
483,262,745
734,496,1230
119,148,969
645,251,896
802,415,1217
645,930,1575
603,790,1393
365,788,1153
6,607,613
331,407,738
299,723,1022
272,901,1173
153,120,273
862,239,1101
190,244,434
990,578,1568
608,805,1413
193,779,972
687,672,1359
70,241,311
95,692,787
696,134,830
981,266,1247
247,263,510
660,969,1629
380,54,434
748,560,1308
565,115,680
355,973,1328
711,665,1376
86,584,670
85,516,601
177,311,488
326,397,723
7,495,502
43,571,614
8,23,31
749,54,803
673,381,1054
868,530,1398
40,719,759
213,275,647
382,368,750
293,377,670
787,206,993
191,375,566
724,248,972
783,464,1247
853,177,1030
406,847,1253
958,373,1331
787,648,1435
713,611,392
266,946,1212
861,682,1543
996,993,1989
507,293,800
347,509,856
81,741,822
250,972,1222
9,90,99
180,847,1027
574,42,616
348,34,382
219,325,544
414,274,688
881,723,1604
143,123,266
370,145,515
516,239,755
223,366,589
195,950,1145
206,325,531
936,741,1677
775,185,960
414,260,674
20,272,292
949,8,957
581,448,1029
898,972,1870
449,95,544
513,527,1040
920,461,1381
314,69,383
42,880,922
977,943,1920
74,166,240
628,228,856
259,765,1024
366,818,545
764,420,1184
1000,507,1507
488,100,588
597,921,1518
98,524,622
219,470,959
712,285,997
474,79,553
18,76,94
916,624,1540
640,935,1575
714,373,1087
196,380,576
659,662,1321
170,194,364
544,984,1528
25,714,739
342,609,951
73,87,160
961,225,1186
556,261,817
862,49,911
622,827,1449
973,127,1100
537,111,648
114,746,860
222,720,942
718,328,1046
984,827,1811
751,808,1559
168,301,469
602,790,1392
190,84,274
759,943,1702
860,201,1061
488,80,568
39,736,775
626,914,554
35,974,1009
968,257,1225
737,223,453
184,960,1144
907,180,1087
161,381,542
536,665,1201
246,911,1157
41,316,357
351,192,543
89,668,757
494,316,810
289,374,663
80,180,260
628,354,982
439,902,1341
877,315,1192
158,754,912
396,944,1340
151,722,873
197,520,717
817,409,1226
382,14,396
964,915,1879
421,993,1414
164,96,260
372,467,839
17,488,505
128,943,1071
962,567,1529
25,30,55
390,227,617
996,831,1827
977,144,1121
987,420,1407
355,51,406
827,238,1065
799,177,976
755,786,1541
591,273,864
329,102,431
688,387,1075
356,546,902
755,237,992
685,365,1050
703,916,184
326,941,1267
236,351,587
906,304,1210
445,899,1344
277,41,318
157,16,173
950,188,1138
331,780,1111
142,901,1043
69,552,621
451,913,1364
951,539,1490
839,283,1122
592,517,1109
919,737,1656
526,761,1287
843,340,1183
760,376,1136
105,791,896
541,647,1188
647,744,1391
432,117,549
697,408,293
955,528,1483
113,804,917
117,784,901
587,617,1204
670,643,1313
919,884,1803
256,717,973
215,186,401
455,109,564
569,964,1533
724,363,1087
345,744,1089
655,706,1361
662,56,718
407,306,713
589,998,1587
126,291,417
365,694,1059
981,456,1437
507,777,1284
882,702,1584
75,444,519
50,70,120
278,325,603
673,145,818
282,860,1142
306,10,316
130,623,753
730,672,1402
603,932,1535
911,382,1293
215,824,1039
236,376,612
922,894,1816
101,590,691
11,918,929
382,428,810
625,935,1560
0,552,552
926,194,1120
45,536,581
757,891,1648
665,679,1344
117,352,469
947,235,1182
158,22,180
162,60,222
803,194,997
929,531,1460
92,904,996
779,598,1377
215,96,311
923,811,1734
716,806,1522
457,109,566
700,960,1660
590,703,168
610,128,738
696,982,1678
295,705,1000
406,942,1348
692,10,702
442,786,1228
589,369,958
954,530,1484
44,797,898
694,320,1014
301,795,1096
57,523,580
332,380,712
361,452,813
559,863,1422
376,352,728
592,676,1268
739,113,852
695,633,1328
864,374,1238
562,984,235
79,113,192
926,80,1006
345,841,1186
682,82,764
878,373,1251
746,836,1582
298,38,336
95,435,530
618,56,674
160,840,1000
13,434,447
367,159,526
833,712,1545
645,865,1510
998,422,1420
488,467,955
417,646,1063
608,355,963
787,804,1591
933,117,1050
136,820,956
70,504,574
314,749,1063
484,105,689
495,262,757
305,793,1098
246,105,351
650,257,907
748,587,1335
996,809,1805
285,880,1165
295,634,929
805,597,1402
725,139,837
362,624,986
552,506,1058
577,275,852
681,978,1659
619,290,909
691,844,1535
516,129,645
968,460,1428
4,429,433
209,107,316
68,798,866
754,66,820
589,63,652
599,399,998
217,629,846
484,319,803
308,264,572
831,655,1486
172,113,285
873,305,1178
364,716,1080
158,711,869
291,866,1157
765,500,543
100,865,965
381,105,486
171,922,1093
188,285,473
33,660,693
289,492,781
886,279,1165
95,488,583
43,303,346
181,472,653
845,460,691
772,444,1216
243,653,896
354,461,815
30,586,616
845,904,1749
860,306,1166
672,114,786
930,484,1414
278,314,592
141,703,855
841,741,1582
94,412,506
812,49,861
611,909,1520
643,31,674
15,602,617
565,130,695
607,252,859
149,732,881
522,73,595
262,623,885
78,73,151
80,660,740
669,87,756
128,479,607
838,756,1594
400,485,885
207,978,1185
517,179,696
58,191,249
914,312,1226
986,790,1776
377,155,532
521,991,1512
392,677,1069
109,216,806
288,505,793
703,765,1468
940,85,1025
59,460,519
94,353,447
553,888,1441
717,186,903
707,832,1539
565,519,1084
859,924,1783
830,71,901
750,446,1196
384,399,783
887,36,923
706,867,1573
630,567,1197
889,152,1041
889,957,1846
31,639,670
304,226,530
369,349,718
882,262,1144
289,424,713
796,718,1514
711,275,986
833,862,1695
617,231,848
945,387,1332
367,948,1315
76,613,689
459,994,1453
317,559,876
275,113,388
449,89,538
486,492,114
908,746,1654
610,159,769
836,841,1677
469,938,1407
227,274,501
236,699,935
38,644,682
850,184,1034
28,679,707
139,879,1018
553,393,946
600,648,1248
554,62,616
538,48,586
191,508,699
114,155,269
359,399,758
904,787,1691
402,170,572
110,762,872
670,136,806
155,436,591
310,311,621
843,455,1298
675,786,1461
641,506,1147
238,430,668
413,816,1229
562,230,792
363,981,1344
242,118,360
768,535,1303
566,590,1156
617,32,649
641,63,704
771,39,810
140,59,199
566,55,621
248,791,1039
240,34,274
795,889,1684
81,740,821
244,744,988
403,211,614
381,712,1093
196,912,1108
895,329,1224
57,22,79
970,304,1274
188,911,731
286,849,1135
469,875,1344
689,44,733
121,981,1102
871,119,990
237,360,597
592,211,803
645,735,1380
474,36,510
608,919,1527
115,928,1043
448,603,1051
685,392,1077
408,315,723
601,762,1363
68,176,244
798,979,1777
231,523,754
427,763,1190
793,921,1714
118,467,585
380,516,896
515,449,964
484,574,1058
395,688,1083
353,59,412
190,105,295
201,970,1171
334,706,1040
518,152,670
71,585,656
587,30,617
54,95,149
774,850,1624
43,671,714
856,213,1069
245,481,726
718,601,1319
977,780,1757
730,100,830
604,814,1418
412,62,474
59,204,263
890,566,1456
86,414,500
712,568,1280
704,596,950
281,954,1235
109,103,212
946,54,1000
145,6,151
558,397,955
532,398,930
252,517,769
489,745,1234
158,989,1147
423,588,1011
240,392,632
980,87,1067
172,798,970
511,594,1105
595,431,1026
444,91,535
418,512,930
112,840,952
229,808,169
360,437,797
832,251,1083
426,981,1407
882,105,987
331,440,868
595,840,1435
863,999,1862
667,892,1559
308,40,348
101,318,419
343,559,902
883,277,1160
56,932,229
54,772,826
220,271,491
749,707,1456
225,510,735
21,431,452
298,382,680
873,613,1486
543,903,1446
251,37,288
929,606,1535
229,981,1210
26,389,415
135,381,516
324,1000,1324
56,671,727
705,45,750
405,957,1362
221,387,608
567,351,918
684,1,685
186,133,716
541,595,1136
455,380,835
155,993,288
423,406,829
40,448,488
544,496,1040
279,760,1039
550,134,684
350,338,688
354,768,1122
253,620,873
99,268,367
493,353,846
405,696,1101
241,409,650
740,37,777
96,63,159
351,303,654
827,331,1158
482,499,981
15,788,803
498,678,1176
132,728,860
19,989,1008
278,800,1078
287,402,689
8,778,786
485,989,1474
666,76,742
736,204,940
275,822,1097
33,506,539
1,808,809
707,944,1651
941,334,1275
664,210,874
928,462,1390
24,225,249
840,76,916
859,95,954
649,113,762
695,290,985
954,690,1644
331,866,1197
967,286,1253
104,865,969
116,622,738
45,945,990
996,378,1374
617,498,1115
420,320,740
319,605,924
443,147,590
811,301,1112
636,438,1074
475,419,894
31,605,636
807,416,517
970,368,1338
970,899,1869
325,478,803
949,160,1109
118,912,1030
794,985,1779
90,401,491
141,351,492
141,147,288
127,365,492
167,815,982
722,749,1471
279,41,320
713,394,1107
215,513,728
196,474,670
222,27,249
767,431,1198
634,670,1304
475,238,110
609,645,1254
509,757,1266
683,988,1671
390,527,917
512,519,1031
109,696,805
76,70,146
397,65,462
865,610,1475
832,222,401
163,798,961
721,433,1154
547,34,581
700,879,1579
361,56,417
690,216,906
442,66,560
738,477,873
762,954,1716
991,29,1020
303,666,969
39,944,983
906,876,1782
376,768,1144
795,709,1504
43,985,1028
901,380,1281
803,974,1777
247,969,1216
450,987,1437
75,812,887
969,211,1180
439,314,753
249,853,1102
324,373,697
441,71,512
316,904,1220
516,62,578
525,708,1233
782,360,1142
898,209,1107
809,74,883
434,275,709
158,138,296
329,762,1091
77,786,863
534,778,1312
150,827,977
929,202,1131
965,642,1607
656,863,1519
447,137,898
522,639,32
82,389,471
50,414,464
985,826,1811
820,709,267
356,572,928
109,892,1001
896,609,1505
347,576,923
933,448,1381
187,949,1136
137,153,290
713,162,875
107,53,160
472,985,124
146,525,671
210,16,226
312,691,535
724,978,1702
121,81,202
379,254,633
253,120,373
787,556,1343
869,947,1816
198,90,288
434,159,432
545,118,663
955,316,1271
349,816,1165
306,507,813
400,98,498
894,29,923
584,138,722
439,592,1031
54,561,615
695,448,1143
437,518,955
506,632,1138
207,86,293
983,4,987
271,970,1241
287,56,343
88,76,164
363,626,989
412,706,1118
916,588,1504
565,211,776
30,407,437
201,375,576
139,937,1076
363,493,856
473,804,1277
270,53,323
688,904,1592
337,216,553
414,79,493
456,25,481
613,351,964
193,731,924
203,142,345
136,44,180
148,714,862
218,10,228
706,727,1433
172,74,246
657,518,1175
155,401,556
660,113,773
829,123,952
109,0,109
873,956,1829
510,19,529
998,821,1819
739,841,1580
971,921,1892
13,407,420
129,357,486
615,320,935
877,355,1232
893,72,965
748,198,946
133,282,415
883,837,1720
898,255,1153
503,501,1004
429,501,930
384,288,672
993,830,1823
491,366,857
151,376,527
707,881,1588
101,267,368
224,665,889
443,366,809
482,580,1062
363,367,730
554,168,722
200,751,951
150,724,874
937,520,1457
709,291,1000
833,947,1780
286,616,902
742,782,1524
44,521,565
692,189,881
800,959,1759
442,175,617
19,92,283
14,606,620
796,646,1442
649,811,1460
455,241,696
17,366,383
688,962,1650
64,94,158
868,162,92
160,757,917
559,28,587
568,884,1452
102,54,156
808,213,1021
426,949,1375
797,868,1665
537,268,805
232,874,1106
409,564,973
465,45,510
672,418,1090
448,124,572
257,960,1217
594,563,1157
438,598,1036
848,849,1697
35,644,679
797,384,1181
663,578,226
632,19,651
788,145,933
400,687,1087
142,636,778
490,404,894
811,889,1700
533,996,1529
591,147,738
452,188,640
707,296,1003
593,825,1418
826,386,1212
923,473,1396
255,464,719
369,153,522
724,71,795
530,43,573
961,984,1945
850,960,571
155,239,394
1000,358,1358
676,816,1492
200,424,624
634,464,1098
426,529,955
626,636,1262
944,295,1239
766,912,1678
494,589,130
633,149,782
285,777,1062
245,732,977
412,498,910
298,408,706
613,688,1301
20,496,516
36,907,943
361,373,734
148,91,239
14,889,903
886,393,1279
889,89,978
971,973,1944
190,540,730
36,194,230
691,838,1529
824,664,1488
420,937,1357
231,119,350
95,684,779
689,165,46
302,897,1199
749,491,1240
915,587,1502
978,32,1010
179,577,756
30,136,166
187,775,962
1000,798,1798
505,113,745
937,737,1674
735,877,1612
735,345,1080
991,401,1392
950,800,1750
19,719,738
187,286,473
746,850,1596
304,84,388
192,188,380
283,543,826
253,260,513
14,4,18
134,654,788
713,921,1634
686,127,813
31,818,849
274,918,1192
436,244,680
455,482,937
214,591,805
663,830,1493
717,114,831
248,227,259
543,180,723
446,199,645
526,347,873
471,943,227
935,986,1921
192,280,472
509,911,1420
704,346,1050
908,860,1768
711,337,1048
841,591,1432
245,758,791
152,369,521
891,453,1344
592,239,831
246,620,866
957,541,1498
681,858,1539
992,294,1286
699,875,1574
875,322,1197
929,440,1369
552,645,1197
425,231,656
670,382,1052
86,998,1084
900,330,308
208,857,1065
642,281,923
708,789,1497
50,539,589
493,62,555
668,425,1093
177,612,789
9,190,456
980,680,1660
56,557,613
977,78,1055
113,679,792
672,662,1334
76,496,572
450,297,747
101,982,1083
72,379,451
818,895,1713
273,886,1159
811,216,1027
924,700,1624
975,815,1790
600,763,1363
19,539,558
168,130,298
679,666,1345
662,750,1412
108,866,974
207,505,712
792,228,1020
452,232,684
910,419,1329
766,662,1428
897,615,1512
650,38,688
493,51,544
187,472,659
39,29,374
705,417,1122
912,363,1275
692,798,1490
439,128,567
350,613,963
715,217,932
116,371,487
186,692,878
96,594,690
461,753,1214
684,452,1136
87,145,232
569,373,942
530,125,655
445,407,852
94,867,961
55,578,633
307,310,617
551,421,972
454,149,906
346,141,487
136,387,523
374,69,443
450,663,1113
725,511,1236
633,803,1436
623,44,667
549,149,698
868,361,1229
945,946,1891
426,147,573
469,532,1001
630,762,1392
572,334,980
512,968,1480
750,121,871
528,892,1420
728,208,936
141,712,853
402,688,1090
772,982,1754
103,931,1034
425,522,947
850,635,1485
932,299,1231
133,824,957
197,783,980
702,83,785
468,6,474
27,551,578
353,978,1331
827,803,1630
311,806,1117
764,401,1165
686,376,1062
146,132,278
936,780,1716
824,89,913
486,670,565
825,270,1095
805,211,1016
774,580,1354
902,460,1362
506,718,1224
677,824,1501
330,383,713
525,788,1313
354,465,819
540,473,1013
880,502,1382
24,413,437
319,874,1193
228,225,453
797,818,1615
297,397,694
40,782,822
842,428,1270
924,63,987
86,470,556
207,38,407
892,185,1077
377,538,915
488,949,1437
191,942,1133
688,768,1456
917,486,687
323,276,599
425,924,1349
483,812,1295
787,344,1131
520,675,1195
617,249,866
347,856,1203
402,959,1361
641,485,1126
56,649,705
918,131,1049
615,446,1061
730,443,1173
987,397,1384
735,953,1688
303,422,725
745,982,1727
47,370,417
596,939,1535
429,452,881
240,402,642
816,486,1302
443,259,702
489,769,1258
876,66,942
172,567,739
441,459,900
458,746,1204
737,382,1119
710,562,1272
394,96,490
854,802,1656
378,398,776
769,15,784
636,136,772
553,537,1090
383,438,821
786,947,1733
832,749,1581
251,134,385
128,439,567
833,25,858
228,561,789
463,786,1249
396,306,702
36,846,882
131,651,782
740,349,1089
78,877,955
303,914,1217
330,636,966
662,849,1511
762,122,884
735,240,975
447,977,1424
184,205,389
30,299,329
203,538,741
888,50,938
343,232,575
173,443,616
78,77,155
313,55,368
683,499,1182
517,373,890
694,195,889
169,319,488
437,480,917
702,568,261
782,111,893
971,958,1929
464,709,1173
636,840,1476
614,280,894
667,840,1507
394,520,914
946,674,1620
493,101,594
126,446,572
401,17,418
696,808,1504
724,439,1163
915,51,966
980,218,415
372,556,928
470,563,1033
90,951,1041
865,835,1700
500,407,907
632,152,784
705,718,1423
173,841,1014
287,692,979
735,86,821
505,381,886
744,607,349
298,95,393
555,510,1065
502,455,957
295,986,1281
618,174,792
533,45,578
442,321,763
860,631,1491
714,553,229
798,392,1190
309,732,1041
578,768,1346
254,875,1129
9,744,753
321,738,1059
366,805,1171
639,388,1027
427,452,879
107,72,179
681,944,1625
18,180,198
614,459,1073
372,894,1266
390,313,703
71,900,971
961,646,1607
588,871,1459
787,869,1656
494,796,1290
775,650,1425
611,329,940
136,237,373
0,941,941
861,671,1532
230,411,641
626,240,866
83,571,654
886,879,1765
489,737,1226
712,323,1035
137,495,632
287,617,904
788,671,566
158,718,876
8,20,28
97,496,593
464,97,561
475,539,1014
813,74,887
34,710,744
733,106,839
519,668,1187
785,283,1068
59,775,834
395,94,489
436,807,1243
986,778,1764
746,777,1523
82,530,612
423,438,861
736,899,1635
772,337,1109
50,232,282
910,674,1584
172,295,467
542,937,1479
67,348,484
229,786,1015
357,98,455
415,163,578
99,869,968
412,295,707
422,848,1270
15,332,347
35,212,247
702,3,639
943,157,1100
517,80,597
800,549,1349
337,655,992
41,431,472
478,204,682
23,400,423
530,52,582
523,610,652
789,540,1329
450,629,1079
678,807,1485
676,535,1211
991,534,1525
505,15,520
342,320,662
436,899,1335
137,793,930
354,865,1219
367,809,1176
220,151,371
784,295,1079
26,597,623
388,564,952
525,884,1409
229,870,1099
415,899,1314
93,81,174
285,247,532
462,872,1334
751,93,844
94,651,745
882,757,1639
456,665,1121
275,729,1004
315,532,847
284,215,499
870,878,1748
661,863,1524
855,856,1711
499,573,1072
439,104,144
780,781,1561
340,742,1082
649,871,825
602,694,1296
224,800,1024
505,982,1487
715,127,842
556,176,732
28,320,348
316,283,745
615,510,1125
187,10,469
99,909,1008
783,710,1493
955,674,1629
406,985,1391
76,659,735
342,670,1012
900,876,1776
870,383,1253
359,48,407
889,954,1843
505,655,1160
174,29,203
734,599,1333
129,729,858
71,250,321
17,442,459
367,298,665
114,468,582
31,67,98
77,62,139
804,339,1143
540,954,1494
455,484,939
176,543,719
466,791,1257
369,691,1060
912,777,1689
135,323,458
823,520,1343
986,268,1254
260,183,443
838,7,845
889,375,1264
816,372,1188
604,879,1483
864,531,1395
840,134,974
174,285,459
462,689,1151
486,517,1003
217,202,291
947,951,1898
258,721,979
656,931,1587
948,183,1131
518,109,627
523,983,1506
680,741,1421
296,733,1029
425,258,683
873,317,500
752,55,807
595,890,1485
979,427,1406
416,839,1255
926,354,1280
423,272,695
81,355,436
59,430,489
198,805,1003
397,184,581
444,454,898
142,209,351
381,773,1154
113,56,169
20,501,521
975,625,1600
248,915,1163
348,344,692
132,203,335
199,910,1109
416,507,923
72,305,377
570,47,617
113,868,981
411,669,1080
299,781,714
424,186,610
959,581,1540
780,153,933
292,424,716
496,870,1366
553,94,647
