a,b,total
654,114,563
250,228,478
104,692,796
558,89,647
32,30,62
238,517,755
574,203,777
718,558,1276
459,603,1062
890,6,896
163,714,877
284,159,443
781,344,1125
389,99,488
352,618,970
44,747,791
127,996,1123
80,565,645
643,633,1276
370,591,961
71,46,117
791,296,1087
875,238,1113
389,284,673
854,373,1227
363,214,577
718,959,1677
73,623,696
546,746,1292
473,388,861
947,655,1602
224,701,925
786,794,1580
841,32,873
410,274,684
935,965,1900
735,322,1057
511,405,916
658,469,1127
142,252,394
551,269,820
438,919,1357
370,224,594
141,521,662
773,48,821
156,642,798
696,432,1128
394,390,784
479,541,1020
566,881,1447
696,738,1434
906,549,1455
787,656,1443
300,445,745
3,976,979
736,269,1005
780,182,962
108,891,999
861,654,1515
203,156,359
165,552,717
944,543,1487
613,331,944
114,951,1065
851,826,1677
59,246,305
969,80,1049
497,835,1332
778,545,1323
131,675,806
562,169,731
893,621,1514
216,951,1167
747,706,1453
319,408,727
665,382,1047
529,462,991
230,65,295
602,567,1169
225,7,232
646,60,706
927,32,959
72,526,598
685,497,1182
135,740,875
584,590,1174
803,484,1287
194,96,290
441,362,803
478,884,1362
689,669,1358
100,62,162
347,819,1166
254,196,450
459,143,602
285,473,758
945,77,1022
882,876,1758
51,667,718
856,15,871
948,771,1719
170,416,586
218,885,1103
60,168,228
399,271,670
803,465,1268
713,980,1693
802,569,1371
498,158,656
222,991,1213
753,555,1308
321,58,379
488,514,1002
543,161,704
520,82,602
70,609,679
882,240,1122
964,911,1875
592,608,167
429,673,1102
535,323,858
209,685,894
244,271,515
687,660,1347
323,951,1274
74,9,83
576,102,678
218,518,736
955,357,1312
900,250,1150
161,448,609
720,309,1029
826,669,1495
683,836,1519
954,679,1633
899,137,1036
911,109,1020
159,278,437
215,734,949
703,649,1352
517,500,1017
929,866,1795
649,433,1082
45,3,48
133,652,785
165,759,924
722,437,1159
114,77,191
707,925,1632
36,854,890
565,151,716
42,315,357
955,815,1770
40,920,960
698,255,953
362,798,1160
895,416,1311
767,158,925
242,885,1127
819,830,1649
422,25,447
946,340,1286
421,821,1242
752,830,1582
163,806,969
391,893,963
227,204,431
471,358,829
814,892,1706
24,675,699
336,285,621
990,791,1781
656,521,1177
863,549,1412
28,118,146
267,182,449
271,39,310
444,353,797
321,446,767
523,118,641
590,194,784
725,446,1895
825,551,1376
962,759,1721
201,372,573
971,680,1651
638,321,959
127,737,864
519,316,835
334,412,746
567,130,697
680,962,1642
766,924,1690
582,308,890
853,0,853
215,440,655
621,670,1291
452,452,904
523,484,1007
982,815,1797
674,86,760
679,648,1327
95,838,933
240,688,928
825,203,1028
47,250,297
625,870,1495
466,424,890
589,199,788
393,506,899
151,671,822
914,768,1682
906,109,1015
224,180,404
712,530,1242
570,255,825
124,467,591
475,683,1158
572,609,1181
773,912,1685
834,736,1570
436,850,1286
456,918,1374
882,486,1368
769,253,1022
283,784,1067
496,641,1137
450,79,529
240,278,518
914,553,1467
154,236,390
156,723,879
424,417,841
477,425,902
852,430,1282
788,598,1386
20,877,897
589,389,978
965,360,1325
399,873,1272
855,429,1284
752,559,1311
919,225,1144
279,446,725
398,344,742
817,414,1231
860,478,1338
637,546,806
606,577,1183
85,658,743
887,472,1359
266,388,654
465,334,799
900,388,1288
974,851,1825
854,83,937
767,552,1319
974,358,1332
70,799,869
41,772,506
204,859,312
244,129,373
117,577,694
476,716,1192
377,171,548
986,765,1751
796,838,1634
318,110,428
951,319,1270
929,981,1910
964,732,1696
606,707,1313
248,104,352
308,870,1178
824,123,947
579,801,1091
438,677,1115
518,663,1181
869,430,1299
108,443,551
650,912,1562
724,156,880
751,534,1285
276,630,906
551,793,1344
446,845,1291
274,330,604
850,957,1807
902,461,1363
475,583,1058
388,344,1742
332,186,518
363,816,1179
286,901,1187
901,282,1183
529,970,1499
247,737,984
568,776,1344
487,661,1148
458,811,602
226,414,640
313,679,992
484,566,1050
435,763,1198
360,719,1079
313,257,570
738,197,935
760,548,1308
706,189,895
756,495,1251
603,1000,1603
611,289,900
852,198,1050
369,183,552
725,546,1271
46,997,1043
299,714,1013
653,889,1542
105,893,582
480,490,970
188,988,1176
963,882,1845
841,66,907
75,590,665
54,155,209
576,971,1547
254,121,375
426,620,1046
633,231,864
389,461,850
304,880,1184
439,312,751
61,624,685
101,970,1071
640,216,856
83,160,243
565,76,641
418,461,879
481,298,590
723,289,1012
464,72,536
946,270,1216
640,603,1243
956,202,1158
557,230,787
930,272,1202
73,61,134
314,609,923
582,943,1525
127,479,606
716,412,1128
512,552,1064
82,612,884
752,330,1082
26,93,119
690,856,1546
601,973,1566
688,841,1529
41,781,822
481,531,1012
938,284,1222
599,446,1045
503,992,1495
356,418,774
686,107,793
337,421,758
295,678,973
833,778,1611
465,90,555
331,118,449
413,885,1298
1,673,674
473,423,896
530,370,900
510,640,1150
52,208,260
134,949,1083
901,715,1616
29,996,1025
818,245,1063
318,564,835
95,230,325
934,116,1050
120,663,783
510,955,1465
521,722,1243
854,494,1348
249,467,716
392,195,587
520,764,1284
884,71,955
808,874,1682
956,806,1762
840,2,842
305,857,1162
675,501,1176
457,551,1008
340,565,905
386,466,852
890,193,1083
244,585,829
876,794,1670
325,762,1087
935,830,1765
679,811,1490
155,507,662
129,514,643
339,890,1229
865,450,1315
932,467,295
419,891,1310
158,76,234
992,271,1263
709,407,1116
872,336,1208
879,546,1425
324,641,965
777,499,1276
36,632,668
646,700,1346
232,764,996
100,778,878
893,102,995
710,306,1016
47,332,379
300,367,667
149,250,399
579,698,1277
174,179,353
891,391,1282
246,509,755
146,237,383
260,470,730
9,920,929
922,294,1216
161,75,236
353,601,954
985,434,1419
467,865,1332
393,873,1266
242,390,632
588,302,890
302,22,324
674,405,1079
579,885,1464
762,996,1241
763,508,1271
924,293,1217
235,621,856
224,651,875
256,694,950
785,675,1460
140,643,783
642,661,1615
451,34,485
749,134,883
302,334,636
179,205,384
552,897,1449
543,513,1056
850,168,1018
844,966,1810
825,302,1127
346,823,1169
986,77,1063
989,231,1220
741,690,1431
990,866,1856
374,92,466
14,270,284
465,377,842
688,268,956
842,653,1495
110,691,801
25,634,659
574,335,909
226,663,889
843,475,1318
309,664,973
143,46,189
311,504,815
240,908,1148
397,464,861
972,760,1732
553,429,982
744,158,902
670,101,771
630,417,1047
286,33,319
222,454,676
241,875,1116
702,376,1078
660,367,1027
282,194,476
971,868,1839
93,678,771
654,611,1265
51,805,856
128,805,933
70,849,919
212,600,812
890,238,1128
151,807,958
2,283,285
148,133,281
817,178,995
887,26,913
366,808,1174
602,331,543
53,129,182
538,116,654
487,459,946
525,607,1132
515,226,741
44,744,788
887,674,1561
469,658,1127
62,490,552
436,702,1138
729,931,1660
920,82,1002
151,67,218
639,648,1287
729,332,1061
611,543,1154
517,619,1136
812,718,1530
670,666,1336
564,738,1302
440,462,902
423,347,770
408,425,833
320,437,757
261,383,644
703,945,1648
93,851,944
442,98,540
381,831,1212
61,600,661
575,337,912
420,362,782
963,768,1731
937,738,1675
294,614,908
106,591,697
158,672,830
867,110,977
569,376,945
285,587,872
439,865,1304
785,838,1623
691,658,1349
623,951,1574
710,273,559
719,780,1499
347,359,1781
146,579,725
71,145,216
995,31,1026
543,220,763
464,349,813
319,738,1057
964,581,1545
904,53,957
772,632,167
278,453,731
497,621,1118
279,220,499
116,353,469
290,694,984
498,539,1037
46,225,271
613,56,617
968,216,1184
782,261,1043
122,7,129
440,179,619
545,720,1265
572,853,1425
362,73,435
759,43,802
470,943,1413
320,589,909
414,726,1140
296,117,413
989,332,1321
970,632,1602
706,941,1647
447,864,1311
446,603,1049
80,405,485
763,347,1110
797,172,969
648,116,764
198,927,1125
359,744,1103
660,834,1494
105,149,254
177,616,793
777,671,1448
974,791,1765
475,772,1247
593,459,1052
903,578,1481
639,330,969
642,323,965
69,480,549
310,815,1125
57,360,417
317,472,789
58,377,435
78,660,738
875,92,967
519,393,912
567,977,1544
917,42,959
829,585,1414
329,619,948
154,980,1134
105,830,935
351,731,1082
661,176,1449
448,449,897
624,162,786
939,289,1228
793,346,1139
53,808,861
342,67,409
571,694,1265
258,741,999
987,928,1915
153,341,494
679,144,823
317,990,1307
678,401,1079
725,960,1685
572,385,957
336,832,1168
719,848,1567
701,934,1635
661,686,1347
370,18,388
184,973,1157
970,784,1754
231,140,371
302,864,1166
519,789,1308
756,904,1660
677,344,1021
632,134,766
157,166,323
709,789,1498
924,169,1093
44,420,464
736,243,979
625,291,916
802,459,1261
244,316,560
803,480,1283
198,376,574
584,451,1035
288,796,1084
540,428,968
836,204,1040
141,893,1034
656,492,1148
567,956,1523
866,528,1394
291,85,376
279,460,739
150,850,1000
969,932,1901
461,905,1366
27,424,451
514,382,896
83,383,466
326,953,1279
731,665,1396
149,140,1878
849,483,1332
142,777,919
459,630,162
19,262,281
153,561,714
623,540,1163
794,295,1089
124,48,172
654,812,1466
64,113,177
511,611,1122
647,527,1174
735,147,882
1,629,630
584,426,1010
684,87,771
369,69,438
557,519,1076
519,567,1788
481,44,525
382,259,641
365,807,1172
246,750,996
106,790,896
774,340,1114
360,559,919
658,179,837
701,475,1176
490,646,1136
138,64,202
966,468,412
44,810,854
42,323,365
527,407,934
556,484,1040
771,662,1433
365,882,1247
886,671,1557
127,818,945
910,409,1319
916,979,1895
997,191,1188
509,376,885
531,273,804
744,434,1178
616,842,1458
300,328,628
335,676,1011
456,617,1073
170,706,876
457,43,500
933,361,1294
445,281,726
810,970,1780
687,652,1339
525,820,1345
163,975,1738
622,694,1316
35,129,164
797,660,1457
392,972,1364
619,157,776
971,379,1350
781,78,859
542,375,917
665,285,950
116,26,142
511,530,1041
575,120,695
266,720,986
626,292,918
502,204,706
873,75,948
920,730,1650
89,829,918
865,327,1192
726,66,792
297,912,1209
161,728,889
717,653,1370
370,520,890
205,811,1016
809,505,1134
586,377,963
564,132,696
88,67,155
734,736,1470
420,787,1207
588,75,663
324,657,981
477,696,1173
131,899,1030
564,655,1219
786,989,1775
514,932,1446
851,127,978
311,168,479
957,726,1683
970,963,1933
290,866,1156
201,650,851
281,128,409
629,546,1175
656,172,828
594,157,751
639,737,1376
345,862,1207
42,845,887
83,46,129
789,590,1379
215,785,1000
632,654,1820
642,558,1200
979,309,1288
824,826,1650
304,464,768
61,161,222
495,475,970
621,147,768
735,326,1061
881,353,1234
133,778,911
575,108,683
477,125,602
253,144,397
297,968,1265
630,428,1058
886,923,1809
335,956,1291
320,194,514
510,527,1037
900,315,1215
92,967,1059
468,989,1457
597,361,576
506,611,1117
669,688,1357
549,8,557
441,137,578
744,374,1118
374,46,420
583,575,1158
566,295,861
516,461,977
286,845,1131
696,625,1321
998,99,1097
813,347,1160
374,773,1147
616,521,1137
41,46,1461
341,823,1164
467,152,619
527,143,670
627,326,953
631,757,1388
607,344,951
521,545,1066
576,306,882
17,377,394
112,426,538
815,920,1735
704,644,971
271,990,1261
995,794,1789
233,738,971
491,174,665
738,634,1372
389,151,540
248,32,280
717,112,829
451,321,772
422,707,1129
513,793,1306
482,893,1375
744,63,807
531,212,743
678,489,1167
321,979,1300
934,545,1479
362,692,1054
738,697,1435
709,270,979
196,980,1176
571,305,876
996,304,1300
721,212,933
500,324,824
573,956,1529
738,280,1018
587,692,1279
917,404,1321
977,791,1768
297,43,340
731,80,811
452,671,1123
490,219,709
551,277,828
712,278,990
630,758,1388
248,51,299
543,231,774
53,102,155
734,483,1217
789,140,1127
951,161,1112
957,901,1858
488,666,1154
987,294,1281
661,60,721
91,667,758
547,756,1303
959,38,997
179,427,606
180,956,1136
856,406,1262
190,959,1149
893,948,1841
38,9,47
617,109,726
343,291,634
656,556,1212
910,961,1871
516,479,995
828,115,943
748,469,1217
735,190,690
809,302,1111
775,197,972
876,654,1530
846,437,1283
88,410,498
189,143,332
958,254,785
241,457,698
976,337,1313
740,586,1338
368,709,1077
683,121,804
163,415,578
945,916,1861
788,318,1106
654,938,1592
376,629,1005
980,136,1116
465,765,1230
382,425,807
934,482,1416
821,680,1501
780,253,1033
610,894,1504
538,457,995
370,79,449
114,63,177
924,517,1441
549,153,702
874,532,1406
696,210,906
500,93,593
456,828,1284
135,525,660
577,59,636
688,826,1514
22,405,427
3,763,766
74,46,120
717,65,782
61,957,1018
956,483,837
184,787,971
656,746,1402
430,383,813
391,459,850
928,386,1314
699,987,1686
552,136,688
356,121,477
550,402,952
745,228,973
774,23,797
474,689,1163
434,544,978
235,253,488
158,282,440
896,742,1638
32,828,860
629,784,1413
910,16,926
68,103,171
457,612,1069
893,49,942
45,411,456
552,222,774
794,57,851
296,239,535
749,589,1338
612,791,1403
328,242,570
146,676,822
423,307,730
570,971,1541
752,933,1685
695,437,1132
48,995,1043
658,687,1345
537,326,863
418,152,570
188,772,960
246,869,1115
878,724,1602
474,936,1410
422,991,1413
542,137,679
261,208,469
80,944,1024
379,94,473
849,195,1044
386,689,1075
40,894,934
823,779,1602
687,572,1259
213,890,1103
310,979,1289
216,959,1175
759,120,879
772,490,1262
712,618,1330
406,937,1343
329,794,1123
477,546,1023
315,267,582
903,509,1412
822,739,1561
859,327,1186
379,320,699
576,884,1460
149,16,165
957,598,1555
427,302,729
337,235,572
853,251,1104
670,966,1636
263,781,1044
989,740,1729
502,471,973
814,360,1174
737,559,1296
938,910,1848
657,980,1637
34,859,893
967,837,1804
782,6,788
862,645,1507
724,154,1035
466,382,848
653,682,1335
934,494,1428
16,6,22
421,12,1479
281,548,829
17,514,531
690,440,1130
931,183,1114
98,536,634
196,634,830
834,362,1196
406,80,486
415,470,885
713,231,944
847,868,1715
878,665,1543
95,415,510
565,487,1052
9,719,728
511,865,1376
803,339,1142
878,997,1875
540,941,432
922,888,1810
580,486,1066
946,76,1022
287,920,1207
673,33,706
870,322,424
601,147,748
729,840,1569
78,306,384
246,580,826
398,693,1091
339,393,732
143,809,952
741,80,821
997,354,1351
447,237,684
348,619,967
977,609,1586
792,334,559
802,461,1263
364,566,930
442,190,632
676,389,1065
633,302,935
730,75,805
157,389,546
649,157,806
324,369,693
5,965,970
368,779,1147
135,89,224
459,570,1029
417,105,724
567,95,662
803,332,1135
12,298,310
797,86,883
572,926,1498
248,585,833
701,389,1090
275,308,583
149,64,213
282,431,713
801,78,879
966,252,1218
507,608,1115
468,109,577
6,971,977
861,635,1496
882,337,1219
440,835,1275
666,997,1663
307,328,635
711,205,916
181,987,1168
326,298,624
648,502,1150
800,248,1048
287,836,1123
373,116,489
204,606,810
184,698,882
27,975,1002
965,725,1690
816,298,1114
70,838,908
814,418,1232
142,648,790
258,674,932
433,808,1241
459,612,1071
410,547,957
942,890,1832
556,37,593
368,718,1086
549,608,1157
87,111,198
673,680,1353
662,627,1321
693,662,1355
770,339,1109
440,108,529
227,522,749
571,594,1165
226,456,682
474,790,1264
707,512,1219
25,494,519
425,942,1367
118,851,969
145,356,501
466,803,1269
494,356,850
448,739,1187
326,68,394
829,727,1556
869,351,1220
693,819,1512
758,249,1007
565,163,728
436,981,1417
816,414,1230
190,655,845
405,29,434
904,202,1106
439,398,439
210,285,495
828,815,1643
104,818,922
191,374,565
468,116,584
883,501,1384
654,320,974
625,401,1026
356,360,716
632,176,808
722,819,1541
629,604,1233
137,320,457
312,119,431
710,144,854
428,610,1038
392,433,825
650,550,1200
660,953,1613
568,170,738
143,191,334
461,634,1095
367,974,279
199,834,1033
575,517,1092
418,701,1119
727,860,1587
171,84,255
814,779,1593
33,281,314
295,172,467
579,760,1339
507,562,1069
586,116,702
556,843,1399
555,842,1397
778,736,1514
223,435,658
849,669,1518
304,895,1199
460,269,729
836,89,925
120,794,914
214,830,1044
705,359,1064
624,647,1271
630,142,772
833,211,1044
583,359,942
611,551,1162
720,299,1019
273,975,1248
921,695,1616
138,985,1123
421,940,1361
283,887,1170
718,886,1604
149,728,877
253,779,1032
402,501,903
647,275,922
384,462,846
813,901,1714
412,527,939
711,958,1669
465,973,1438
595,2,597
867,750,1617
995,469,1464
714,366,1080
814,547,1361
991,439,1430
506,274,780
290,345,635
133,579,712
807,351,1158
780,49,1282
802,856,1658
127,951,1078
451,467,1962
438,207,645
931,135,1066
309,162,471
897,280,1177
369,256,625
680,925,1605
53,405,458
743,716,1459
439,671,1110
97,1,98
79,135,214
531,696,1227
8,712,720
123,880,1003
135,489,624
392,91,483
104,105,209
902,306,1208
792,832,1624
136,656,792
146,70,216
8,624,632
450,359,809
643,766,1409
421,630,1051
880,222,1102
102,143,245
603,747,1350
986,439,1425
143,253,396
86,254,340
614,738,1352
797,963,1760
868,867,1735
308,210,518
521,193,714
302,661,963
919,812,1731
506,395,901
511,653,1164
540,910,1450
369,956,1325
396,881,1277
430,374,804
176,781,957
788,74,138
14,268,282
944,61,1005
407,518,925
729,513,1242
433,718,1151
655,549,1204
156,284,440
80,523,603
997,827,1824
334,400,734
781,854,1635
658,67,725
447,747,1194
244,59,303
946,444,1390
626,623,1249
682,759,1441
179,122,281
718,11,729
975,355,1330
801,842,1643
170,380,550
799,894,1693
907,120,1027
30,343,373
278,536,814
729,998,1727
78,508,586
368,56,424
580,170,750
261,791,1052
587,690,1277
233,758,991
45,879,924
250,47,297
392,942,1334
953,983,1936
566,822,1388
758,671,1429
329,254,583
737,327,1064
79,585,664
514,689,1203
183,228,411
47,976,1023
898,476,1374
792,865,1657
88,566,654
377,205,582
803,311,1114
248,475,723
995,505,1500
794,200,994
559,778,1337
154,6,160
24,238,262
651,859,1510
9,973,982
777,673,1450
755,744,1499
210,542,752
429,503,932
995,145,1140
95,44,139
918,865,1783
717,917,1634
997,765,1762
97,517,614
839,403,1242
581,63,644
987,133,1120
267,871,1138
820,402,1222
753,334,1087
278,239,517
207,139,346
598,111,709
168,460,628
416,123,539
987,788,1775
315,474,789
122,92,214
702,311,1013
713,617,1711
877,335,1212
728,254,982
405,525,612
266,839,1105
31,974,1005
463,569,1032
255,96,351
823,812,1635
12,63,75
227,133,360
410,381,791
960,660,1620
600,265,865
76,22,98
202,924,1126
828,131,959
867,849,1716
125,43,168
51,172,223
443,841,1284
508,30,538
436,176,612
930,191,1121
456,904,1360
628,634,1262
662,302,964
903,563,1466
89,286,375
429,204,633
816,538,1354
821,556,1377
391,800,1191
491,557,1048
352,934,1286
329,397,726
26,326,352
30,917,947
287,59,346
483,542,1025
598,238,836
102,253,355
272,546,818
939,754,1693
970,224,1194
816,397,1213
859,865,1724
242,606,848
755,714,1469
605,28,633
360,970,1330
145,576,721
856,829,1685
504,555,1059
502,38,540
238,616,854
539,489,1879
628,206,834
348,734,1082
821,864,1685
60,22,82
721,939,1660
113,866,979
373,983,1356
721,964,1685
600,103,703
330,139,469
749,971,1720
654,983,1637
324,178,502
575,710,1285
628,805,1433
681,603,1284
387,314,701
301,130,431
1,971,972
586,400,986
789,988,1777
186,616,802
828,990,1818
654,579,1233
508,144,652
79,243,322
327,171,498
986,90,1076
686,654,1340
343,457,429
255,709,964
262,805,1067
1,49,50
750,429,1179
905,423,1328
387,359,746
103,848,951
884,591,1475
703,230,933
75,818,893
301,20,321
974,107,1081
174,909,1083
749,76,825
919,95,1014
628,914,1542
31,441,472
168,621,789
160,54,214
210,997,1207
713,567,1280
747,553,1300
288,304,592
50,402,452
860,502,1362
369,3,372
301,843,1144
614,491,1105
26,211,237
298,1000,1298
864,118,982
407,482,889
676,271,947
557,396,953
906,390,1296
456,45,501
476,269,745
275,577,852
770,713,1483
87,684,771
554,423,977
603,232,835
860,396,1256
428,988,1416
887,958,1845
902,241,1143
80,404,484
731,35,766
922,529,1451
693,635,1328
972,775,1747
971,171,1142
827,197,1024
433,80,513
445,206,651
642,151,793
264,327,591
936,826,1762
397,569,966
333,877,1210
469,939,1408
805,717,1522
535,800,1335
424,153,577
602,596,1198
962,102,1064
576,798,1374
292,888,1180
352,898,1250
392,670,1062
623,484,564
412,147,559
697,710,1407
405,910,1315
707,243,973
942,275,1217
20,345,365
310,318,628
503,878,1381
100,995,1095
137,307,444
453,792,1245
275,746,1021
661,91,752
216,935,1151
758,496,1254
888,382,1270
527,810,1337
318,726,1044
138,799,937
900,582,394
896,852,1748
59,255,103
940,369,1309
280,377,657
517,406,923
126,697,762
500,608,1108
983,891,1874
564,358,922
857,915,1772
850,705,1555
28,395,1748
585,798,1383
877,226,1103
693,211,904
419,525,1598
990,785,1775
485,933,1418
177,615,792
229,258,487
965,312,1277
726,658,1384
916,385,1301
470,258,728
309,693,1002
638,406,1044
7,523,530
989,863,1852
574,662,1236
289,305,594
493,65,558
283,655,938
283,267,550
975,913,1888
192,153,345
246,921,1167
877,821,1698
413,676,1089
143,738,1018
302,265,567
414,397,811
597,725,1322
835,194,1029
730,227,957
653,803,1456
963,687,1650
307,865,1172
673,897,1570
300,99,399
758,264,1022
572,781,1353
969,696,1665
670,91,761
228,762,990
430,807,1237
380,266,646
474,871,1345
54,887,941
594,966,1560
483,910,1393
122,888,1010
542,305,847
891,874,1765
205,350,555
583,914,1497
468,146,614
732,184,916
499,340,839
181,320,501
4,462,466
779,792,1571
782,162,944
781,798,1579
629,444,1073
413,439,852
392,4,408
748,382,1130
913,329,1242
543,195,8
641,751,1392
710,898,1608
132,105,237
602,313,915
843,46,889
297,466,763
610,536,1146
909,703,1612
350,923,1273
768,192,960
928,940,1868
19,233,252
134,216,350
603,516,1119
375,728,1103
38,384,422
261,789,1050
49,608,657
677,110,787
20,49,69
426,454,880
560,258,818
156,210,366
645,9,654
677,103,780
276,637,913
140,428,568
107,523,630
120,289,409
108,509,617
204,796,1000
535,996,1531
720,419,1139
40,561,601
212,704,916
338,240,1375
91,928,1019
587,685,1272
972,92,1064
76,740,816
926,262,1188
467,1000,1467
475,51,526
178,895,595
368,820,1188
436,756,1192
871,776,1647
9,872,881
662,174,836
915,448,1363
274,899,1173
381,834,1215
116,410,526
467,278,745
706,871,1577
431,664,1095
170,115,285
743,60,803
864,163,1027
933,604,1537
582,694,1276
625,388,1013
626,29,655
901,858,1759
913,133,1046
499,115,614
451,47,498
670,321,1778
694,537,1231
590,741,1331
978,685,1663
531,535,1066
633,97,730
744,254,998
679,692,1371
152,859,1011
913,627,1540
658,956,1614
869,480,1349
890,169,1059
503,328,831
993,284,1277
228,563,791
412,836,1248
470,454,924
458,90,548
457,323,780
509,763,1272
105,413,518
570,562,186
810,618,1428
652,311,963
575,211,786
467,973,1440
845,55,900
864,465,1329
785,634,1419
733,672,1405
463,116,579
674,227,727
849,648,1497
298,560,858
718,108,336
504,143,647
760,738,1498
260,625,885
123,952,1075
220,468,688
195,733,928
775,424,1296
857,688,1545
790,913,1703
674,603,1277
137,986,1123
543,753,1915
443,858,1301
946,520,1466
932,181,1113
177,748,925
106,396,502
620,903,1523
902,393,1295
623,937,1560
254,280,534
351,993,1344
824,136,960
616,716,1332
524,306,830
560,881,1441
754,957,1711
222,205,427
731,297,1028
943,688,1631
727,665,1392
182,515,697
652,330,982
779,360,1139
596,584,1180
727,427,1154
915,861,1776
898,867,1765
13,535,548
390,148,538
57,204,261
804,164,968
699,256,955
63,707,770
208,771,979
367,833,1200
630,888,1518
575,885,1460
662,574,1236
523,803,1326
712,294,1006
48,948,996
426,979,1405
701,320,1021
55,13,68
207,635,842
881,891,1772
230,933,1163
726,663,1389
602,559,1161
201,794,995
198,301,499
699,76,775
177,752,929
386,41,427
569,270,839
598,866,1464
338,477,815
158,40,198
330,611,941
954,640,1594
677,308,985
586,563,1149
802,724,1526
225,979,1204
69,805,874
425,556,981
94,357,451
218,679,897
369,300,669
770,633,1403
574,843,1417
664,9,673
354,456,810
657,628,1285
249,981,1813
328,390,718
967,116,1083
553,741,1294
933,529,1462
383,526,909
456,498,1839
667,197,864
84,970,1054
994,979,1973
546,7,553
215,686,901
218,885,1103
855,106,961
848,719,1567
759,793,1552
836,962,1798
702,157,1468
339,38,377
55,182,237
571,72,643
233,932,1165
397,461,858
443,323,1378
121,547,1475
633,64,697
599,46,645
74,366,440
108,296,404
308,621,929
783,948,1731
404,841,1245
485,160,645
139,764,903
816,869,1685
983,649,1632
693,908,1601
814,887,1701
382,980,1362
566,895,1461
126,42,1221
403,550,953
87,312,399
759,925,1684
216,422,638
871,524,1395
188,226,414
258,198,456
687,818,1505
55,871,926
562,472,1034
74,297,371
256,100,356
594,498,1092
365,131,496
240,102,342
71,921,992
497,461,958
675,313,988
156,579,735
827,323,1150
172,4,176
804,226,1030
656,446,1102
368,137,505
339,898,1237
456,367,823
498,564,1062
661,621,1282
287,879,1166
912,551,1463
751,907,1658
744,77,821
869,519,1388
832,595,1427
787,604,1391
37,564,601
915,552,1467
793,152,945
228,912,1140
750,877,1627
475,513,988
406,372,778
678,244,922
825,628,1453
775,526,1301
163,183,346
579,675,1254
149,753,902
961,367,1559
499,237,736
378,239,423
530,929,1459
397,480,877
902,47,1328
331,105,436
533,648,1181
854,759,1613
557,583,1140
669,387,1056
669,919,1588
529,257,786
929,228,1157
361,836,1197
498,811,1309
618,6,624
142,450,592
78,526,604
216,153,369
370,616,986
121,676,797
830,338,1168
493,691,1184
215,604,819
853,420,88
130,587,717
137,644,781
912,586,1498
170,264,434
529,981,1510
992,577,1569
899,736,1635
841,290,1131
221,459,680
482,888,1370
224,850,1074
146,813,959
785,186,971
523,270,793
702,350,1052
610,604,1214
387,394,781
16,207,223
931,516,1447
846,153,999
181,487,668
614,39,653
544,515,1059
95,493,588
923,617,1540
1,918,919
694,664,1358
430,379,809
714,542,1256
960,821,1781
787,390,1177
823,759,1582
857,713,1570
435,137,572
784,238,1022
85,290,375
556,418,974
5,726,731
7,591,598
532,7,539
210,704,914
418,370,788
436,667,1103
267,875,1142
578,374,952
696,406,1102
423,565,988
494,183,677
568,495,1063
314,591,905
722,407,1129
875,884,1759
765,235,1000
716,972,1688
219,520,739
346,820,1166
713,700,1413
164,398,562
5,823,828
148,482,630
445,90,535
227,379,606
38,741,779
410,628,1038
293,728,1021
58,968,1026
179,655,834
10,206,216
953,823,1776
199,34,233
522,528,1050
629,173,802
368,244,612
999,161,1160
282,798,1080
685,404,1089
205,530,1441
70,941,1011
291,743,1034
936,596,1532
986,835,1821
620,986,1606
952,413,1365
267,179,446
109,572,681
301,348,649
822,525,1347
897,550,1447
588,256,844
989,386,1375
788,249,1037
984,794,1778
471,918,1389
28,493,521
69,391,460
225,693,918
819,323,1142
361,528,889
717,852,1569
294,95,389
766,840,1606
567,953,1520
321,362,683
587,275,862
764,699,1463
194,510,704
240,753,993
271,211,482
854,255,1109
364,159,523
122,942,1064
978,679,1657
6,782,788
980,43,1023
380,635,1015
919,902,1821
889,281,1170
782,937,1719
407,227,634
131,55,186
433,489,922
33,514,547
881,702,1583
468,999,1467
530,471,1001
8,12,20
388,594,982
370,627,997
191,561,752
275,482,757
351,374,725
434,215,649
770,381,1151
410,286,696
585,134,719
702,234,936
738,276,1014
568,442,1010
200,149,349
756,153,909
9,180,189
137,914,1051
529,546,1075
804,498,1302
575,879,1454
407,101,508
61,220,281
487,859,1346
460,762,1222
369,368,737
954,829,1783
20,421,441
888,695,1583
203,590,793
664,551,1215
799,291,1090
689,522,1211
754,457,1211
390,628,1018
646,979,1625
171,655,826
345,431,776
585,414,999
73,81,154
233,321,554
298,727,1025
660,404,1064
455,799,1254
371,765,1136
988,461,1449
188,874,1490
240,677,917
761,717,1478
215,170,385
97,65,162
484,561,1045
789,406,1195
85,106,191
159,86,245
906,399,1305
253,755,1008
641,129,770
858,174,1358
365,881,1246
884,487,1371
891,553,1444
561,455,1016
971,714,1685
605,611,1216
766,651,1417
445,536,981
546,317,863
493,552,1045
91,452,543
422,266,688
10,0,10
776,868,1644
293,480,773
704,944,1648
773,488,1261
784,440,1224
611,236,847
561,382,943
903,574,1477
255,167,422
661,399,1060
225,269,494
640,245,885
819,931,1750
710,701,1411
664,760,1424
275,422,697
70,186,256
113,652,765
463,278,741
503,192,695
155,50,205
22,190,212
288,275,563
448,744,184
154,15,169
350,430,780
818,510,1328
474,713,1187
338,82,420
974,149,1123
794,401,1195
481,185,666
861,256,1117
848,12,860
786,731,1517
789,998,1787
755,34,789
752,789,1541
681,213,894
697,984,1681
330,162,492
43,762,805
533,125,658
653,305,958
908,53,961
223,996,1219
648,444,1092
171,813,984
122,405,527
9,992,1604
707,486,1193
158,380,538
254,161,415
702,633,1335
992,777,1769
61,364,425
718,549,1267
128,499,627
571,807,1378
355,824,1179
750,197,773
366,741,1107
920,40,960
448,572,1020
713,501,1214
191,556,747
749,479,1228
851,613,1464
567,164,731
158,460,618
269,554,823
0,794,794
388,751,1139
19,634,653
794,635,1429
738,64,802
551,838,1389
536,699,1235
564,157,721
330,419,749
113,98,211
68,44,112
132,182,314
206,109,315
101,32,133
856,397,1253
538,638,1176
262,50,312
620,735,1355
952,943,1895
503,950,1453
81,479,560
62,369,431
960,911,1871
377,813,1190
843,631,1474
41,751,792
311,79,390
983,531,1514
742,236,978
194,197,391
254,583,837
183,571,754
425,764,1189
653,590,1243
469,719,1188
904,106,1010
184,563,747
345,673,1018
614,453,1067
924,322,1246
332,865,1197
782,648,1430
743,331,1074
576,558,1134
784,563,1347
260,368,628
458,982,1440
743,35,778
610,16,626
911,309,454
219,876,1095
790,841,1631
842,282,1124
523,569,1092
585,158,743
471,364,835
271,375,646
255,238,493
307,94,401
582,939,1521
79,740,819
494,177,671
920,706,1626
839,929,1768
657,307,1655
590,390,980
57,943,1000
356,900,1256
426,952,1378
890,788,1678
668,869,1537
11,649,660
391,55,446
42,326,368
153,334,487
226,156,382
749,402,1151
770,609,1379
92,227,319
805,403,1208
344,84,428
763,50,813
268,87,355
444,792,1236
780,138,918
202,499,701
585,200,785
753,536,1289
73,272,345
331,701,1032
91,115,206
433,374,807
328,352,680
24,788,812
358,631,989
822,452,1274
451,45,496
239,204,443
159,775,934
87,115,202
248,971,1219
151,889,1040
294,14,308
823,113,936
482,23,505
757,550,1307
559,535,1094
561,494,1055
144,711,855
18,385,403
679,539,348
61,290,351
713,632,1345
476,670,1146
68,397,465
678,872,1550
368,885,1253
299,888,1187
395,236,631
520,1000,1520
925,323,1248
611,544,1155
203,512,715
574,948,1522
40,253,293
312,341,653
762,160,1401
360,363,723
241,513,754
63,640,703
396,911,1307
30,966,996
286,230,516
918,402,1320
89,747,836
983,694,1677
640,702,1342
246,586,832
993,319,1312
337,459,796
211,668,879
554,700,1254
883,141,1024
722,920,1642
138,440,578
999,788,1787
955,578,1533
325,69,394
971,736,1707
325,859,1184
744,30,774
901,996,1897
421,310,731
956,841,1797
955,756,1711
797,192,989
189,26,215
626,631,1257
580,627,1207
237,236,473
367,81,448
488,137,625
619,480,1099
382,188,570
503,485,988
197,231,1565
992,15,1007
973,422,1395
687,207,894
67,181,248
449,887,1336
704,332,1036
908,252,1160
794,42,836
844,389,1233
403,626,1029
585,608,1193
656,896,1552
39,533,572
467,846,1313
898,251,1149
405,752,793
528,783,1311
50,194,244
407,905,1312
847,292,1139
432,301,733
55,706,761
145,474,619
462,92,554
115,184,299
960,915,1875
138,402,540
461,25,486
604,918,1522
206,903,1109
256,331,587
928,728,1656
735,750,1485
116,723,839
371,87,458
393,744,1137
523,626,1149
387,563,950
786,174,960
579,892,1471
153,166,319
183,787,970
429,315,744
787,984,1771
641,185,826
134,983,1117
637,783,1420
469,509,978
556,826,1807
505,243,748
675,487,1162
452,81,533
6,250,256
284,634,918
839,845,1684
189,151,340
357,37,394
33,683,716
617,305,922
89,50,139
182,165,347
625,676,1301
609,586,1195
181,989,1170
592,368,960
95,786,881
377,919,1296
69,776,845
563,66,629
137,124,261
281,337,618
537,214,751
626,59,685
747,644,1391
89,495,584
619,956,1575
723,294,1017
868,324,1192
588,638,1226
132,629,761
532,746,1278
504,827,1331
624,238,862
198,1,199
476,640,1116
755,868,1623
630,424,1054
341,358,699
652,217,412
706,288,994
69,315,384
563,331,894
116,702,818
405,741,1146
983,29,1012
198,338,536
944,688,1632
485,816,278
493,159,652
913,885,1798
343,473,816
423,950,1373
855,533,1388
742,694,1436
548,19,567
701,339,1040
909,814,1723
992,152,1144
31,347,378
641,547,1188
584,620,1204
609,119,728
769,315,1084
322,726,847
88,508,596
380,462,842
309,221,530
179,114,293
38,796,834
94,454,548
818,494,1312
157,194,351
495,750,1245
317,794,1111
787,892,1679
960,528,1488
135,210,345
470,396,866
534,118,1909
45,703,748
892,89,981
910,47,957
784,674,1458
23,591,614
654,913,1567
205,197,402
545,326,871
687,120,807
161,280,441
981,637,1618
104,211,315
562,326,888
965,721,1686
587,250,837
318,627,945
553,454,1007
29,482,511
51,108,159
88,436,524
721,610,1331
644,856,1500
456,631,1087
340,837,1177
776,686,1462
80,997,1077
782,476,1258
95,832,927
715,479,1194
317,700,1017
784,476,1260
970,229,1199
917,631,1548
372,401,773
939,681,1620
881,903,1784
499,30,529
115,359,474
866,174,1040
356,618,974
520,105,625
731,815,1546
569,665,1234
309,545,854
604,423,1027
249,561,810
493,393,886
213,833,1046
441,803,1244
580,806,1386
710,241,951
685,79,764
728,587,1315
117,606,723
333,568,901
455,180,635
415,71,486
701,833,1534
839,388,1227
660,676,1336
222,836,1058
594,924,1518
829,0,829
676,152,828
298,399,697
457,200,657
898,324,1222
813,935,1748
940,965,1905
735,937,1672
91,596,1045
413,867,1280
301,63,364
562,991,1553
720,573,1293
367,112,479
886,31,917
719,604,1323
325,728,1053
390,445,835
678,177,855
192,568,760
946,368,1314
157,295,452
686,128,814
73,663,1477
906,498,1404
998,139,1137
657,825,1482
466,915,1381
618,952,1570
184,465,649
565,839,1404
363,231,594
619,7,626
867,748,1615
513,275,788
559,590,1149
38,581,619
377,115,492
984,707,1691
747,748,1495
879,768,1647
476,529,1005
911,624,1535
483,645,1128
983,684,1667
648,552,1200
319,627,946
351,547,898
480,464,944
480,587,1067
431,361,792
817,301,1118
36,711,747
767,311,1078
577,266,843
484,592,1076
52,672,724
828,755,1583
293,496,789
517,78,595
284,258,542
287,281,568
14,759,773
178,931,1109
154,674,828
827,179,1006
717,241,958
818,540,1358
351,86,437
609,956,1565
857,507,1364
422,788,1210
676,450,1126
171,215,386
862,353,1215
270,773,1043
53,171,224
487,308,795
971,770,1741
239,388,627
399,485,884
543,891,1434
295,949,1244
391,694,1085
542,699,1241
99,939,1038
362,979,1341
625,940,1565
279,343,622
821,100,921
598,400,998
691,767,1458
688,602,1290
532,345,877
184,320,504
688,8,696
12,421,433
106,701,807
224,742,966
197,34,188
58,961,1019
915,855,1770
613,653,1266
980,122,1102
619,133,752
782,921,1703
822,990,1812
113,712,825
301,478,779
77,654,731
283,787,1070
925,683,1608
331,263,594
75,283,358
391,397,788
61,264,325
271,182,453
503,950,1453
402,182,584
111,147,258
441,223,664
108,934,1042
265,105,144
585,745,1330
456,19,475
152,668,820
955,38,993
272,155,427
926,400,1326
527,724,1251
502,489,991
864,745,1609
804,71,875
3,393,396
837,798,1635
580,548,1128
367,341,708
410,56,466
981,662,1643
547,873,1420
82,861,943
784,296,1080
180,567,786
676,195,871
399,917,1316
705,367,1072
906,647,1553
194,143,51
737,607,1344
398,64,462
658,315,973
988,854,1842
989,16,114
345,806,1151
415,121,536
669,683,1352
962,694,1656
549,152,701
238,947,1185
753,144,897
19,482,501
633,46,679
664,133,1295
51,926,977
812,99,911
174,855,1029
837,837,1674
509,609,1118
225,64,289
436,345,781
755,694,1449
123,999,1122
558,140,698
987,812,1799
46,607,653
64,123,187
775,425,1200
378,566,944
249,947,1196
136,102,238
647,627,1274
161,16,177
82,6,1896
91,723,814
908,290,1198
826,811,1637
708,129,837
655,277,932
421,244,665
625,708,368
734,511,1245
90,642,732
308,356,664
571,241,812
542,1000,1542
370,883,1253
552,519,1071
788,641,1429
283,54,337
815,152,967
991,933,1924
180,163,343
44,55,99
291,214,505
342,631,973
776,464,1516
53,947,1000
161,804,1054
118,72,190
738,455,1193
333,429,762
693,919,1612
797,112,909
100,242,342
890,204,1094
225,75,300
496,55,551
148,221,369
465,182,647
139,468,607
647,367,1014
207,343,550
708,582,1290
139,113,252
469,428,897
351,225,576
618,160,778
653,975,1628
174,591,765
875,235,1110
877,534,1411
221,605,826
473,285,876
753,893,1646
335,444,779
913,949,1862
152,935,1087
5,427,432
41,481,522
516,34,550
403,490,893
713,841,1554
507,246,753
771,12,783
416,972,1388
367,302,669
92,16,108
312,165,477
878,584,1462
24,999,1023
790,141,931
415,189,604
379,641,1020
648,1,649
72,394,466
340,543,872
770,276,1046
627,555,1182
212,806,1018
635,901,1536
954,56,1010
931,690,1621
52,113,165
476,633,750
179,663,842
68,574,642
209,141,350
244,552,796
489,755,1244
594,892,1486
214,771,985
230,328,558
273,515,788
283,55,338
353,463,816
539,849,1388
726,544,1270
545,921,1466
635,376,1011
968,709,1677
963,904,1867
913,905,1818
82,400,482
295,981,1276
111,168,279
713,151,864
895,209,1104
642,23,665
992,698,1690
135,485,620
454,755,1209
298,193,491
892,821,1713
970,532,1502
421,592,1013
661,805,1466
607,681,1288
862,561,1423
311,580,891
808,313,1121
266,232,498
994,295,1289
48,151,199
466,979,1445
946,164,1110
292,186,478
859,725,1584
682,813,1495
243,119,648
588,129,717
378,188,566
724,35,759
352,151,503
552,998,1550
308,124,432
414,953,1367
148,970,1118
327,159,1512
559,999,1558
662,722,1384
917,296,1213
772,587,1359
818,578,1396
944,452,1396
115,749,864
41,142,183
119,315,1264
861,225,1086
94,334,428
656,199,855
227,800,1027
284,200,1102
869,456,1325
980,89,1069
403,199,602
617,619,1236
57,930,987
407,151,558
437,378,815
12,291,303
315,1000,1315
574,89,663
909,454,1363
425,822,1247
167,825,992
919,434,1353
424,142,566
612,88,700
310,486,796
537,343,880
983,604,1587
90,6,96
936,279,1215
569,473,1042
773,936,1709
190,852,1042
567,502,1692
309,854,1163
505,572,1077
229,27,256
157,268,425
655,854,1509
127,669,796
294,427,721
928,704,1632
29,122,151
504,993,1497
763,370,1133
579,446,1025
643,702,1345
710,837,1547
524,750,1274
865,265,1130
59,149,208
899,709,1608
167,54,221
429,651,1080
364,49,413
542,654,1196
526,198,724
187,783,970
770,171,941
893,323,1216
701,819,1520
701,714,1415
98,547,645
843,147,1061
288,381,669
421,348,769
166,104,270
515,226,741
814,918,1732
706,851,1557
866,544,1410
719,774,1493
427,471,898
119,838,957
17,491,508
707,371,1078
452,911,1363
535,781,1316
176,726,902
762,834,1596
131,877,1008
704,232,936
214,133,347
435,707,1142
114,79,991
775,441,220
33,812,845
607,60,667
930,259,617
683,10,693
801,126,927
210,601,811
189,686,875
92,149,241
964,284,1248
356,360,716
512,799,1311
247,517,764
101,839,940
14,541,555
196,987,1183
923,772,1695
996,742,1738
219,942,1161
724,486,1210
603,189,792
980,109,1089
363,388,751
526,233,759
779,321,1100
112,532,644
780,369,1149
570,739,671
505,118,623
467,614,1081
703,999,1702
231,567,798
875,438,1313
71,916,987
487,961,1448
183,13,196
503,688,1191
448,535,983
87,122,209
410,711,1121
104,759,863
172,66,238
203,346,549
864,413,1277
858,434,1292
285,783,1068
595,607,1202
808,820,1628
409,364,773
617,972,1589
496,523,1019
786,465,1251
256,501,757
643,965,1608
101,755,856
69,510,579
995,183,1178
695,334,1029
636,638,1274
78,676,754
785,504,1289
206,300,506
502,516,1018
351,828,1179
559,18,577
32,440,472
121,392,513
873,385,1258
36,33,69
675,881,1556
905,723,1628
441,137,578
398,499,897
582,691,1273
567,701,1268
481,487,968
160,518,678
269,506,775
386,631,1017
784,291,1075
28,604,1714
375,357,732
597,27,624
640,349,989
438,353,791
421,359,780
250,253,503
319,606,925
704,67,771
117,345,462
551,333,1347
884,432,1316
923,431,1354
712,480,1192
324,386,710
330,586,916
500,102,602
210,344,554
830,783,1613
170,629,799
992,446,1438
650,867,1517
77,860,937
219,294,513
304,587,891
231,639,870
94,734,828
97,606,703
68,580,648
486,437,923
814,78,892
309,516,825
443,679,1122
204,424,628
639,527,1166
781,560,1341
19,642,661
883,191,1074
218,676,894
760,960,1720
959,653,1612
629,873,1502
444,957,1401
641,61,702
373,473,846
154,764,918
307,864,1171
326,880,1206
65,649,714
422,273,695
661,164,825
615,241,856
116,153,269
251,816,1067
475,497,972
446,432,878
37,206,243
139,29,168
822,284,1106
180,659,839
986,739,1725
20,56,76
85,321,406
887,65,952
416,918,1334
673,906,1579
965,859,1824
143,241,384
752,512,1264
534,680,1214
972,793,1765
257,508,765
243,614,857
826,320,1146
598,754,1352
766,761,1527
433,223,656
179,219,398
450,418,868
603,57,660
383,716,1099
324,558,882
699,252,951
900,803,1703
371,486,857
841,315,1980
926,620,1514
678,818,1496
707,939,1646
245,259,504
316,654,970
371,924,1295
124,547,671
878,453,1331
931,983,1914
939,261,1200
958,842,1800
304,215,519
164,937,1101
324,900,1224
659,416,1075
280,887,1167
798,963,1761
754,422,1176
340,734,1074
940,839,1779
164,715,879
67,360,427
746,832,1578
334,464,798
780,53,833
188,645,833
656,139,409
643,312,955
84,113,197
528,730,1258
850,664,1514
867,608,1475
811,961,1772
489,894,1383
266,177,443
846,335,1181
203,86,289
186,402,588
967,854,1821
229,21,250
945,571,1516
641,234,875
997,473,1470
718,872,1590
410,632,1042
266,152,418
376,174,550
120,14,134
445,791,1236
464,847,1311
121,229,350
195,968,1163
800,272,1072
506,391,897
876,211,1087
843,289,1132
193,428,621
811,149,1999
268,241,509
929,254,1183
700,662,1362
10,480,490
331,997,1328
703,217,920
725,433,1158
262,74,336
60,53,113
240,482,722
620,961,1581
821,612,1433
829,46,1033
634,390,1024
404,687,1091
991,913,1904
594,183,777
515,504,1019
898,479,1377
324,727,1051
145,266,411
45,130,175
996,854,1850
369,948,1317
924,897,1821
849,779,1628
529,320,849
168,323,491
503,782,1285
569,873,1442
651,817,1468
193,152,345
187,36,223
167,722,889
118,916,1034
41,452,493
726,574,1300
504,115,619
887,151,1038
95,208,303
184,854,1038
520,842,1362
912,679,1591
597,994,1570
584,184,768
78,252,330
693,96,789
26,291,317
696,124,820
604,951,1555
857,331,1188
83,471,554
675,491,1166
978,275,1253
5,337,342
671,637,1308
332,970,1302
751,928,1679
582,132,714
49,820,869
330,817,1147
72,560,632
390,94,484
182,245,427
886,408,1294
872,213,1085
798,412,1210
770,977,1747
123,305,428
442,753,1195
317,925,1242
134,367,501
852,376,1228
501,456,957
487,274,761
433,92,525
830,377,1207
444,645,1089
41,525,566
474,692,1166
702,730,1432
507,539,1046
537,85,622
447,81,528
489,307,796
130,700,830
861,254,1115
302,582,156
939,46,985
522,435,957
475,676,1151
832,259,1091
599,83,682
16,116,132
473,183,656
863,402,852
897,721,1618
601,741,1342
686,460,1146
271,349,620
892,829,1721
189,80,269
618,265,883
108,444,552
5,404,409
175,671,846
708,414,1122
988,762,1750
498,310,808
997,631,1628
689,986,1675
404,823,1227
128,138,229
835,16,851
192,879,985
664,148,812
446,862,1308
808,551,1359
308,788,1096
485,432,340
924,156,1080
455,986,1441
20,880,900
248,206,454
849,853,1702
341,8,349
867,730,1597
425,868,1293
592,610,1202
297,37,334
497,525,1022
626,957,1583
836,888,1724
731,62,793
432,590,1022
65,274,339
427,910,1337
506,637,1143
355,459,814
21,165,186
196,480,676
237,519,756
930,701,1631
616,873,1489
672,479,1151
300,740,1040
982,426,1408
689,668,1357
815,483,1298
864,165,1029
289,707,996
683,494,1177
204,160,364
103,812,915
505,310,815
570,48,618
367,902,1269
693,162,855
880,915,1795
826,65,891
116,632,748
575,229,804
348,803,1151
47,788,835
273,917,1190
706,894,1600
685,106,791
948,968,1916
468,985,1453
113,998,1111
625,624,1249
970,104,1074
42,519,561
645,120,765
932,370,1302
299,725,1024
518,510,1028
101,157,258
342,838,1180
868,206,1074
425,787,1212
251,854,1105
349,293,642
87,272,359
772,424,1196
680,251,931
771,542,1313
233,141,374
423,940,1363
469,974,1443
813,698,1511
30,453,483
10,734,744
966,71,1037
322,411,733
168,444,612
777,37,814
656,154,810
59,646,705
818,676,1494
996,302,1298
907,697,1604
894,311,1205
321,931,1252
846,286,1132
625,942,1567
413,456,869
908,557,1465
633,667,1300
353,908,1261
664,414,1078
902,308,1210
550,342,892
736,757,1493
532,553,1085
95,523,618
533,348,881
163,23,1631
552,606,1158
852,792,1644
432,517,949
61,861,922
642,519,1161
48,774,822
127,459,586
754,5,759
241,824,1065
595,579,1174
960,642,1602
864,609,1473
306,291,597
834,732,1566
143,731,874
755,253,1008
528,596,1124
797,369,1166
150,728,878
421,83,504
435,909,1344
219,456,675
693,538,1231
572,531,1103
892,270,1162
651,433,1084
705,953,1658
749,996,1745
166,147,313
496,728,1224
991,721,1712
541,120,661
466,484,321
966,572,1538
974,121,1095
418,112,530
585,296,313
120,380,500
383,310,693
28,810,838
802,603,1405
959,915,1874
290,220,510
757,500,1121
357,69,426
427,492,919
579,463,1042
800,386,1186
737,853,1590
780,141,921
471,779,1250
459,152,611
333,91,424
680,638,1318
238,921,1159
553,46,599
911,453,1364
661,90,751
724,25,749
815,790,1605
574,660,1234
572,87,659
633,554,1187
54,980,1034
193,768,961
918,19,937
958,544,1502
19,281,300
251,849,1100
908,593,1501
826,546,1372
411,603,1765
956,23,979
184,424,1081
324,391,715
117,101,218
292,147,439
786,91,877
975,417,1392
60,629,689
185,27,212
305,399,704
145,422,567
264,384,648
921,123,1044
245,770,1015
242,504,746
516,394,910
275,62,337
566,416,982
29,417,446
935,907,1134
986,600,1586
252,781,1033
804,128,932
416,456,872
651,512,1163
991,145,1136
172,800,972
975,433,1408
568,462,1664
475,984,1459
296,668,964
0,61,61
493,279,772
859,696,1555
359,862,1221
599,860,1459
46,165,211
576,71,647
404,715,1119
143,742,885
286,899,1185
625,516,1141
325,905,1230
350,650,1000
770,724,1494
251,678,929
349,215,564
613,336,1416
136,661,797
623,487,19
688,177,865
916,713,1629
780,402,1182
806,897,1703
79,551,1704
835,687,1522
126,361,487
385,847,1232
396,181,577
831,713,1544
127,473,600
197,455,1521
20,776,796
943,726,1669
92,835,927
310,827,1137
239,505,744
37,287,324
720,723,1443
7,200,207
653,405,1058
284,582,866
174,565,739
756,579,1335
617,578,1195
602,131,733
130,265,395
876,233,1109
746,801,1547
868,694,1986
709,694,1403
258,697,955
464,2,466
656,689,1345
53,874,927
442,864,1306
280,124,404
477,507,984
777,44,821
229,48,277
430,545,975
5,401,406
83,901,984
25,755,780
706,433,1139
939,255,1194
337,318,655
640,99,884
827,24,851
641,957,1598
256,253,509
244,981,1225
55,841,896
813,242,1055
794,614,1408
782,97,879
592,127,719
62,938,641
911,868,1779
801,130,931
821,452,1273
625,641,1266
104,693,797
53,301,354
411,98,509
420,238,658
806,675,1481
464,393,857
438,901,1339
103,347,450
691,801,1059
336,601,937
105,12,117
69,607,676
198,926,1124
652,521,1173
431,492,923
455,190,645
816,45,861
319,598,917
982,667,1649
318,597,915
794,149,943
316,617,933
377,993,1201
673,694,1367
243,519,762
572,879,1451
352,200,552
655,930,1585
70,349,419
487,711,1198
478,614,1092
872,592,1464
343,630,973
336,166,502
897,808,1705
507,224,731
654,228,882
477,638,1115
492,752,1244
834,339,1173
384,210,594
845,6,851
75,366,235
145,297,442
646,599,1245
368,44,412
203,202,405
224,906,1130
178,347,525
251,182,433
180,863,1043
103,21,124
140,388,528
906,113,1019
215,312,527
378,828,1206
175,963,1138
818,638,1456
899,728,1627
147,903,1050
813,194,1007
387,711,1098
613,439,1052
250,943,1261
601,193,794
301,808,1109
253,54,307
286,893,1179
520,991,1511
500,214,714
803,481,1284
629,66,695
397,769,1166
769,521,1290
531,475,1006
729,382,1111
494,732,1226
485,274,759
653,943,1596
665,37,702
916,207,1123
240,405,645
435,910,1345
160,957,1117
260,563,823
769,86,855
531,360,891
42,476,518
344,436,780
442,418,860
509,324,833
25,183,208
271,660,931
923,84,1007
513,525,1038
80,804,884
233,100,333
368,39,407
341,201,542
256,309,565
786,699,1485
195,722,917
141,875,1016
757,556,1313
8,788,796
842,354,1196
413,968,1381
593,775,1368
483,669,1152
779,974,1753
407,233,640
767,214,981
528,601,1129
775,479,1254
472,348,820
320,866,1186
788,964,1752
214,449,663
571,30,601
591,894,1485
965,755,1659
674,854,1528
230,429,659
770,413,1183
707,550,1257
601,23,624
32,944,976
1000,975,1975
581,644,1225
935,622,1557
400,390,790
400,65,465
192,486,678
583,985,1568
916,311,1227
106,691,797
32,846,878
500,27,527
71,933,1004
290,210,500
675,536,1211
58,377,435
175,334,509
420,400,820
113,132,245
489,760,1249
978,925,1903
133,891,1024
442,837,1279
486,162,648
961,317,1278
514,733,1247
282,206,292
456,65,521
619,826,1445
336,932,1268
502,471,973
40,754,794
661,902,1563
355,717,1072
811,304,1115
843,829,1672
425,255,680
632,750,1382
393,932,1325
715,582,1297
715,968,1813
891,161,1052
643,550,1193
938,68,1006
739,923,1662
505,421,926
566,124,690
78,773,851
784,798,1582
461,168,629
518,45,563
74,654,728
767,472,1239
763,408,1171
406,38,234
726,939,1665
686,766,1452
472,69,541
672,248,920
448,143,591
285,861,1146
858,18,876
181,301,482
759,400,1159
687,781,559
157,451,608
221,731,1382
545,221,766
48,856,904
535,656,1191
675,918,1593
706,315,1021
612,4,772
785,206,991
383,930,1313
93,16,109
14,345,359
696,685,1381
981,903,1884
855,850,1705
741,171,1049
110,835,945
575,641,1216
212,956,1168
961,438,1399
218,108,326
177,15,192
323,12,335
469,225,694
834,285,1119
377,44,421
223,420,643
613,511,1124
104,729,833
944,870,1814
257,982,1239
332,646,978
694,946,1640
710,136,846
650,779,1429
325,871,1196
69,343,1867
599,459,1058
655,759,1414
601,721,1322
238,21,259
918,127,1045
755,438,1193
634,81,715
383,510,893
155,384,539
38,243,281
612,968,1580
898,336,1234
325,659,984
40,533,573
424,663,1087
768,24,792
750,339,1089
210,552,762
939,680,1619
820,703,1523
227,622,849
533,329,862
644,6,650
503,71,574
53,649,702
960,209,1169
177,606,783
814,954,1768
519,80,599
478,318,796
202,250,452
620,254,874
590,459,1049
206,278,484
492,81,573
368,407,775
482,451,933
624,752,1376
159,839,998
493,20,513
437,874,1311
928,943,1871
550,156,706
179,263,442
313,464,777
575,620,1195
341,139,480
200,158,358
4,13,17
747,742,1489
414,947,1361
404,993,1397
393,501,894
602,72,674
39,943,982
954,579,1533
781,446,1227
789,935,1724
356,521,877
650,705,1355
59,666,725
434,753,1187
489,35,524
370,646,1016
28,714,742
151,267,418
966,697,1663
253,616,869
678,861,1539
119,789,908
728,938,1666
723,600,1323
82,530,612
897,433,1330
437,258,695
512,990,1502
907,391,1298
751,421,1172
946,745,1691
111,651,762
816,352,1168
275,766,1041
766,407,1173
6,172,178
1,99,100
713,427,1140
670,295,965
174,180,354
720,137,857
186,514,700
461,580,1041
190,205,395
187,828,1015
265,923,1188
451,641,1092
111,889,1000
81,300,381
127,283,410
30,599,629
496,688,1184
9,62,71
978,7,985
808,42,850
534,810,1234
532,985,1517
954,497,1451
345,618,963
379,698,1077
322,836,1158
369,681,1050
625,58,683
894,338,1232
3,467,470
411,742,1153
947,142,251
889,543,1432
716,769,1485
377,462,839
674,890,1564
423,676,1099
653,980,1633
329,17,346
894,46,940
753,333,1086
239,621,860
756,627,1383
356,438,794
964,953,1917
674,877,1551
102,751,853
621,199,820
890,532,1422
803,877,1680
32,130,162
89,308,397
561,895,1456
917,456,1373
493,678,1171
249,216,465
966,675,1641
108,445,553
29,164,193
334,924,1258
287,225,512
681,487,1168
686,126,812
944,547,1491
503,92,595
340,892,1232
589,784,1373
66,659,725
932,734,1666
742,390,1132
803,575,1378
447,827,1274
265,118,383
114,91,205
606,959,1565
964,118,1082
130,873,1003
389,590,979
318,63,381
194,867,1061
433,327,760
816,695,1511
129,532,661
604,227,831
9,551,560
323,148,471
303,857,1160
696,466,1162
290,149,439
869,820,1689
35,613,648
514,705,1219
868,723,1591
646,848,1494
298,721,1019
60,829,889
847,733,1580
750,956,1706
717,753,1470
886,794,1680
499,744,1243
834,675,1509
163,22,185
345,432,777
356,775,1131
73,540,613
289,713,1002
717,876,1593
99,134,233
810,594,1404
55,870,925
311,468,779
591,140,731
494,298,792
214,223,437
200,752,952
370,743,1113
104,694,798
879,151,1030
437,695,1132
948,57,1005
997,485,1482
53,120,173
665,346,1011
993,152,1145
413,250,493
406,500,906
610,977,1587
763,384,1147
814,686,1500
796,474,1270
665,391,1056
668,455,1123
122,119,241
500,656,1156
521,230,1173
586,491,1077
763,96,859
185,393,578
660,719,1379
585,128,713
65,730,795
814,550,1364
832,717,1138
837,549,1386
542,500,1042
857,598,1455
838,809,1647
771,771,1542
674,919,1593
882,613,1495
5,568,573
321,125,1177
211,668,879
575,262,837
35,86,121
518,305,823
557,175,732
967,673,615
47,968,1015
926,801,1727
546,455,1001
502,711,1213
932,360,1292
522,214,736
678,839,75
192,145,337
852,220,1072
616,565,1181
367,284,651
637,432,1069
261,266,527
925,167,1092
85,967,1052
435,962,1397
548,208,756
750,275,1025
713,661,1374
381,577,958
840,523,1363
429,841,1270
806,444,1250
987,618,1605
276,127,403
700,561,1261
337,655,992
931,341,1272
149,889,1038
280,10,290
992,227,1219
107,801,908
179,539,718
313,602,915
501,97,598
717,585,1302
564,277,841
918,49,967
969,769,1738
353,825,1178
991,807,1798
608,903,1511
488,606,1094
9,703,712
159,673,832
387,581,968
54,940,994
997,379,1376
255,694,949
723,468,1191
362,817,1179
293,282,575
533,964,1497
945,833,1778
650,878,1528
312,416,728
865,92,957
78,747,825
95,169,264
86,761,847
951,504,1455
10,985,995
693,520,1213
139,491,630
701,693,1394
714,127,841
631,194,825
763,7,770
719,547,1266
250,756,1006
942,843,1785
967,540,1507
43,621,664
172,690,862
782,536,1318
179,76,255
136,526,662
52,432,484
174,382,556
346,935,1281
851,552,1403
878,120,998
494,300,794
2,755,757
403,222,625
951,955,1906
527,845,1372
957,474,1431
868,499,1367
6,630,636
305,362,667
358,911,1269
411,363,882
503,202,705
526,920,1446
126,935,1061
159,787,946
231,481,712
306,373,679
186,549,735
111,449,560
449,165,614
765,444,1809
891,726,1617
194,291,808
431,761,1192
32,164,196
971,490,1461
272,121,393
563,507,1070
731,130,861
782,799,1581
513,743,1256
863,845,1708
112,980,1092
21,129,150
512,13,525
242,53,295
350,439,789
755,8,763
296,288,584
779,439,1218
156,746,902
255,287,542
884,269,1153
253,682,935
203,485,688
829,105,934
514,625,1139
875,605,1480
152,234,386
410,39,449
196,951,1147
18,631,649
885,52,937
537,313,850
236,227,463
490,62,552
659,52,711
275,372,647
359,728,1087
327,916,83
0,53,53
329,217,546
286,930,1216
441,189,630
503,372,875
114,99,213
699,565,1264
133,339,472
829,370,1199
603,541,1144
243,665,908
598,393,991
108,133,241
616,123,1983
934,905,1839
195,197,392
947,101,1048
559,633,1192
742,485,1227
206,546,752
44,130,174
563,728,1291
898,777,1675
928,573,1501
916,374,1290
734,120,854
69,494,563
953,975,1928
22,170,192
713,990,1703
46,978,1024
813,995,1808
758,834,1592
701,545,1246
994,76,1070
768,521,1289
798,399,1197
278,211,489
163,585,748
713,9,722
809,525,1334
724,737,1461
310,872,1182
725,274,999
175,229,487
298,40,338
964,904,1868
136,276,412
52,657,709
843,215,1058
1,664,665
619,995,1614
85,969,1054
562,270,832
418,919,1337
332,58,390
10,843,853
748,988,1736
262,994,1346
888,796,1684
597,108,705
704,391,1095
263,890,1153
618,564,1182
452,225,677
208,595,803
878,770,1648
456,237,693
444,377,821
490,95,585
470,189,659
180,193,373
965,746,1711
288,21,309
906,181,1087
703,622,1325
146,73,219
465,930,1395
412,102,514
140,744,884
12,617,629
393,21,414
13,781,794
957,44,1001
788,85,873
961,642,1603
811,989,1621
108,555,663
346,873,1219
207,142,349
576,913,1489
167,314,481
158,249,407
708,273,981
126,21,147
105,557,662
523,907,1430
145,1,146
24,232,256
150,361,511
231,943,1174
393,703,1096
842,923,1765
173,112,285
979,978,1957
78,630,708
369,945,1314
86,917,309
182,438,620
614,185,799
153,914,1067
308,639,947
356,896,1252
938,511,1449
955,271,1226
728,817,1545
2,882,884
152,796,948
327,151,478
738,815,1553
489,834,1323
591,437,1028
285,148,433
130,186,316
361,326,687
492,710,1202
616,812,1428
141,821,962
943,251,1194
562,509,1071
504,545,1049
235,393,628
732,431,1163
795,710,1505
224,719,943
370,2,372
871,17,888
485,980,1465
112,61,173
369,869,1238
797,838,1635
471,147,618
564,995,1559
431,248,679
229,57,286
120,985,1105
146,386,532
712,988,1700
55,718,773
595,75,670
608,891,1499
150,374,524
250,78,1702
833,426,1259
186,481,667
766,540,1306
306,481,787
345,454,799
711,13,724
159,61,220
32,618,650
515,164,1705
433,696,1129
465,567,1032
264,941,1205
313,726,1039
953,160,1113
94,534,628
973,128,1101
410,633,1043
401,188,589
999,572,1571
79,836,915
488,320,808
414,847,1261
55,822,877
434,199,633
106,79,185
797,866,1663
245,288,533
109,66,175
11,774,785
192,564,756
951,33,984
87,1000,1087
45,577,622
495,46,190
966,316,730
769,289,1058
512,199,711
400,743,1143
132,719,851
339,417,756
515,103,618
793,153,1630
391,488,879
872,38,910
155,698,853
906,640,1546
735,237,972
826,697,1523
787,735,1522
986,513,1499
746,623,1369
952,787,1739
804,134,938
368,638,1006
441,40,481
792,699,1491
213,625,838
981,156,1137
509,99,608
146,784,930
560,888,1448
800,916,1716
96,465,561
956,302,1258
286,590,876
91,72,163
790,471,1261
484,262,746
452,665,1117
962,126,1088
499,40,539
293,410,703
634,939,1573
451,375,826
639,974,1613
85,698,783
460,269,729
698,43,741
659,58,717
250,716,966
8,158,166
297,384,681
408,874,1282
397,895,1292
95,357,452
657,547,1204
476,111,587
749,110,859
944,406,1350
204,411,615
324,350,674
497,217,714
487,117,604
39,558,597
481,149,630
327,581,1231
792,389,1181
827,370,1197
484,218,702
888,23,911
700,433,1133
650,180,830
70,280,350
305,894,1199
892,429,1321
685,914,1599
850,55,905
923,438,1361
771,304,1075
357,964,1321
486,548,1034
164,988,1152
363,934,1297
398,842,1603
915,611,1526
740,683,1423
148,331,479
843,961,1804
845,754,1599
14,154,168
956,151,1107
324,116,440
690,416,1106
739,3,742
965,852,1817
649,460,1109
592,99,1527
192,430,622
792,170,962
221,356,577
195,995,1190
978,14,992
372,16,388
314,514,828
127,716,843
466,423,889
360,848,1208
535,997,1532
116,948,1064
438,382,820
609,166,775
390,291,681
705,696,1401
290,718,1008
947,927,1874
89,825,914
91,665,1909
421,106,527
769,638,1407
102,648,750
595,825,593
872,430,1302
795,465,1260
117,200,317
973,127,1100
812,935,1747
929,840,1769
803,758,1561
962,383,1345
519,290,809
674,270,944
924,814,1738
689,247,1861
424,33,314
809,383,1192
531,839,1370
325,343,668
585,440,1025
996,400,1396
659,402,1061
820,954,1774
131,961,1092
1000,745,1745
925,325,1250
447,236,683
820,129,949
646,590,1236
863,780,1643
266,857,1123
971,330,1301
95,26,121
643,788,1431
28,632,660
942,995,1937
391,25,416
133,464,597
796,366,1162
668,919,1587
198,548,746
743,798,1541
387,788,1175
52,281,333
147,642,1186
887,105,992
949,610,1559
145,289,434
184,95,279
864,370,1234
212,400,612
814,22,836
498,982,1480
215,703,918
911,321,1232
461,827,1288
305,10,315
675,580,1255
875,32,907
351,355,706
628,614,1242
162,534,696
948,124,1072
30,548,1048
779,156,935
373,117,490
30,335,365
85,745,830
129,274,403
204,976,1180
725,564,1289
478,763,1241
446,524,970
944,197,1141
202,703,905
734,287,1021
105,597,702
601,319,920
210,976,1186
443,904,1347
610,765,1375
326,637,963
392,439,831
361,382,743
839,65,904
910,34,944
259,600,859
618,846,1464
973,988,1961
407,30,437
828,330,1158
190,366,556
220,672,892
148,798,946
9,326,335
734,336,1070
581,814,1395
238,575,813
290,616,906
222,105,327
733,622,1355
826,880,1706
587,914,1501
698,774,1472
832,327,1159
50,821,871
47,281,328
127,463,590
334,605,939
590,21,611
659,802,1461
4,933,937
134,861,995
37,917,954
540,40,580
16,71,87
849,821,1670
308,281,589
354,409,763
793,320,1113
48,402,450
465,505,970
990,932,1922
382,960,1342
29,229,21
142,107,249
882,704,1586
231,174,405
741,923,1664
835,924,1759
5,956,961
53,265,318
44,113,623
76,270,346
627,810,1437
276,715,991
141,597,738
129,326,455
771,598,1369
989,916,1905
457,684,1141
540,246,786
677,501,1178
329,791,1120
231,94,325
303,728,1031
571,855,1426
675,662,1337
210,711,921
995,506,1501
13,686,699
838,394,1232
107,348,455
604,779,1383
879,320,1199
319,725,1044
157,868,1025
936,133,1069
372,394,766
888,635,1523
798,409,1207
284,433,717
314,974,1288
663,104,767
897,109,1006
246,16,262
191,273,1355
543,463,1006
121,949,1070
362,441,803
406,514,920
341,54,395
378,100,783
749,950,1699
301,193,494
608,282,890
505,531,1036
697,51,748
981,113,1094
54,916,545
244,67,311
282,231,513
716,733,1449
402,103,505
843,900,1743
507,210,717
208,355,563
722,610,1332
3,96,99
929,717,1646
756,312,1068
704,244,948
697,71,768
340,921,1261
985,13,998
438,342,1995
270,902,1172
695,778,1473
608,360,968
597,1,598
253,483,736
838,17,855
297,855,1152
515,171,686
793,96,889
823,753,1576
502,752,1254
558,263,821
259,373,632
847,361,1208
341,912,1253
679,877,1556
863,610,1473
276,702,978
655,21,676
420,876,1296
145,365,510
250,591,841
996,441,1437
762,91,853
977,386,1363
988,280,1268
695,557,1252
460,981,1441
179,271,450
357,909,1266
603,427,1030
282,316,598
593,532,1125
854,627,1481
814,465,1279
811,811,1622
112,992,1898
701,150,851
153,535,688
638,571,1209
310,498,808
818,301,83
222,289,511
126,54,180
5,440,445
854,0,282
358,899,1257
879,514,1393
787,574,1361
88,730,818
750,201,951
940,82,1022
32,484,516
254,831,1085
395,432,827
925,100,1025
942,309,1251
177,577,754
896,330,1226
142,699,841
256,138,394
204,308,512
304,580,884
472,558,1030
801,896,1697
98,141,239
710,320,1030
701,729,1430
362,437,799
984,420,1404
934,572,1570
431,90,521
629,928,1557
248,594,842
130,635,765
579,898,1477
773,865,1638
412,686,1653
781,895,1676
859,55,914
276,849,1125
109,341,450
841,297,1138
707,339,1046
124,758,882
523,757,1280
718,209,927
575,758,1333
139,228,367
655,872,1527
643,318,961
959,6,965
638,704,1342
68,0,68
901,123,1024
253,209,462
25,852,877
400,56,456
307,414,721
188,839,1027
868,559,1427
627,697,1324
673,631,1304
149,651,290
838,762,1600
174,523,697
559,205,764
296,296,592
982,602,1584
683,281,964
714,819,1533
426,833,1259
28,290,318
577,398,620
34,660,694
672,634,1306
929,928,1857
142,479,621
469,283,324
366,512,878
515,215,730
723,537,1260
64,178,242
360,671,1031
347,470,817
805,143,948
780,674,1454
403,69,472
660,495,1155
483,620,1103
589,725,1314
794,674,1468
132,714,846
978,594,1572
632,849,1481
46,30,76
162,237,399
108,511,619
487,331,818
790,827,1617
814,242,1056
901,178,1079
393,773,1166
944,65,1009
256,117,1535
74,452,526
621,646,1267
945,178,1123
715,460,1175
652,587,1239
200,258,458
695,292,987
759,165,924
541,828,1369
88,596,1965
684,98,782
829,143,972
368,792,1160
559,885,1444
189,698,887
932,745,1677
508,194,702
584,847,1431
360,365,725
572,873,1445
68,449,517
385,894,1279
80,130,210
305,103,408
236,52,288
338,23,361
963,296,1259
257,399,656
69,893,962
991,294,1285
589,247,836
954,625,1579
408,633,1041
714,913,1627
482,959,1441
269,668,692
431,267,698
909,783,1692
209,560,769
337,946,1283
934,899,1833
505,74,579
577,926,1503
855,783,1638
354,72,426
612,757,1369
82,908,990
969,132,1101
42,106,1039
230,665,895
489,310,799
897,994,1891
953,56,1601
830,200,1030
880,388,1268
755,18,773
53,396,449
712,128,840
437,562,999
448,120,568
925,376,1301
351,447,798
243,237,480
10,232,242
770,909,1679
549,581,1642
15,894,909
832,58,890
129,449,578
44,321,365
670,911,1581
299,132,431
490,673,1163
78,78,156
556,210,766
752,832,1584
937,879,1816
730,309,1039
798,564,1362
669,250,919
273,326,599
515,106,621
922,420,1342
636,497,1133
208,933,1141
999,533,1532
759,566,1325
381,742,1123
145,36,181
715,450,1165
464,975,1439
510,856,569
602,393,995
988,86,1074
875,624,1499
19,883,902
454,45,499
388,188,576
545,53,598
32,554,586
959,26,985
772,914,1686
848,929,1777
771,605,1376
28,349,377
636,444,1080
801,746,1547
770,58,828
566,397,963
954,694,1648
960,547,1507
586,736,1322
531,266,797
390,478,868
946,243,1189
15,287,302
973,280,1253
255,789,1044
345,584,929
630,280,910
675,256,931
829,790,1619
127,314,441
328,856,1184
183,454,637
450,9,459
989,367,1356
864,569,1433
59,593,652
283,918,1201
321,976,1297
184,264,448
282,265,547
130,232,362
150,892,1042
50,238,288
39,188,227
881,450,1331
42,566,608
62,974,1036
265,998,1263
694,865,1559
361,553,914
614,240,854
79,519,598
523,79,602
333,584,917
842,697,1539
657,436,1093
146,25,171
807,368,1175
417,918,1335
481,965,1446
636,31,667
45,297,342
933,605,1247
216,827,1043
732,799,1531
802,595,1397
962,220,1182
596,33,629
153,390,543
664,80,744
981,957,1938
578,515,1093
645,561,1206
551,750,1301
899,540,1439
621,483,1104
532,451,983
199,856,1055
932,249,1181
818,786,1604
236,466,702
995,118,1113
455,750,1205
419,370,789
573,517,1090
370,669,1039
235,459,694
235,583,818
128,947,1075
795,931,1726
598,681,1279
266,814,1080
321,120,441
431,517,948
589,506,1095
791,202,993
897,464,247
428,269,697
728,952,1680
103,129,232
853,441,341
74,135,209
542,940,1482
432,362,794
713,570,1283
300,121,421
844,919,1763
623,631,1254
739,46,785
942,363,1305
932,418,1350
758,854,1612
775,488,1263
751,187,938
603,938,1541
521,85,606
7,607,614
690,664,1354
328,449,777
739,602,1341
791,99,890
505,349,1060
918,537,1455
864,950,1814
330,393,723
182,976,1158
833,967,1800
748,215,963
284,588,872
321,101,422
169,121,290
498,449,947
173,295,468
265,620,885
946,237,1183
144,98,242
858,520,1378
28,612,640
982,912,1894
818,199,1704
842,26,868
288,964,1252
436,749,1185
129,850,979
940,112,1052
941,865,1806
910,442,1352
88,885,973
285,749,1034
991,362,1353
762,812,1574
76,334,410
343,282,625
753,525,1278
75,723,798
913,946,205
954,722,1676
325,194,519
676,857,1533
36,971,1007
8,251,259
385,893,1278
689,200,889
155,496,651
751,508,1259
203,650,853
973,528,1501
767,219,137
502,571,1073
727,182,1408
269,628,897
597,240,837
495,543,1038
184,898,1082
237,896,1133
496,501,997
401,612,1013
492,302,794
115,986,1101
773,782,1555
992,457,1449
678,435,1113
475,979,1454
116,355,471
721,131,852
495,860,1355
500,615,1115
240,29,269
519,220,739
801,418,1219
790,330,1120
325,421,746
452,435,887
934,55,989
745,224,969
838,46,884
419,226,645
170,548,718
640,112,752
628,625,1253
619,552,1479
21,821,842
799,721,1520
361,785,1146
64,670,431
370,548,918
160,858,1018
880,735,1615
820,165,985
339,423,762
750,254,1004
36,865,1925
539,104,643
810,496,579
308,24,332
790,704,1494
278,767,1045
802,386,1188
134,837,971
276,882,1158
75,516,591
780,750,1530
15,760,775
619,941,1560
753,602,1355
198,851,1049
319,803,1122
524,761,561
469,207,676
992,671,1663
385,298,683
227,990,1217
285,494,779
719,546,1265
391,17,408
745,403,1148
781,559,1340
463,229,692
25,406,431
457,378,835
111,658,769
147,829,976
85,97,182
212,885,1097
607,255,862
412,631,1043
535,740,1275
778,238,1016
505,258,763
758,345,1103
37,329,366
613,416,1029
274,706,980
575,813,1388
511,320,831
241,329,570
494,526,1020
757,750,1507
107,435,542
384,130,514
165,532,697
170,202,372
995,116,868
507,174,681
537,498,1035
895,560,1455
9,303,312
301,737,1038
692,277,969
629,910,1539
665,169,834
535,701,1236
628,974,1602
531,619,1150
473,215,688
949,764,1713
872,950,1822
536,732,1268
10,325,335
153,481,634
1000,5,1005
192,204,396
550,469,1019
62,639,701
160,68,228
572,904,1476
643,14,657
281,291,572
888,436,1324
313,376,689
412,956,1368
554,656,1210
79,606,685
748,221,969
269,577,846
816,534,1350
784,392,1176
790,873,1663
283,989,1272
892,630,1522
484,214,698
802,237,1039
93,951,1044
150,146,296
895,0,895
917,993,1910
523,826,1349
680,483,1163
512,778,1290
573,402,975
394,723,1117
319,858,1177
543,80,623
862,219,1081
968,648,1616
728,146,874
573,452,1025
807,256,1063
571,921,1492
356,182,748
875,477,1352
354,745,1099
631,573,1204
942,961,1903
383,183,566
10,200,210
538,199,635
336,96,432
937,259,1196
13,621,634
662,281,943
407,44,451
721,259,980
58,994,1052
31,883,914
482,622,1104
502,177,679
895,663,1558
826,106,59
627,915,1542
722,753,1475
871,134,1005
854,866,1720
454,652,1106
321,99,420
284,873,1157
628,755,1714
688,868,1556
919,726,1645
600,739,1339
528,14,542
412,426,838
685,62,747
844,779,1623
746,273,1019
454,45,499
203,705,908
177,650,827
857,963,560
574,359,933
477,581,1058
88,579,667
90,119,209
186,747,933
325,605,930
20,785,805
10,222,232
471,83,554
965,252,1217
697,657,1354
885,195,1080
755,135,890
388,722,1110
285,143,428
423,231,654
279,904,1183
302,265,567
270,94,364
592,372,964
657,535,1192
646,703,1349
37,972,1009
394,159,553
215,719,934
661,830,1491
295,212,507
991,515,1506
760,813,1573
525,791,1316
223,478,701
944,118,1062
646,190,836
478,600,1078
577,386,963
922,34,956
107,644,751
922,8,930
486,342,828
924,102,1026
366,313,679
559,190,749
449,828,1277
607,589,1196
748,408,1156
249,258,507
615,345,960
410,307,1902
898,239,1137
922,949,1871
431,436,867
976,591,1567
29,167,196
944,307,1251
988,714,1702
203,974,1177
769,142,911
341,807,1148
993,92,1085
784,144,928
469,405,874
0,674,674
904,176,1080
82,189,271
208,447,655
250,157,407
865,794,1659
488,163,651
482,563,1045
715,217,932
684,385,1069
723,248,971
98,396,494
781,957,1738
791,334,1125
839,690,1529
434,611,1045
73,355,428
758,993,1751
227,906,1133
786,240,1026
348,513,861
625,613,1238
936,79,1015
141,511,652
216,309,525
347,393,740
435,154,589
396,691,1087
35,267,302
431,183,614
698,529,1227
476,825,1301
702,750,1452
883,414,1297
12,164,176
588,519,1107
465,11,476
982,686,1668
789,55,844
264,759,1023
618,826,1444
461,514,975
484,729,1213
547,995,1542
804,183,987
544,777,1321
690,81,771
345,970,1315
604,264,868
832,629,1461
465,445,576
40,124,164
471,375,846
613,702,1315
435,345,780
785,838,547
183,300,483
17,457,474
651,36,687
365,749,1512
405,254,659
547,96,643
148,648,796
914,281,1195
469,705,1174
940,845,1785
954,750,1704
582,469,668
381,39,420
1000,741,1741
903,103,1006
742,80,822
652,767,1419
410,22,432
764,263,1027
760,904,1664
934,443,1377
812,196,1008
310,630,940
874,812,1686
818,50,868
484,220,704
447,281,728
796,190,986
687,46,733
931,185,1116
279,5,284
19,800,819
132,281,413
613,809,1422
325,99,424
18,726,744
65,626,691
729,623,1352
602,430,1032
336,554,890
952,571,697
327,354,681
155,473,628
510,215,725
174,689,863
412,33,445
585,990,1575
498,574,1072
85,212,297
542,378,920
768,322,1090
478,30,508
598,170,768
578,441,1019
783,23,806
290,569,859
240,384,624
134,387,521
870,126,996
223,216,439
584,296,880
162,785,947
752,410,1162
360,769,1129
922,613,1535
788,371,1159
680,905,1585
648,780,1428
514,548,1062
230,879,1109
774,475,1249
946,460,1406
894,181,1075
3,545,548
781,475,1256
699,929,1628
594,668,1262
428,420,848
29,633,662
624,634,1258
82,613,695
418,968,1248
255,170,425
483,700,1183
379,23,402
904,808,1712
565,523,1088
870,935,1805
377,740,1117
179,483,662
943,204,1147
300,66,366
211,591,802
250,700,950
247,815,1062
472,512,984
822,618,1440
893,942,1835
250,473,723
71,7,78
698,693,1391
532,481,1013
72,801,873
266,904,1170
123,732,855
662,546,1208
449,492,941
61,299,360
848,842,1690
40,372,412
949,523,1472
450,438,888
106,149,255
776,845,1621
810,114,924
375,422,797
145,934,1079
494,215,709
337,657,994
469,920,1389
770,250,1020
350,302,652
338,806,1144
264,581,845
36,779,815
534,295,1802
379,577,956
298,314,612
162,581,743
486,730,1216
301,158,459
711,131,842
299,879,1178
652,233,433
597,310,907
12,265,277
520,763,1283
529,415,944
921,174,1095
659,159,818
513,321,834
387,886,1273
663,173,836
493,179,672
388,14,402
66,350,416
211,229,440
623,796,1419
122,665,787
510,470,980
653,928,1528
866,838,1704
536,919,1455
207,372,579
408,641,1049
337,519,856
566,984,1550
759,550,1309
993,817,1810
580,535,1115
262,816,1078
706,958,1664
250,233,483
467,181,1247
272,565,837
760,194,954
939,65,1004
135,535,670
212,233,445
779,595,1374
100,549,649
52,326,378
74,201,275
452,85,537
102,555,657
612,498,1110
9,595,604
926,114,1040
453,796,1249
603,825,1428
773,467,1240
257,772,1029
277,504,781
336,519,855
290,974,1264
270,888,1158
349,281,630
515,316,831
114,1000,1114
186,499,1829
997,521,1518
167,183,350
442,689,1131
947,882,1829
653,703,1356
187,198,385
781,237,1018
513,312,825
543,483,1026
307,949,1256
584,688,1272
160,196,356
804,175,979
624,678,1302
979,528,1507
669,609,1278
798,743,1541
955,269,1224
876,854,1730
148,313,461
362,849,1211
460,315,775
402,780,1182
780,962,1742
991,418,1409
824,143,967
785,280,1442
207,213,420
262,301,563
24,329,353
391,333,724
756,204,960
632,515,1147
280,109,389
164,333,497
964,738,1702
974,994,1968
799,675,1474
982,930,1912
255,286,541
600,384,984
57,654,711
550,378,928
291,113,404
901,767,1668
1000,793,1793
844,155,999
603,306,909
575,90,665
335,586,921
676,266,942
836,298,1134
143,790,933
891,804,1695
756,321,1077
369,926,1295
765,905,1670
328,479,807
370,341,711
994,720,1714
618,765,1383
143,122,265
437,405,842
817,49,866
61,934,995
382,16,398
32,982,1014
817,334,1151
503,289,792
649,68,717
578,94,672
799,115,914
817,525,1342
89,587,676
624,665,1289
769,74,843
441,837,1278
462,910,1372
756,155,911
74,186,260
347,464,811
709,757,1466
442,910,1177
300,6,306
399,19,660
437,154,591
228,598,826
334,545,879
681,205,886
588,947,1535
901,732,1633
156,193,349
211,315,526
26,546,572
864,40,904
553,356,909
335,891,1226
235,673,908
310,167,477
277,238,515
222,790,1012
140,898,1038
450,126,576
384,26,410
761,874,1635
389,50,439
408,203,611
389,604,993
95,992,1087
935,592,1527
124,166,290
123,963,1086
619,366,985
324,425,749
92,818,910
489,261,750
967,467,778
822,430,1252
878,102,980
968,317,1285
444,968,1412
307,234,541
86,666,752
399,896,1295
974,987,1961
662,918,1580
144,867,1011
578,9,587
159,143,302
780,39,819
821,214,1035
676,300,976
424,843,1267
176,178,354
988,155,1143
829,684,1513
900,947,1847
166,30,196
313,413,726
930,861,1791
328,29,357
339,29,368
35,752,787
935,417,772
780,612,1392
173,161,334
357,918,1275
429,67,496
487,475,962
876,919,1795
137,877,1014
652,0,652
480,921,1401
131,330,461
374,979,1353
733,98,831
766,851,1617
200,128,328
132,824,956
230,675,905
97,734,831
908,629,1537
231,256,487
675,308,983
997,473,1470
532,529,1061
904,273,1177
134,335,469
677,148,825
957,871,1855
818,394,1212
813,202,1015
14,146,160
855,813,1668
406,330,984
495,878,1373
643,890,1533
591,415,1006
219,464,683
558,450,1008
286,671,957
946,345,1291
913,190,1103
826,892,1718
562,467,1029
684,876,1560
531,269,800
374,436,810
987,556,1543
232,998,1230
113,123,236
302,129,431
314,463,777
962,84,1046
995,516,1511
839,963,1802
523,199,722
696,227,923
203,751,954
538,615,1153
576,880,1456
48,819,867
552,235,787
543,170,713
102,696,798
649,879,1528
863,952,1815
155,553,708
624,434,1058
285,50,335
971,410,1381
922,534,1456
915,487,1402
139,738,877
0,76,76
569,684,1253
945,751,1696
982,68,1050
420,143,563
842,164,1006
826,999,1825
248,400,648
661,429,1090
198,254,452
72,231,303
282,143,425
126,743,869
967,688,1655
454,145,599
778,335,240
533,318,851
790,643,1433
237,676,913
841,127,968
624,465,1089
901,772,1673
349,896,1245
41,390,431
261,115,376
436,599,1035
726,708,1434
498,776,1274
535,105,640
749,617,1366
885,371,1256
870,680,1550
718,986,1704
58,653,711
788,286,1074
750,282,1032
655,520,1175
682,856,1538
365,85,1460
825,497,1322
506,226,732
681,272,953
799,846,1645
574,621,1195
384,621,1005
947,683,1630
616,110,726
812,658,1470
589,97,686
782,244,1026
688,726,1414
431,834,1265
762,40,802
807,450,1257
587,884,1471
962,408,1370
643,762,1405
685,929,1161
185,24,209
336,101,437
422,821,935
869,912,1781
838,699,1537
996,988,1984
456,802,938
715,650,1365
812,164,976
789,884,1673
329,758,1087
356,799,1155
864,511,1375
341,360,701
757,824,1581
233,324,557
103,936,1039
654,415,1069
509,654,1163
391,207,598
724,497,1221
825,448,1273
772,163,935
330,16,346
595,317,912
717,657,1374
774,573,1347
407,633,1040
203,95,298
612,936,1548
414,872,1286
733,348,1081
406,136,542
106,865,971
834,897,1731
300,628,928
84,331,415
453,845,1122
158,683,841
26,506,532
711,224,935
231,450,681
221,148,499
987,21,1008
494,858,1352
569,564,1133
196,422,618
531,594,1125
589,909,1498
396,764,1160
815,372,1187
269,441,710
921,947,1868
327,553,880
981,709,1690
880,847,1727
252,814,1066
131,98,229
803,519,1322
548,321,869
846,618,1464
356,734,1090
999,567,1566
229,476,705
856,54,910
448,509,957
66,976,1042
22,573,595
665,58,723
488,888,1376
65,698,763
977,736,1713
258,970,1228
28,730,758
441,721,1162
136,405,541
462,317,779
690,311,1001
583,817,1400
968,416,1384
552,697,1249
883,6,889
54,729,783
601,122,723
72,628,700
423,747,1170
199,254,453
792,777,1569
855,185,1902
506,746,1252
91,96,187
587,717,1304
396,824,1220
713,485,1198
351,187,538
363,181,544
900,258,1158
188,266,454
232,359,591
648,83,731
769,96,865
20,900,920
570,60,630
97,172,1083
12,4,16
313,28,341
581,576,1157
71,978,1049
651,635,1286
548,223,771
99,893,992
158,614,772
181,912,1093
866,900,1766
519,152,671
455,31,486
957,550,1507
812,963,1775
956,319,1275
110,357,467
604,530,1134
102,509,611
158,627,785
960,465,1425
561,851,1412
458,966,1424
567,67,634
374,144,518
837,502,1339
413,42,455
938,943,1881
863,931,1794
772,859,1631
868,532,1400
670,328,998
576,588,1164
534,403,937
658,205,863
138,458,596
299,966,1265
413,445,858
502,24,526
329,574,903
398,313,711
805,789,1594
700,715,1415
851,42,893
91,314,405
765,921,1686
177,656,833
49,547,1979
310,394,704
987,550,1537
845,700,1545
756,520,1276
182,520,702
715,45,760
101,468,569
913,226,1139
74,731,805
211,584,795
15,46,61
210,921,1131
946,297,492
675,833,1508
338,181,519
846,233,1079
857,411,290
613,252,865
264,903,1167
696,584,1280
923,641,1564
962,899,1861
935,279,1214
10,425,435
386,284,670
194,836,1030
259,614,1418
404,42,446
459,131,590
228,72,300
118,162,280
500,68,568
335,171,506
262,978,1240
952,711,1663
549,293,842
583,267,850
122,404,526
905,206,1111
568,866,1434
130,530,660
480,490,970
234,38,272
188,85,273
825,69,894
630,379,1009
146,452,598
42,678,720
785,997,1782
215,742,957
582,14,596
349,880,1229
943,179,1122
205,923,1128
400,389,789
298,517,815
188,642,830
673,738,1411
892,451,1343
251,616,867
570,164,734
987,325,1312
701,66,767
547,17,564
173,741,914
379,39,418
106,700,806
390,3,393
833,396,1229
122,877,999
643,36,679
75,20,95
932,487,1419
660,395,1055
630,396,1026
766,243,1009
627,256,883
651,465,1116
920,156,1076
900,368,1268
293,652,945
986,990,1976
263,903,1166
757,21,778
307,147,840
727,900,1627
232,411,643
641,361,1002
415,431,846
471,751,1222
975,397,1372
345,333,678
136,740,876
251,222,473
582,199,781
746,675,1421
372,921,1293
883,782,1665
383,659,1042
402,144,546
555,667,1222
926,852,1778
890,638,1528
204,222,426
911,160,1071
959,529,1488
965,453,422
395,581,976
279,763,1042
787,159,946
588,800,1388
154,421,575
251,888,1139
780,953,1733
625,955,1580
543,752,1295
36,692,728
66,87,1884
882,890,1772
873,92,965
923,365,1288
154,980,1134
860,67,927
931,323,1254
848,457,1305
720,179,899
103,821,924
922,901,1823
425,121,546
633,419,1052
565,643,1208
287,706,993
255,999,1254
968,150,1118
99,773,1802
390,484,874
174,785,1409
837,371,1208
598,585,1183
915,20,935
969,687,1656
906,347,1253
907,378,1285
138,639,777
403,938,1341
957,809,1766
201,984,1185
299,728,1027
805,85,890
818,506,1824
604,427,1031
373,871,1244
525,286,811
925,937,652
927,170,1097
244,717,961
459,443,902
279,767,1046
672,469,1141
340,564,1785
948,639,1174
19,309,328
926,481,1407
36,711,747
713,384,1097
822,524,1346
802,434,1236
350,135,485
736,267,1003
500,288,788
935,460,1395
86,824,910
326,882,1208
116,23,139
825,780,1605
76,181,257
157,585,742
797,89,886
9,740,1652
349,891,1240
72,159,231
988,892,1880
646,894,1540
680,108,788
57,721,778
940,763,1703
190,93,283
93,3,96
702,238,940
734,81,815
640,542,1182
837,202,1039
507,619,1126
480,294,774
606,885,1491
453,189,642
81,180,261
269,147,416
589,996,1585
126,719,845
192,191,383
774,233,1007
650,856,1506
615,422,1037
292,223,515
844,353,1197
543,7,550
991,699,1690
772,165,937
64,505,569
750,61,811
837,440,1277
782,920,1702
12,1000,1012
90,326,416
938,936,1874
697,620,1317
67,582,649
859,326,1185
760,830,1590
511,307,818
320,559,879
194,233,427
43,707,750
476,901,1377
945,815,1760
995,412,1407
920,475,1395
145,755,900
429,972,285
807,324,1131
891,647,1538
374,14,388
837,677,1514
154,607,761
222,97,967
153,277,430
22,509,531
310,849,1159
562,284,846
498,621,1119
443,445,888
163,499,662
61,361,422
68,975,1043
488,622,1110
240,531,771
822,221,1043
13,979,992
162,346,508
700,633,1333
124,613,737
288,349,637
826,705,1531
378,578,956
64,18,82
427,252,679
334,704,1038
892,924,1816
937,923,1860
805,287,1092
591,812,1403
199,923,1122
329,800,1129
994,933,1927
607,624,1231
839,255,1094
481,911,1046
901,97,998
151,638,789
541,502,1043
922,912,1834
745,272,1017
398,796,1194
788,282,1070
372,868,1240
485,252,737
3,335,338
635,494,1129
802,279,1081
496,321,817
549,204,753
661,192,853
611,619,1230
751,62,813
199,536,735
289,254,543
433,717,1150
11,305,316
147,303,1334
659,780,1439
377,476,853
151,457,608
568,160,728
776,321,1097
280,466,746
723,621,1344
166,600,766
979,17,996
888,334,1222
377,145,522
737,384,1121
643,444,1087
405,182,587
856,778,579
331,579,910
40,904,944
740,734,1474
508,65,573
143,155,298
167,962,1129
94,772,866
365,346,711
351,768,1119
410,558,968
426,657,1083
711,158,869
91,833,924
162,118,280
889,267,1156
57,660,717
24,53,77
714,230,944
43,224,267
972,156,1128
140,512,652
396,774,1170
405,19,424
296,504,1463
713,424,1137
41,204,245
213,235,448
7,357,364
595,902,1497
920,848,1768
217,155,372
937,642,1579
288,272,560
523,397,920
206,772,978
342,200,542
266,402,668
292,462,1235
990,667,1657
788,415,1203
115,42,157
109,760,869
210,204,414
753,765,1518
706,690,1396
607,837,1444
474,55,529
235,580,815
863,258,1121
24,317,1698
185,881,1066
511,969,1480
737,335,1072
400,616,1016
942,503,1445
611,292,903
683,877,1560
79,631,710
0,873,102
877,11,888
952,0,952
390,746,1136
163,99,262
220,661,881
433,759,1192
77,286,363
22,304,326
920,122,1042
269,467,736
908,819,1727
123,941,1064
975,698,1673
901,953,1854
178,14,192
742,240,982
907,593,1500
279,276,1153
491,64,555
156,220,376
694,386,1018
442,850,1292
179,996,1837
45,672,717
788,897,1685
288,736,1024
821,273,556
986,892,1878
706,458,1164
665,45,710
855,877,1732
974,719,1693
237,732,969
48,293,341
612,376,988
483,557,1040
674,923,1597
564,553,1117
752,654,1406
178,594,772
478,355,833
151,833,984
910,506,1416
417,368,785
88,616,704
140,340,480
660,477,1137
552,882,1434
911,43,954
940,880,1820
148,613,761
647,851,1498
871,817,1688
1000,835,1835
844,709,1553
843,429,1272
513,557,212
589,4,593
563,680,1243
757,232,989
806,342,1148
333,749,1082
382,561,943
535,672,1207
224,590,814
417,704,1121
108,231,339
464,159,623
916,771,1687
0,914,914
516,819,1335
147,937,1084
972,313,1285
415,310,725
554,653,1207
834,195,63
302,123,425
847,794,1641
68,259,327
121,432,553
677,412,1223
307,351,658
213,311,524
603,941,1544
629,607,1006
1000,32,1032
359,31,390
484,881,1365
770,551,1321
432,705,1137
901,359,1260
701,502,1203
389,39,428
777,927,1704
258,556,814
251,741,992
646,944,1590
388,767,1155
618,480,634
565,795,1360
462,221,683
97,10,107
607,883,1490
28,957,985
70,514,584
281,713,994
820,947,1767
741,49,790
120,714,834
178,923,1101
874,166,1231
339,436,775
158,991,1149
203,493,696
5,396,401
826,669,1495
791,385,374
228,348,576
597,865,1462
730,455,1185
970,933,1903
168,142,310
969,619,1588
448,508,956
715,440,1075
919,710,1629
556,108,664
34,285,319
718,432,1150
89,269,358
680,366,1046
519,941,1460
950,896,1846
24,165,189
191,680,871
675,559,1234
269,489,758
808,672,1480
423,118,541
237,207,444
136,764,900
11,380,391
807,12,819
681,272,953
9,310,319
140,327,467
881,491,1372
193,679,872
490,219,709
397,566,963
554,879,1433
149,683,832
522,148,670
69,489,558
74,579,653
641,771,1412
640,370,1010
847,268,1115
770,442,656
799,404,1375
743,953,1696
460,620,1080
230,766,996
490,629,1119
521,910,1431
892,773,1665
247,613,860
509,791,1300
614,31,645
575,86,661
795,149,944
40,378,418
287,475,762
939,349,1288
548,619,1167
315,875,1190
523,499,1022
892,859,1751
711,573,1284
619,613,1232
587,140,727
93,708,801
350,545,895
646,64,710
274,956,1230
295,608,903
320,949,1269
928,245,1173
356,995,1351
845,343,1188
421,285,706
434,685,1119
786,627,1413
142,821,963
302,194,496
370,729,1099
328,209,537
595,532,1127
741,740,1481
653,252,905
808,648,1456
187,908,1095
508,383,891
495,734,1229
581,470,1051
149,260,409
258,127,385
832,563,1395
3,68,71
956,260,1216
465,957,1422
597,840,1437
581,430,1011
52,437,489
501,609,1110
447,396,843
143,185,328
778,820,1598
42,867,909
110,561,671
130,802,932
760,703,1463
40,912,952
61,10,71
1000,639,1639
291,440,731
225,633,858
769,273,1042
362,860,1222
23,566,589
780,225,1005
989,844,1833
554,631,328
93,584,677
997,276,1273
127,97,224
416,226,642
624,169,793
939,225,1164
3,244,247
445,593,1038
869,395,1264
237,102,339
418,729,1147
153,756,909
871,629,1500
23,554,577
210,902,1112
447,808,1255
350,329,1039
630,397,1027
621,210,831
720,79,799
715,699,1414
806,413,1219
321,361,682
254,732,986
236,388,624
480,983,1915
576,249,825
66,463,529
22,398,420
368,390,893
741,456,1197
91,447,538
234,275,509
266,490,756
224,874,1098
529,613,1142
200,866,781
373,49,422
92,724,816
94,630,724
51,256,307
954,261,1215
300,145,445
285,891,1176
234,419,653
533,68,601
94,635,729
670,801,1471
976,887,1863
180,295,475
964,433,1397
241,17,258
200,617,817
68,791,859
836,801,1637
127,797,924
779,377,1156
156,546,702
251,805,1751
175,784,959
832,21,853
916,58,974
171,49,220
866,135,1001
623,854,1477
801,285,1086
465,179,644
730,254,984
620,772,772
139,0,139
541,818,1359
772,404,1176
743,413,1156
477,985,1462
532,362,894
591,735,1326
414,769,1183
959,417,1376
878,511,1389
37,211,248
376,862,1238
618,925,1543
384,306,690
322,498,820
16,220,236
653,768,1421
885,604,1489
767,143,910
309,405,714
16,922,938
449,258,707
477,729,1206
903,209,1112
425,982,1407
970,149,1119
944,103,1047
54,358,412
395,908,1303
443,79,522
363,840,1203
488,41,529
889,867,1756
360,339,699
944,518,1462
103,149,252
575,276,851
521,223,744
380,24,404
342,817,1159
355,636,991
376,52,428
599,126,725
776,499,1275
526,37,563
561,746,1307
518,68,586
157,955,1112
338,676,1014
749,739,1488
147,145,292
201,95,296
282,403,685
45,310,272
199,428,627
427,818,1245
155,437,592
261,938,1199
67,167,234
271,744,1015
67,224,291
169,947,1116
116,81,197
831,920,1751
745,381,1126
978,979,1957
571,561,1132
833,759,1592
680,334,1014
683,698,1381
603,532,1135
825,608,1433
251,231,482
444,494,938
962,521,1483
996,741,1737
52,974,1026
820,883,1703
843,151,994
864,802,1666
979,254,1233
156,948,1104
555,517,1072
760,409,1169
339,306,645
166,638,804
950,678,1628
321,948,1269
446,415,861
157,424,581
31,341,372
121,315,436
900,503,1403
405,602,1007
440,869,1309
249,625,874
344,163,507
607,385,992
103,84,187
755,8,763
438,504,942
956,993,1949
714,663,1377
52,2,54
33,136,169
863,375,1238
940,846,1786
682,585,1267
169,914,1083
102,39,141
84,40,124
841,944,1785
174,918,1092
502,110,612
298,630,928
73,851,924
141,66,207
872,266,1138
794,716,1510
508,621,1129
290,32,322
346,680,1026
484,829,1313
974,521,1495
669,722,1391
428,826,1254
813,867,1680
334,215,549
152,720,872
81,60,141
120,151,271
459,129,588
75,289,364
704,327,1031
735,493,1228
125,952,1077
965,687,1652
601,309,910
214,917,1131
34,372,406
196,353,549
32,861,893
258,398,656
509,474,983
407,802,1209
331,460,791
334,763,1097
432,674,1106
937,769,1706
716,188,1604
168,977,1145
95,498,593
342,151,287
245,525,770
980,284,1264
738,184,922
789,9,798
728,351,1079
381,345,988
790,844,1634
206,216,422
696,674,1370
761,517,1278
400,910,1310
604,627,1231
201,445,646
748,819,1974
736,605,1341
551,773,1324
291,340,1206
642,988,1630
485,849,1334
951,474,1425
623,585,1208
322,854,1176
460,271,731
667,872,469
684,926,1610
404,271,469
41,227,268
460,244,704
440,48,488
821,822,1643
833,921,1754
426,16,442
975,750,1725
655,806,1461
614,679,1293
594,218,812
565,294,859
875,240,1115
398,574,972
181,558,739
14,701,715
336,662,998
491,21,512
953,767,1720
173,673,846
263,425,688
436,208,644
370,99,469
295,316,611
708,561,1269
78,159,237
873,959,490
67,797,864
776,967,1743
183,116,299
345,124,469
855,798,1653
523,125,648
629,284,913
364,807,1171
180,397,577
558,967,1525
18,932,950
823,992,1815
88,64,152
350,164,514
706,547,1253
946,775,1721
30,348,378
811,774,1585
826,524,1350
412,217,629
635,652,1287
600,765,1365
999,762,1761
672,956,1628
506,570,1076
396,329,725
203,921,927
192,3,195
17,680,697
664,346,1010
857,7,864
882,474,1356
863,98,961
574,784,1358
139,484,623
564,743,1307
122,639,761
805,855,1660
251,319,570
435,300,218
56,961,1017
987,140,1127
835,388,1223
287,348,635
76,998,1074
76,510,586
307,416,583
335,189,524
890,140,1030
617,613,1230
371,116,487
270,786,1056
909,126,1035
217,596,813
237,50,287
861,778,1639
554,934,1488
831,729,1560
591,891,1482
304,928,1232
304,102,406
770,953,1881
899,430,1329
341,275,616
140,70,210
967,602,1825
488,43,531
369,415,784
270,162,432
574,916,1490
83,342,425
664,940,1604
887,106,993
17,481,498
725,129,854
980,841,1821
521,244,765
5,697,702
279,590,869
794,862,1656
560,243,803
216,627,843
197,844,1041
352,139,491
604,421,1025
294,275,569
876,910,1786
430,261,691
509,1,510
415,604,1019
259,707,966
188,833,1021
122,990,1112
135,728,511
762,47,809
700,404,1104
223,283,506
588,2,590
734,113,847
14,423,437
211,457,668
741,663,1404
889,377,1266
420,387,807
696,281,977
206,878,1084
211,398,609
890,681,1571
678,248,926
971,280,1251
258,3,261
162,62,224
853,61,914
536,296,832
113,902,1015
290,286,576
787,14,801
780,542,1322
465,356,821
229,460,689
884,282,1166
986,399,1385
491,225,716
136,17,153
660,497,1157
971,564,1535
956,148,1104
738,379,1117
706,101,807
674,528,1202
764,413,1161
980,906,1886
920,289,1209
250,775,1025
953,569,1522
588,818,1406
943,187,1130
1000,541,1963
20,335,355
788,567,1355
349,1,350
191,111,302
738,782,1520
712,823,1535
204,643,847
862,983,1845
577,365,942
483,639,1122
250,332,688
365,482,847
545,341,886
441,980,1421
706,78,784
917,140,1057
887,44,931
422,547,969
74,105,179
999,561,1560
138,226,364
223,379,602
262,11,273
418,123,541
658,602,1260
914,214,1128
945,242,1187
95,824,919
612,549,1161
960,779,1739
487,705,1192
171,673,844
746,6,752
501,836,1337
814,421,1235
102,90,192
234,947,1181
0,437,437
957,365,1322
569,712,1281
756,99,855
585,21,606
197,176,373
239,755,367
200,847,1047
135,302,437
677,460,1137
137,32,169
934,741,1675
642,774,1416
306,854,1160
157,704,861
922,162,1084
7,175,182
545,179,724
914,430,1344
782,161,943
157,425,582
234,716,950
272,730,1002
568,905,1473
972,922,1894
920,984,1904
337,907,1244
848,608,1456
580,220,800
435,176,611
813,455,1268
266,620,886
751,817,1568
20,200,220
384,791,1175
949,93,1042
118,815,933
922,55,977
717,546,1263
115,573,688
931,665,1596
755,836,1591
530,184,714
237,818,1055
929,51,980
621,556,1177
247,551,798
347,537,884
265,267,532
139,847,986
437,502,939
210,143,353
225,715,940
530,151,681
73,432,505
559,82,641
329,471,800
282,867,1149
33,783,55
793,680,1473
883,829,1712
85,330,415
760,827,1587
83,84,167
492,975,1467
449,802,1251
663,380,1043
645,766,1411
26,736,762
361,320,681
117,813,930
661,296,957
267,163,430
832,151,983
590,552,1142
502,534,1036
78,154,232
781,295,1076
807,43,850
480,41,521
478,26,100
2,677,679
251,386,637
349,90,439
528,281,809
414,386,800
241,422,663
275,523,798
329,378,707
374,317,691
803,590,1393
42,565,607
640,481,1121
212,246,458
876,628,1504
632,363,995
17,790,807
651,975,1626
946,538,1484
66,62,128
48,950,998
401,258,659
127,911,1038
541,756,1281
750,264,1014
659,181,840
485,510,995
254,528,782
735,782,1517
663,65,728
248,158,406
144,713,857
694,302,996
534,585,1119
682,748,1430
304,162,1801
429,774,1203
377,739,1116
541,441,982
317,983,1300
84,473,557
841,399,1240
646,399,1045
968,768,1736
297,887,1184
191,412,603
738,691,1429
556,699,1255
196,982,1178
746,23,769
481,386,867
811,286,1097
525,589,1114
543,517,1060
23,790,813
111,377,488
714,512,1226
850,282,1132
995,137,1132
851,713,1564
704,348,1406
654,58,712
298,244,542
221,213,434
843,363,1206
538,263,801
904,725,1629
745,227,972
825,104,929
728,614,1342
477,738,1215
126,557,1998
203,246,449
646,695,1341
221,137,358
330,231,832
875,35,910
979,85,1064
626,779,1405
776,984,1760
398,97,495
512,878,1390
565,737,1302
913,8,378
213,840,1660
30,600,630
797,424,1221
130,857,987
946,13,959
386,341,727
719,509,1228
290,842,1132
122,983,1105
425,938,1271
696,218,914
624,811,1435
907,59,966
618,72,690
891,538,1429
588,293,881
299,231,530
542,488,1030
27,600,627
417,199,616
740,161,901
621,616,1237
75,245,320
343,345,688
94,261,355
712,763,1475
301,133,434
417,963,1380
849,375,1224
796,811,1607
504,958,1462
445,989,1434
47,531,578
119,764,883
799,866,86
966,197,1163
56,532,588
369,399,768
622,90,712
781,27,808
701,466,1167
962,763,1725
975,179,1154
260,919,1179
53,837,890
563,187,750
111,497,608
496,434,930
659,924,1583
215,537,752
297,767,1064
118,247,365
567,5,572
458,798,1256
305,243,548
683,934,1617
915,541,1456
47,217,264
383,629,1012
54,104,158
462,707,1169
620,841,754
578,594,1172
822,296,1118
186,957,927
261,596,857
412,774,1186
586,638,1224
430,785,1215
827,384,1211
672,303,975
657,619,1276
763,747,1510
779,874,1653
910,534,1444
548,802,1350
393,652,1045
254,150,404
105,301,1024
908,317,1225
811,998,1809
976,179,1155
110,189,299
826,839,1665
799,144,943
440,413,853
983,960,1943
637,716,1142
484,158,642
120,468,588
995,913,905
178,767,945
575,965,1540
233,532,765
333,686,1019
929,370,1299
920,972,1892
673,918,1591
17,856,873
291,847,705
983,417,1400
120,145,265
579,624,1203
30,562,592
802,150,952
781,367,1148
150,444,594
95,802,897
586,387,973
645,74,719
221,15,236
828,436,1264
850,702,1552
784,194,978
321,585,906
945,768,1713
863,196,1059
408,554,962
601,815,1416
870,521,1391
920,41,961
852,982,1834
770,229,1367
872,526,1398
400,929,1329
64,56,120
781,396,1177
76,83,159
833,626,1459
992,843,1835
49,968,1017
540,57,597
285,82,367
621,74,695
329,55,384
792,181,973
534,200,734
972,453,1425
642,147,789
377,225,602
276,17,293
451,453,904
400,166,566
965,459,1424
743,412,1155
421,687,1108
140,352,1635
94,763,857
742,640,1382
944,393,1337
164,578,742
616,68,684
269,23,292
536,690,1226
68,993,1061
207,464,671
959,135,1094
321,366,687
175,207,382
984,410,1394
557,949,1506
10,209,219
920,929,1849
104,80,184
0,388,388
768,432,1200
525,685,1210
478,507,985
999,353,1352
194,223,417
912,683,1595
314,270,584
743,984,1727
592,330,1769
405,301,706
996,837,1833
282,291,573
242,462,704
256,851,1107
481,547,1028
145,926,1071
809,511,1320
174,937,1111
14,853,867
94,899,993
840,603,1443
186,104,290
267,531,798
429,175,604
348,752,1100
803,748,1551
448,239,687
887,846,1733
842,552,1394
117,868,985
556,697,1253
418,29,447
586,768,1354
756,23,779
719,602,1321
651,438,1089
949,121,1070
716,62,778
960,508,1468
414,530,944
150,880,1030
373,782,1107
147,86,233
175,184,359
357,335,692
88,402,490
675,374,686
552,458,1010
703,271,974
153,750,903
666,788,1454
74,584,658
581,407,988
773,608,1381
570,604,1174
698,274,972
638,623,1261
802,559,1361
975,162,1137
940,38,978
817,34,851
708,747,1455
861,555,1416
736,612,1348
256,519,775
663,133,796
620,345,965
624,524,1148
67,662,729
355,462,817
519,468,987
769,934,1341
451,93,544
183,240,423
411,458,869
200,552,752
672,191,1260
462,281,743
79,986,1065
736,642,1378
472,506,978
504,393,897
877,638,1515
446,517,963
865,157,1022
132,327,459
200,505,705
39,809,848
325,697,1022
408,658,1066
640,811,1451
53,712,765
30,679,709
369,773,1142
390,745,1135
702,467,1169
31,689,720
286,921,1207
797,764,1561
383,274,657
956,536,1492
607,403,1010
361,846,1207
301,190,491
649,974,1623
545,757,1302
275,808,1083
887,227,1114
199,559,758
945,586,1531
348,414,762
81,700,781
335,191,526
345,739,1084
494,182,676
351,398,749
589,175,764
603,226,829
227,351,578
800,702,1502
228,881,1109
516,108,624
400,378,778
974,661,1635
269,979,1248
870,572,1442
624,328,952
791,696,1487
267,229,627
643,638,1281
691,915,1606
590,76,666
115,935,1050
495,168,1068
853,721,1574
241,275,516
88,858,946
403,314,717
300,464,764
847,335,1182
221,746,967
634,907,1541
429,487,916
973,537,1510
817,436,1253
324,46,1271
272,975,1247
713,885,1598
111,290,401
811,89,724
181,467,648
541,970,1511
712,605,1317
574,61,635
854,134,988
6,278,284
240,864,1104
571,877,1448
411,166,577
957,338,1295
934,828,1762
426,59,485
884,791,1675
425,811,1236
551,452,1003
883,171,1054
723,345,1068
758,914,1672
554,647,1201
602,432,1034
815,887,1702
729,861,1590
182,514,696
980,629,1609
990,84,1074
438,340,1909
871,6,877
43,159,202
381,654,1035
662,899,1561
981,242,1223
898,845,1743
846,118,964
889,324,1213
5,331,336
34,534,568
648,435,1083
186,698,884
310,291,601
537,631,1168
600,634,1234
502,147,649
870,706,1576
227,433,660
652,807,1459
972,299,1271
153,764,750
866,527,1393
720,171,891
294,214,508
71,538,609
833,177,1010
827,835,1662
136,194,330
129,204,333
899,861,1760
641,312,953
60,386,446
906,92,998
425,268,693
208,734,942
353,24,377
785,482,1267
723,89,812
181,805,986
358,491,849
266,764,1030
575,642,1217
138,388,526
584,964,291
633,92,725
794,875,1669
464,391,855
567,246,813
401,54,455
186,735,921
123,660,783
64,468,532
203,453,656
745,222,967
671,596,1267
979,857,1836
333,186,519
590,978,1568
629,219,848
902,175,1077
750,437,1187
673,874,1547
655,310,965
563,147,710
170,332,502
719,987,1706
591,876,1467
208,327,535
315,273,588
500,742,1242
754,761,1515
224,165,389
296,253,549
584,340,924
259,591,850
793,510,1303
742,119,861
457,618,1075
881,596,1477
191,584,775
71,165,236
252,682,934
479,777,1256
509,736,1245
502,724,1226
334,141,475
571,968,1539
248,133,381
831,691,1522
100,137,237
406,746,1152
883,55,938
177,38,215
271,779,1050
621,830,1451
906,476,1382
518,884,1402
357,700,1057
757,739,1496
381,683,1064
189,242,431
403,946,1349
857,944,1801
833,787,35
284,309,593
397,660,1057
586,875,1461
328,112,440
355,855,1210
976,215,1191
584,920,1504
95,23,118
658,591,1249
949,747,1696
767,356,1123
94,310,404
283,669,952
523,197,720
843,201,1044
590,425,1015
84,215,299
511,95,606
117,148,265
648,154,802
118,212,330
887,703,1590
983,471,1454
770,676,1446
117,620,737
689,91,780
391,412,803
935,185,1264
738,32,770
740,351,1091
947,541,1488
954,254,1208
637,764,1401
37,300,337
441,389,830
549,13,562
466,666,1132
830,308,1138
106,153,259
288,180,468
291,23,314
699,404,1103
143,944,1087
8,590,598
137,153,290
384,131,1685
605,198,803
375,990,1365
389,859,1248
829,759,1588
1,824,825
732,682,1414
353,131,484
597,508,1105
794,99,893
464,121,585
195,434,629
562,334,896
396,314,710
133,217,350
265,964,1229
760,797,1557
144,493,637
432,126,558
165,490,655
506,284,790
613,634,1247
736,738,1474
441,436,877
22,422,444
129,880,1009
665,967,1632
350,327,677
884,162,1046
700,646,1346
227,718,945
292,33,325
127,17,144
929,926,1855
508,577,1085
655,462,1117
914,805,1719
66,379,445
693,797,1490
380,291,671
176,968,1144
491,861,1352
856,829,1685
444,2,446
568,60,628
816,802,1618
39,212,1866
754,811,1565
235,102,337
282,781,1063
500,165,665
43,557,199
831,744,1575
458,109,567
31,889,920
997,350,1347
474,86,560
43,418,461
252,55,307
234,340,574
48,832,880
369,993,1362
282,503,785
820,410,1230
720,201,1157
445,186,631
880,540,1420
457,436,893
610,259,869
209,123,332
341,203,544
822,893,1715
621,412,1033
829,941,1770
944,260,1204
910,403,1313
152,80,232
65,537,602
141,716,857
19,32,51
272,412,684
102,318,420
641,603,138
814,119,933
602,497,1099
127,935,1062
20,766,786
599,241,840
964,565,1529
732,576,1308
878,724,1602
276,587,510
683,724,1407
803,176,1250
623,513,1207
304,662,966
841,508,1349
404,802,1206
504,654,1158
66,203,269
449,701,1150
424,391,815
767,299,1066
929,391,1320
152,221,373
975,50,1025
584,272,856
850,178,1028
447,187,634
705,990,1695
605,609,1214
582,933,1515
625,456,1081
68,728,796
270,169,439
868,978,1846
26,219,245
527,471,998
553,864,1417
91,420,511
162,676,838
28,645,673
642,265,907
953,923,1876
966,996,1962
240,378,618
768,629,1397
609,516,1125
798,598,1396
150,918,1068
999,455,1454
748,856,1604
640,601,1241
950,677,1627
834,840,1674
993,559,1552
915,266,1181
141,164,305
462,969,1431
364,534,898
949,238,1187
450,995,1445
448,954,353
63,831,1106
47,428,475
484,682,1166
862,184,1046
389,576,965
609,412,1021
663,684,1347
161,523,684
690,836,1526
810,169,979
433,573,1006
154,474,628
401,592,993
686,952,1638
680,650,1330
44,602,646
730,120,850
809,90,899
433,115,548
45,506,551
657,254,911
290,690,980
707,566,1273
341,740,1081
109,797,906
594,817,1411
674,686,1360
186,299,485
906,619,1525
718,655,1373
624,385,1009
254,737,991
626,439,927
523,319,842
454,11,465
346,104,450
163,955,1118
778,248,1026
416,281,697
128,0,128
587,983,1570
227,272,499
545,713,1258
628,42,670
140,264,404
154,770,924
616,589,1205
22,638,660
91,307,398
849,115,964
774,742,1516
677,773,1450
655,834,1489
840,894,1734
417,110,527
486,736,1222
0,349,349
254,44,298
328,569,897
410,340,750
717,22,739
368,928,1296
768,309,1077
268,127,395
439,325,764
893,197,1090
280,28,308
426,411,837
481,773,1254
918,933,1851
66,790,856
716,264,980
586,771,1357
42,559,601
929,746,820
472,853,1325
99,278,377
277,423,700
107,806,913
334,637,971
403,641,1044
271,559,830
679,551,1230
937,254,1191
595,405,1000
562,450,1012
518,390,908
705,913,1618
335,348,683
321,822,1143
113,127,240
739,613,1352
59,865,924
489,369,858
951,390,1341
45,359,404
485,80,565
745,63,808
610,550,1160
568,826,1394
431,321,752
999,726,1725
102,527,629
335,381,716
388,497,50
608,671,1279
308,826,1134
543,994,1537
183,48,231
385,384,769
280,804,1084
882,570,1452
441,509,950
334,808,1142
165,14,179
953,318,1271
885,372,1257
453,348,801
29,584,613
975,315,1290
987,226,1213
518,824,1342
435,133,568
801,378,1179
414,896,1310
133,874,1007
788,428,1216
296,55,351
647,342,989
355,234,589
9,711,720
435,164,599
121,179,300
185,986,1171
462,438,900
489,710,1199
318,410,728
323,627,950
28,106,134
287,726,1013
94,381,475
872,515,1387
257,546,803
654,397,1051
6,778,784
549,15,564
602,528,1130
492,728,1220
572,130,702
81,177,258
903,964,1867
953,804,1757
953,821,1774
138,735,873
269,873,1142
831,435,1266
747,113,860
54,208,262
234,753,987
490,350,840
354,713,1067
395,887,1282
49,472,521
997,838,1835
377,271,648
179,317,496
687,570,1257
238,515,753
259,370,629
972,274,1384
967,439,1406
668,376,1044
478,346,824
890,201,1091
78,114,192
198,157,355
458,292,750
629,783,1412
1000,503,1503
635,751,1386
86,461,547
792,407,1199
248,680,928
656,694,1350
501,173,1776
852,568,1420
701,173,874
919,486,1405
12,670,682
820,867,1687
802,396,1198
846,42,888
731,650,1381
395,623,1018
235,332,567
515,849,1364
639,915,1554
868,235,1103
12,36,48
883,716,1599
758,106,864
732,893,1625
485,517,1002
926,68,994
353,176,529
260,938,1198
368,267,635
54,845,899
839,547,1386
704,67,771
634,222,856
803,565,1368
657,702,1359
932,819,1751
328,246,574
126,150,276
983,514,1497
261,895,1156
395,823,1218
593,435,1028
540,526,1066
906,908,1814
613,62,675
322,492,814
136,857,993
280,859,1139
140,259,399
37,829,866
746,612,1358
986,390,1376
179,274,453
208,851,1059
231,606,837
533,241,774
811,105,916
115,661,776
511,30,541
836,160,996
580,215,795
529,887,1416
50,728,778
946,217,1163
124,45,169
15,189,204
910,2,1416
534,395,929
388,117,61
520,861,1381
687,888,1575
821,692,1513
395,124,171
837,302,1139
392,815,1207
63,939,1002
919,566,1485
326,665,991
966,87,1053
773,48,821
282,431,713
784,876,1660
141,199,340
418,887,1305
323,852,1175
100,35,1501
791,17,808
769,413,1182
3,378,381
285,966,1251
760,602,1362
854,76,930
924,705,886
995,918,1913
432,275,707
13,926,939
938,379,1317
88,725,813
860,913,1773
230,288,915
554,331,885
628,837,1465
605,275,880
480,42,522
15,376,391
778,199,977
561,207,768
144,386,530
581,578,1159
163,397,560
803,15,818
552,443,995
532,919,1451
121,483,604
698,676,1374
800,629,1429
31,379,410
439,184,623
864,79,943
918,386,1217
242,129,178
135,441,576
782,367,1149
986,646,1632
572,850,1422
389,15,404
80,566,646
779,966,1745
585,377,962
963,74,1037
369,343,712
994,980,1974
498,467,965
92,687,779
499,303,802
189,802,991
554,689,1243
660,564,1224
94,623,717
412,962,1374
272,181,453
617,965,1582
524,601,1125
54,830,884
935,905,1840
748,375,1123
135,107,242
354,697,1051
497,853,1350
326,445,771
129,2,131
144,129,273
375,508,883
727,588,1503
50,64,114
224,947,1171
350,419,769
54,470,524
847,139,986
885,481,1366
515,166,681
625,335,960
906,806,1712
59,91,150
667,968,1635
529,187,716
268,734,1002
92,139,231
74,398,472
555,946,1501
790,382,134
60,805,865
575,656,1231
971,60,1031
588,380,968
625,182,807
907,826,1733
835,672,1507
190,437,627
901,44,945
232,969,1201
812,451,1263
583,139,722
33,473,506
440,607,1047
15,4,19
262,927,1189
669,88,757
587,804,1391
728,335,1063
232,830,1062
816,581,1397
423,607,1030
218,885,1103
352,134,486
285,979,1264
118,423,541
90,982,1072
738,527,1265
1000,485,1485
318,830,1148
218,923,1141
792,72,680
46,157,203
574,679,1253
227,701,928
479,913,1392
994,902,1896
745,368,1113
536,782,1318
247,345,592
155,430,585
415,882,1297
558,445,879
458,198,656
224,734,958
912,306,1218
515,199,714
990,181,1171
233,391,624
816,929,1745
870,305,1175
141,553,684
54,456,510
949,283,1232
402,368,770
343,360,703
983,406,1389
578,187,765
9,608,1918
341,923,1264
109,43,152
716,316,1032
682,614,1296
239,102,341
102,473,575
963,397,1360
703,19,722
824,302,1126
455,698,1153
703,719,1422
649,24,673
635,379,1014
322,837,1159
274,715,989
698,181,879
914,84,998
186,448,634
803,812,1615
365,892,1257
10,161,171
777,831,1608
51,80,131
345,219,564
952,187,1139
355,989,1344
702,702,1404
450,648,1098
347,32,379
44,978,1022
102,783,885
195,864,1059
609,563,724
725,760,1485
374,659,472
682,769,1451
49,9,58
294,980,1274
221,993,1214
738,12,750
918,592,1510
284,356,640
32,899,931
46,518,564
995,778,1773
73,555,628
628,931,1559
226,669,895
630,631,1261
982,558,1540
778,768,1546
382,702,1084
150,46,196
72,34,106
986,498,1484
591,13,604
407,584,991
935,930,1865
60,75,135
734,449,1183
45,796,841
247,490,737
711,696,1407
911,979,1890
198,583,781
314,594,908
383,882,1265
2,402,404
386,776,1162
160,342,502
223,164,387
848,11,859
217,388,605
133,920,1053
292,108,400
260,188,448
642,191,833
586,719,1305
224,808,1032
338,876,1214
15,754,769
585,40,625
913,431,1344
47,364,411
652,782,1434
569,935,1504
259,248,1815
924,119,1043
402,454,856
139,631,770
288,917,1205
980,998,1978
467,342,809
576,569,1145
556,461,1017
579,881,1460
175,607,782
789,433,1222
404,47,451
863,246,1109
823,903,1726
8,905,913
468,378,846
191,79,270
474,911,1220
129,1,130
117,93,210
862,165,1027
769,563,387
441,717,1158
101,662,763
742,676,1418
361,928,1289
804,127,931
931,500,1431
702,374,1076
444,108,552
515,447,962
380,340,720
83,747,830
320,582,902
706,996,1702
720,707,1427
569,529,103
768,791,1559
242,490,732
827,716,1543
221,68,289
384,623,1007
520,930,1450
920,176,1096
282,339,621
318,887,1205
98,526,624
739,772,1511
1,55,56
218,629,847
130,640,770
234,138,372
159,60,219
284,285,569
285,670,955
134,946,1080
537,765,1302
431,997,1428
368,591,959
200,717,259
753,642,1395
130,36,166
51,283,334
712,152,864
134,133,267
509,367,876
130,712,842
249,381,630
42,920,962
133,515,648
343,907,519
405,201,1689
58,352,410
609,236,845
450,467,917
407,924,1331
625,550,1175
786,72,858
667,165,832
91,425,516
832,702,1534
75,480,555
885,622,1935
162,596,758
543,223,766
804,29,833
862,988,1850
840,282,1122
396,401,797
581,83,664
207,961,1168
498,14,512
375,415,790
377,992,1369
861,992,1853
471,976,1447
912,41,953
717,403,1120
86,584,670
403,370,773
310,595,905
781,802,1583
671,37,708
441,400,841
701,313,1014
193,734,927
426,352,1325
619,385,1004
194,132,326
394,137,531
854,120,974
991,150,1141
804,420,1224
941,848,1789
963,670,1633
328,272,600
103,695,798
525,651,1176
40,546,586
971,608,1579
632,100,732
952,417,1369
245,741,986
840,728,1568
615,584,1199
269,225,494
346,824,1170
137,737,874
288,969,1257
980,191,1171
682,58,740
241,230,471
972,207,1179
35,828,863
79,80,159
374,868,1242
511,415,1472
273,378,651
797,745,1542
706,577,1283
511,338,849
411,600,1011
737,816,1553
739,790,1529
938,650,1588
204,369,573
447,379,826
877,277,1154
953,745,1698
514,391,905
65,441,506
287,129,416
351,292,643
548,714,1262
586,340,926
959,633,1592
313,520,833
349,189,538
610,146,756
962,380,1342
406,309,715
186,115,301
245,13,258
282,139,421
795,734,1529
121,272,393
125,955,1080
53,683,736
666,557,1223
253,811,1064
963,425,1388
308,795,1103
316,218,534
57,463,520
225,673,898
231,106,337
697,925,1093
661,702,1363
507,962,1469
364,941,1305
954,123,1077
747,562,1309
938,954,1892
325,160,485
835,992,1827
756,917,1673
910,927,1837
471,265,736
696,666,1362
510,49,559
198,658,856
890,663,1553
692,25,717
420,815,1235
759,840,1599
926,455,1381
135,591,726
698,331,1029
199,479,570
932,63,995
47,947,994
717,365,1082
833,449,1282
64,25,89
376,333,709
674,46,1885
155,495,650
182,746,928
316,190,506
678,867,1545
122,435,616
232,990,1222
810,126,936
222,781,1003
825,642,1467
506,168,674
203,124,327
637,354,991
157,530,687
180,928,1108
615,660,1275
743,646,1389
802,252,1054
736,382,1118
360,847,1207
675,699,1374
240,151,391
655,709,1364
453,232,685
194,915,1109
622,178,744
873,485,1358
848,915,1763
227,800,1027
132,232,364
89,519,608
35,480,515
929,50,979
470,46,516
398,621,1019
982,123,1105
826,162,988
204,390,28
503,127,630
102,362,464
975,843,1818
227,914,1141
694,573,1267
187,723,910
879,504,1383
862,645,1507
724,780,1504
880,264,1144
489,205,694
771,268,1039
214,993,1207
707,156,863
165,941,1106
17,649,666
622,299,921
157,354,511
686,878,1564
157,734,891
701,646,1347
182,751,933
414,58,472
840,909,1749
345,216,561
50,921,971
853,918,1771
739,490,1229
250,68,318
117,544,661
406,700,1106
282,107,389
6,497,503
234,877,1111
312,790,1102
575,331,906
909,675,1584
793,394,1187
676,58,734
293,679,972
584,848,1432
672,374,1046
321,748,1069
487,46,533
257,582,839
178,959,1137
68,377,445
1000,737,1737
79,579,658
689,350,1039
278,17,295
686,93,779
384,606,990
605,328,933
508,366,874
61,488,549
830,140,345
445,999,1444
15,72,87
667,508,1175
746,677,1423
314,75,389
585,249,834
440,927,1367
413,473,886
662,464,1126
579,977,1556
220,75,295
502,914,1416
81,817,898
788,189,977
667,398,1065
28,471,499
712,590,1302
547,636,1183
557,430,987
860,652,1512
963,646,1609
921,937,1858
316,207,523
93,645,738
336,316,652
976,524,1500
804,592,1396
186,238,424
46,162,208
70,360,430
793,357,1150
387,278,665
576,655,1231
943,290,1233
728,51,861
991,574,1565
313,316,629
780,445,1225
304,586,890
460,945,1405
963,91,1054
206,394,600
436,707,1143
263,878,1141
23,416,439
322,715,1037
203,38,241
395,998,1393
436,631,1067
475,451,926
903,650,1553
366,140,506
389,228,617
50,711,761
477,736,753
358,112,470
164,473,637
211,436,647
80,873,953
296,938,1234
870,573,1443
781,343,1124
357,944,1301
673,445,1118
995,338,1333
895,922,1817
299,763,1062
726,263,989
810,918,1728
124,405,529
617,603,1220
622,248,870
967,878,1845
592,461,1053
588,902,1490
419,270,1554
692,856,1548
574,175,749
48,607,655
430,131,561
488,740,1228
589,685,1274
657,789,1446
596,878,1474
102,255,357
990,8,998
778,584,1362
62,707,769
881,490,1371
490,334,824
872,531,1403
293,645,938
422,379,801
819,599,1418
796,128,20
43,309,352
443,868,1311
951,65,1016
625,228,853
842,28,870
754,895,1649
139,797,936
751,884,1635
879,402,1281
541,723,1264
194,338,532
643,693,1336
986,2,988
440,994,1434
944,587,1531
967,70,1037
369,565,934
265,712,977
397,226,623
228,956,1184
379,49,428
303,911,1214
848,417,1265
686,758,1444
878,254,1132
468,299,767
416,212,628
19,308,327
461,731,1192
516,759,1275
820,673,1493
841,553,1394
33,565,598
972,666,1638
724,918,1642
881,287,1168
596,982,1578
907,824,1731
662,678,1340
448,910,1358
476,269,745
38,309,347
326,59,385
549,812,1361
375,969,331
834,572,1406
287,432,719
185,459,644
747,893,1640
776,163,939
136,532,668
638,812,1450
139,16,155
410,587,997
220,209,429
235,22,257
259,418,677
69,751,820
686,922,1608
467,373,840
10,448,458
145,794,939
624,355,979
322,255,577
58,177,235
379,215,594
964,925,1889
236,752,988
788,264,1052
174,240,554
733,939,1672
134,47,181
303,469,772
995,818,1813
759,816,1575
789,16,805
734,166,900
677,816,1493
53,902,955
449,833,1282
423,938,1361
676,904,1580
747,794,1541
851,939,1790
651,707,1358
844,266,1110
637,805,1442
958,882,1840
270,51,321
655,554,1209
893,942,1835
807,693,1500
151,347,498
953,65,1018
324,613,1957
598,800,1398
394,403,797
288,729,1017
519,742,1261
969,253,1222
642,192,834
787,963,1750
190,102,292
88,48,136
468,989,1457
241,713,954
704,566,1270
940,760,1700
685,938,1623
920,75,995
50,883,933
298,710,1288
954,230,1184
360,106,466
634,632,1266
363,182,545
752,907,1659
112,505,617
179,145,324
968,397,1365
255,225,480
186,167,1755
296,153,449
384,180,564
328,701,1029
605,900,1505
870,981,1851
199,757,956
708,552,1260
207,999,1206
309,453,762
853,18,871
860,531,1391
613,594,1207
12,277,289
823,170,766
628,699,1327
519,700,1219
626,784,1410
194,806,1000
508,263,771
925,186,1111
649,673,1322
970,898,1868
324,424,748
189,463,652
485,326,811
163,933,1096
157,17,174
907,408,1315
85,145,230
137,28,165
586,742,1328
154,606,760
73,330,403
977,951,1928
223,43,266
325,323,648
717,595,1312
446,250,696
737,831,1568
418,176,594
740,303,1043
976,184,772
77,343,420
638,526,1369
564,347,911
209,741,950
670,551,1221
41,44,85
547,872,1419
721,876,1597
838,657,1495
870,155,1025
848,177,1025
381,767,1148
678,933,1611
728,381,1109
890,445,1335
548,511,1059
305,915,1563
596,112,708
268,569,837
398,316,714
768,136,904
689,0,795
181,583,764
937,954,1891
653,537,1190
851,321,1172
794,754,1548
653,411,1064
891,408,1299
793,763,1556
445,741,1186
303,674,977
625,144,769
446,828,1274
76,197,273
312,706,1018
291,167,458
544,222,766
115,288,403
960,523,1483
581,791,1372
886,114,1000
883,629,1512
845,778,1623
624,608,1232
284,589,873
98,667,765
715,203,918
562,20,582
896,442,1338
21,755,776
172,723,11
356,958,1314
165,552,717
557,405,962
98,3,101
47,334,381
276,250,526
920,240,1160
1,957,958
705,165,870
862,829,1691
675,797,1472
626,63,689
407,546,953
167,842,1009
446,955,1401
232,181,413
910,211,1121
513,624,1137
689,808,1497
208,219,427
417,921,1338
517,344,861
904,646,1550
934,830,1764
786,412,1198
465,107,572
565,312,877
111,0,111
194,158,352
810,160,970
231,734,965
101,689,790
520,748,1268
357,919,1276
754,614,1368
64,541,605
725,960,1685
963,717,1951
917,493,1410
97,666,1547
644,740,1384
595,171,1840
956,551,1507
876,669,1545
253,788,1041
130,478,608
979,419,1398
940,515,1455
360,993,1353
593,873,1466
252,554,806
358,676,1034
752,691,1466
841,749,1590
400,385,785
976,841,1817
393,782,1175
890,362,1252
96,141,237
209,315,524
607,579,1186
166,351,517
616,279,895
643,651,910
755,305,1060
593,882,1475
455,274,729
146,783,929
433,604,1037
311,64,375
587,633,1220
22,575,1601
609,468,1077
696,509,1205
360,702,1062
584,291,875
77,976,1053
821,622,1443
867,309,1176
473,248,721
469,531,1000
351,211,562
595,549,1144
109,389,498
598,546,593
323,10,333
170,678,848
825,403,1228
334,988,1322
855,908,1763
167,408,575
469,40,509
296,566,862
62,18,80
183,277,460
258,367,625
788,226,1796
552,586,1138
895,681,1576
337,494,831
834,553,1387
633,609,1242
268,853,1121
108,566,674
886,242,1895
983,457,1440
937,13,435
47,695,742
399,778,1177
104,606,710
797,610,1407
208,17,225
973,366,1339
99,571,670
578,196,774
554,680,1234
301,442,743
53,514,567
935,738,1673
669,121,790
165,424,589
822,35,1292
768,208,976
909,704,1613
236,277,513
310,972,1282
134,615,749
44,402,446
681,351,1032
572,924,1496
838,938,1776
308,962,290
806,796,1602
331,932,1263
611,446,1057
140,322,462
786,182,968
875,185,1060
8,339,347
954,650,1604
301,450,751
264,510,774
922,398,1320
295,701,996
381,611,992
447,334,781
868,843,1711
547,230,777
500,850,1350
140,294,434
356,223,579
718,848,1566
610,57,510
403,130,533
969,93,1062
69,951,1020
483,242,725
655,146,801
474,506,980
790,277,1067
558,749,1307
354,569,923
691,328,1019
175,185,360
312,174,486
354,143,497
320,103,423
1000,514,1514
377,629,1006
68,56,124
53,541,594
48,371,419
94,264,358
314,275,589
783,374,1157
365,790,1155
448,894,1342
761,873,1634
114,853,967
472,121,593
307,719,1026
584,470,1054
296,867,1163
208,37,245
500,522,1022
227,199,426
222,431,653
806,70,876
245,845,1090
940,615,1555
437,958,971
518,547,1065
831,935,1766
361,813,1174
556,486,1042
292,847,1139
188,323,511
320,185,505
708,313,1021
851,676,1527
335,746,1081
831,825,1656
51,103,154
884,109,993
702,489,1191
285,890,1175
89,752,841
760,387,1147
606,828,1434
954,66,1020
229,214,443
139,601,740
263,909,1172
812,440,1252
927,349,1276
601,588,1189
29,706,98
545,609,1154
491,233,724
544,927,1471
953,700,1653
167,97,264
553,608,1161
534,297,831
174,666,840
283,753,1036
795,529,1324
769,961,1730
686,629,1315
596,379,975
574,932,1506
843,793,1636
336,650,986
356,772,1128
968,530,1498
862,606,1468
146,73,219
597,473,1070
623,676,1299
866,646,1512
839,140,979
553,192,745
929,880,1809
83,473,672
768,594,1362
937,988,1925
336,830,1166
272,813,1085
435,508,943
163,535,698
535,107,642
743,222,965
214,540,754
770,444,1214
116,793,909
251,624,875
503,854,1357
281,967,1248
590,11,601
23,755,778
672,938,1610
863,737,1600
866,170,1036
455,479,934
379,323,702
882,435,1317
599,212,811
808,382,1190
848,672,1520
516,551,1067
772,739,1511
766,12,778
684,326,1010
689,404,1524
124,124,248
806,598,1404
254,981,1235
128,873,1001
485,314,799
886,322,1208
249,740,989
587,60,647
335,846,1181
103,876,979
125,43,168
62,900,962
217,731,948
410,71,481
955,713,1668
543,508,1051
775,411,1186
450,80,530
357,521,878
410,581,991
361,247,608
61,721,683
557,329,886
1000,769,1769
440,92,532
978,298,1276
252,88,340
881,395,1276
245,598,843
190,365,555
898,118,1016
297,252,549
695,628,274
858,520,1378
482,497,979
28,875,903
608,431,1039
665,387,1052
351,936,1287
181,533,714
826,261,1087
836,721,1557
78,35,113
638,713,1351
971,331,1302
209,342,551
837,650,1487
419,848,1267
998,382,1380
38,193,231
559,1,560
219,8,227
498,429,927
137,956,1093
893,104,997
265,692,957
118,541,659
235,606,841
216,948,843
588,816,1014
411,266,677
881,939,1820
621,641,1262
941,3,944
177,517,694
878,284,1162
521,465,986
892,327,1219
359,114,473
242,851,1093
336,550,886
464,139,603
126,464,590
201,21,222
435,825,1260
573,122,695
775,392,1167
840,277,1117
784,848,624
969,213,1182
778,535,1313
519,505,1024
481,453,934
367,984,1351
749,239,988
290,779,1069
14,849,863
238,734,25
637,935,1572
974,357,1331
845,652,1497
992,23,1015
130,405,535
270,806,1076
40,946,986
670,867,1537
890,238,1128
625,35,660
364,461,825
7,274,281
67,20,87
706,506,1212
858,721,1579
578,220,798
380,799,1179
564,658,1222
636,494,1130
316,101,417
945,147,1092
283,557,840
28,601,629
571,486,1057
399,261,660
588,416,1004
181,382,563
507,862,1369
147,189,336
271,852,1123
661,689,1350
429,102,531
848,636,1484
197,312,509
441,101,542
220,51,271
152,559,711
711,668,1379
956,952,1908
35,32,67
798,811,1609
914,821,1735
138,71,209
201,419,620
597,31,952
487,619,1106
61,98,159
139,341,480
576,988,1635
472,221,693
91,194,285
35,670,705
164,95,259
553,832,1385
42,761,803
905,77,982
507,145,652
25,823,848
323,891,1214
792,286,1078
811,114,925
113,583,696
827,987,1814
854,6,860
313,250,563
148,844,992
308,300,608
953,924,1877
369,147,516
406,15,421
185,219,404
276,773,1049
977,750,1727
680,747,556
312,759,1071
816,862,1678
184,384,568
213,690,903
656,640,1296
96,230,326
481,418,899
476,617,1093
737,570,1987
693,137,830
353,847,1200
598,553,1151
391,37,428
108,588,696
327,978,1305
595,944,1539
174,824,998
901,414,1315
719,292,1011
821,548,1369
261,490,751
810,899,1709
526,690,1216
219,474,693
60,929,1076
275,319,594
24,523,547
448,840,1288
999,90,1089
112,585,597
634,866,1500
87,447,534
51,413,464
743,782,1525
843,786,1629
997,206,1203
985,747,1732
853,202,1055
235,285,520
522,447,969
967,973,323
120,229,349
540,420,960
442,191,633
876,9,885
170,204,374
503,702,1205
151,887,1848
336,1,337
779,223,42
18,561,579
254,812,1066
731,412,1143
607,113,720
3,528,531
786,796,1582
92,124,216
415,817,1187
977,876,1853
393,581,974
642,155,797
142,701,843
956,467,1423
595,689,1284
791,591,1382
757,733,1490
397,9,406
750,344,1094
862,973,1835
875,887,1762
435,491,926
397,250,47
943,611,1554
995,603,1598
700,224,924
121,911,1032
855,250,1105
84,951,1035
903,87,990
678,618,1296
378,710,1088
513,144,657
985,824,1809
996,18,1014
266,824,1090
12,70,82
331,780,1111
422,420,658
384,966,1350
611,256,867
911,720,1631
414,442,856
733,54,787
563,141,704
659,738,285
723,788,1511
93,705,798
942,141,1083
525,457,982
785,295,1080
152,984,1136
144,34,178
512,908,1420
268,705,973
139,478,617
934,367,1301
197,421,618
973,952,1925
465,17,178
163,634,797
790,573,1363
564,718,1282
562,118,680
960,71,1031
805,646,1451
354,578,1363
887,913,1800
904,32,936
616,177,793
270,436,706
55,87,142
248,534,782
88,30,118
900,763,1663
205,925,1130
752,947,1699
70,359,429
30,670,700
969,545,1514
11,509,520
445,769,1214
978,834,1812
748,935,1683
264,319,583
47,993,1040
670,181,851
450,429,879
872,649,1521
845,989,1273
90,340,430
374,511,885
817,640,1457
987,749,1736
865,152,1017
358,571,929
85,502,587
547,173,720
325,775,1100
695,129,824
684,975,1659
463,3,466
867,428,1295
396,957,1353
715,801,1516
156,876,1032
78,979,1057
900,452,1352
418,872,1290
522,876,1398
809,638,1447
478,849,1327
163,592,755
212,370,845
998,955,1953
522,310,832
494,308,802
128,240,368
278,831,1109
54,314,368
899,756,1655
560,156,716
154,88,242
652,443,1095
619,755,1374
167,365,532
804,176,818
675,707,1382
289,658,947
784,126,910
727,627,1354
200,559,759
543,150,693
2,877,879
239,314,553
693,600,1293
512,895,1407
825,183,1008
540,529,1069
820,429,1249
414,414,828
792,18,810
100,836,936
44,186,230
834,899,1733
200,672,872
84,821,905
253,883,1450
411,52,463
761,973,1734
4,843,847
508,145,653
747,657,1404
394,54,448
207,167,374
715,206,921
457,563,1020
637,618,1255
50,82,132
282,33,315
214,304,518
486,832,1318
109,768,877
765,101,866
477,780,1257
424,46,470
107,905,1012
397,905,1302
778,962,1740
732,631,1363
52,739,791
100,595,695
865,651,1516
536,336,872
943,9,952
78,210,288
348,228,576
169,723,892
483,944,1427
541,692,1233
454,535,989
482,140,622
613,778,1391
232,479,711
425,108,533
565,706,1271
797,630,1427
854,158,1012
207,693,900
776,602,1378
393,257,650
793,123,916
496,346,842
41,458,499
573,884,1457
924,7,931
293,560,1480
733,562,1295
360,476,836
512,32,1333
263,685,948
198,817,1015
218,897,1115
190,166,356
124,400,524
808,393,1201
781,391,1172
867,466,1333
682,483,1640
453,698,1151
67,447,514
121,251,372
936,953,1889
766,962,1728
145,91,236
753,118,871
916,305,1221
397,74,1900
9,222,231
47,963,1010
664,535,1199
914,800,1714
868,216,1084
711,115,826
886,227,1113
295,554,849
515,67,582
10,308,318
756,435,1191
828,76,904
323,878,1201
150,103,253
72,386,458
373,781,1154
563,397,960
413,730,1143
236,683,919
629,883,1512
317,563,880
3,333,242
901,779,1680
510,430,940
159,502,661
827,599,1426
876,982,1858
483,252,735
328,762,1090
884,113,997
788,78,866
929,504,1433
100,137,237
381,783,1164
518,100,618
265,158,423
961,654,1375
831,612,1443
232,751,983
157,302,459
445,776,1221
378,790,1168
791,473,1264
37,366,403
104,27,131
62,846,908
125,370,495
269,772,1041
544,656,1200
492,680,1172
221,100,321
314,233,547
794,190,984
303,841,1144
308,515,823
722,470,1192
392,51,443
176,340,516
769,403,1172
412,151,563
190,568,758
307,46,353
438,256,694
456,668,1124
699,211,910
968,69,1037
723,211,934
213,744,957
942,410,1352
708,141,849
128,223,351
441,739,1180
486,621,1107
917,687,1604
816,269,1085
958,535,1493
605,695,1300
58,710,768
379,796,1175
6,355,361
703,537,1240
618,790,1408
204,591,795
85,979,1064
610,874,1484
974,263,1237
321,196,517
755,329,1084
59,754,813
609,902,1511
727,347,1074
162,446,608
600,721,1321
247,851,1098
265,150,415
488,215,703
767,857,1624
746,211,957
723,180,903
658,150,808
108,779,887
475,850,1325
908,501,1409
123,991,1114
433,168,601
301,161,462
556,380,936
274,857,1131
590,566,1156
383,179,562
855,435,1290
8,212,220
825,183,1008
920,184,1104
984,582,1566
14,97,111
911,272,1183
407,275,682
79,62,141
25,889,914
475,904,1379
19,943,962
82,409,491
456,908,1364
909,350,1259
963,33,996
203,213,416
855,469,1324
938,286,1224
229,873,1102
827,451,1278
285,801,1086
247,937,1184
552,227,779
33,759,792
951,332,1283
160,902,1062
746,627,1373
563,332,895
618,224,842
230,130,360
161,776,937
553,881,1434
916,586,1502
396,227,623
48,305,353
576,836,1412
128,850,978
429,463,892
339,843,1182
883,170,1053
311,364,675
602,500,1102
766,641,1407
23,463,486
517,879,1396
308,835,1532
507,372,879
866,891,91
558,10,568
944,105,1049
862,864,1726
47,169,216
79,925,1004
845,967,1812
833,243,1076
286,265,551
935,35,970
177,920,1097
980,197,1177
177,6,183
250,366,616
157,829,986
667,824,1491
873,996,1869
633,905,1538
345,290,635
735,699,1434
231,875,1106
516,832,1348
573,291,864
213,638,851
794,251,1045
166,301,467
403,941,1344
436,135,1100
27,355,382
758,551,1309
236,125,361
989,807,1796
276,92,368
593,58,651
341,769,1110
320,929,1249
615,629,1244
57,120,177
990,508,1498
77,492,569
602,380,982
67,928,373
609,793,1402
656,95,751
923,458,1381
815,100,915
185,405,590
719,234,953
381,237,618
131,966,1097
973,280,1253
154,683,837
644,939,1583
392,105,497
145,718,1271
435,123,558
784,234,1169
607,162,769
900,545,1445
322,895,1217
62,195,257
108,64,172
235,880,1115
10,325,335
214,737,951
102,595,697
306,243,549
50,529,579
496,939,1435
653,143,796
619,997,1616
709,759,1468
134,157,291
513,558,1071
838,260,1098
691,329,1020
552,810,1362
184,753,937
7,309,316
494,504,1009
649,391,1040
203,984,1187
240,775,1015
603,571,1174
97,366,463
965,58,1023
478,733,1211
296,983,1279
58,904,962
651,515,1166
367,752,1119
196,849,1045
175,996,1171
716,447,1163
489,138,627
176,18,194
272,407,679
674,598,1272
371,312,683
882,798,1680
326,754,1080
804,599,1403
568,162,730
890,358,217
546,187,733
814,679,1493
415,172,587
307,457,764
421,193,614
257,901,1158
13,92,105
173,811,984
944,280,1224
583,587,1170
11,806,1438
670,427,1097
851,710,1561
137,419,556
268,940,1208
350,847,1197
985,594,1579
198,189,387
856,291,1147
19,734,753
76,51,127
86,588,674
379,781,1160
634,181,815
305,856,1161
88,972,1060
391,872,95
429,988,1083
147,472,619
38,328,366
409,113,522
766,428,1194
56,485,541
891,132,1023
223,725,948
961,362,1172
333,233,566
204,277,481
455,845,1300
150,877,1027
113,210,323
907,202,1109
117,12,129
811,632,1443
729,95,824
306,140,446
732,101,833
282,921,1203
119,937,1056
470,182,652
674,916,1590
370,488,858
915,940,1855
432,879,1311
809,257,1066
184,638,822
838,284,1122
828,71,899
878,348,1226
563,451,177
